id_unidad,clues,clave_presupuestal,nombre_corto,camas_censables_adultos_cirugia,camas_censables_adultos_medicina_interna,camas_censables_adultos_gineco_obstetricia,camas_censables_adultos_total,camas_censables_pediatria_camas,camas_censables_pediatria_cunas,camas_censables_pediatria_incubadoras,camas_censables_pediatria_total,camas_censables_total,camas_transito_urgencias_adultos,camas_transito_urgencias_pediatria,camas_transito_trabajo_de_parto,camas_transito_cuidados_intensivos,camas_transito_recuperacion,camas_transito_cunas,camas_transito_otras,camas_transito_total
U_ISSSTE_01,ASIST000016,001-204-00,HG Aguascalientes,26,32,8,66,5,0,0,5,71,11,4,4,10,18,0,13,60
U_ISSSTE_02,ASIST000021,001-205-00,CMF Aguascalientes,0,0,0,0,0,0,0,0,0,0,0,0,0,0,0,0,0
U_ISSSTE_03,ASIST000050,001-205-01,UMF Calvillo,0,0,0,0,0,0,0,0,0,0,0,0,0,0,0,0,0
U_ISSSTE_04,ASIST000033,001-205-03,UMF Pabellón de Arteaga,0,0,0,0,0,0,0,0,0,0,0,0,0,0,0,0,0
U_ISSSTE_05,ASIST000045,001-205-04,UMF Rincón de Romos,0,0,0,0,0,0,0,0,0,0,0,0,0,0,0,0,0
U_ISSSTE_06,ASIST000074,001-205-05,UMF Villa Juárez,0,0,0,0,0,0,0,0,0,0,0,0,0,0,0,0,0
U_ISSSTE_07,ASIST000103,001-205-08,CAF San José de Gracia,0,0,0,0,0,0,0,0,0,0,0,0,0,0,0,0,0
U_ISSSTE_08,ASIST000115,001-205-09,CAF Cosío,0,0,0,0,0,0,0,0,0,0,0,0,0,0,0,0,0
U_ISSSTE_09,ASIST000120,001-205-10,CAF Palo Alto,0,0,0,0,0,0,0,0,0,0,0,0,0,0,0,0,0
U_ISSSTE_10,ASIST000131,001-205-11,CAF San Francisco de los Romo,0,0,0,0,0,0,0,0,0,0,0,0,0,0,0,0,0
U_ISSSTE_11,ASIST000062,001-206-00,CMF Ojocaliente,0,0,0,0,0,0,0,0,0,0,0,0,0,0,0,0,0
U_ISSSTE_12,BCIST000040,002-204-00,"HG 5 de Diciembre, Mexicali",24,24,10,58,4,5,0,9,67,6,2,2,3,7,0,20,40
U_ISSSTE_13,BCIST000076,002-204-01,UMF Los Algodones,0,0,0,0,0,0,0,0,0,0,0,0,0,0,0,0,0
U_ISSSTE_14,BCIST000052,002-204-02,CAF Estación Delta,0,0,0,0,0,0,0,0,0,0,0,0,0,0,0,0,0
U_ISSSTE_15,BCIST000064,002-204-03,UMF San Felipe,0,0,0,0,0,0,0,0,0,0,0,0,0,0,0,0,0
U_ISSSTE_16,BCIST000011,002-206-00,CH Ensenada,10,12,4,26,1,2,1,4,30,7,0,2,2,2,0,5,18
U_ISSSTE_17,BCIST000023,002-206-02,CAF Isla de Cedros,0,0,0,0,0,0,0,0,0,0,0,0,0,0,0,0,0
U_ISSSTE_18,BCIST000035,002-206-03,UMF San Quintín,0,0,0,0,0,0,0,0,0,0,0,0,0,0,0,3,3
U_ISSSTE_19,BCIST000105,002-206-04,CAF San Vicente,0,0,0,0,0,0,0,0,0,0,0,0,0,0,0,0,0
U_ISSSTE_20,BCIST000110,002-206-05,CAF Valle de la Trinidad,0,0,0,0,0,0,0,0,0,0,0,0,0,0,0,0,0
U_ISSSTE_21,BCIST000122,002-206-08,CAF El Rosario,0,0,0,0,0,0,0,0,0,0,0,0,0,0,0,0,0
U_ISSSTE_22,BCIST000146,002-208-00,CMF Mesa de Otay,0,0,0,0,0,0,0,0,0,0,0,0,0,0,0,0,0
U_ISSSTE_23,BCIST000093,002-209-00,"HG Fray Junípero Serra, Tijuana",14,18,5,37,1,2,1,4,41,6,2,4,2,2,2,9,27
U_ISSSTE_24,BCIST000134,002-209-01,CAF Rosarito,0,0,0,0,0,0,0,0,0,0,0,0,0,0,0,0,0
U_ISSSTE_25,BCIST000081,002-209-02,UMF Tecate,0,0,0,0,0,0,0,0,0,3,0,0,0,0,0,0,3
U_ISSSTE_26,BSIST000014,003-205-00,CH Cd. Constitución,6,6,5,17,2,1,0,3,20,3,2,2,0,2,0,1,10
U_ISSSTE_27,BSIST000113,003-205-01,UMF Loreto,0,0,0,0,0,0,0,0,0,1,0,0,0,0,0,0,1
U_ISSSTE_28,BSIST000130,003-205-02,CAF Puerto Adolfo López Mateos,0,0,0,0,0,0,0,0,0,0,0,0,0,0,0,0,0
U_ISSSTE_29,BSIST000031,003-205-03,UMF Puerto San Carlos,0,0,0,0,0,0,0,0,0,0,0,0,0,1,0,1,2
U_ISSSTE_30,BSIST000166,003-205-04,CAF San Isidro,0,0,0,0,0,0,0,0,0,0,0,0,0,0,0,0,0
U_ISSSTE_31,BSIST000142,003-205-05,CAF San José de Comondú,0,0,0,0,0,0,0,0,0,0,0,0,0,0,0,0,0
U_ISSSTE_32,BSIST000026,003-205-06,UMF Villa Insurgentes,0,0,0,0,0,0,0,0,0,0,0,0,0,1,0,0,1
U_ISSSTE_33,BSIST000154,003-205-07,CAF Ignacio Zaragoza,0,0,0,0,0,0,0,0,0,0,0,0,0,0,0,0,0
U_ISSSTE_34,BSIST000043,003-206-00,CH Santa Rosalía,2,3,2,7,2,0,1,3,10,4,0,0,0,0,0,0,4
U_ISSSTE_35,BSIST000171,003-206-01,CAF Bahía Asunción,0,0,0,0,0,0,0,0,0,0,0,0,0,0,0,0,0
U_ISSSTE_36,BSIST000183,003-206-02,CAF Bahía Tortugas,0,0,0,0,0,0,0,0,0,0,0,0,0,0,0,0,0
U_ISSSTE_37,BSIST000055,003-206-03,UMF Guerrero Negro,0,0,0,0,0,0,0,0,0,3,0,0,0,0,0,0,3
U_ISSSTE_38,BSIST000195,003-206-04,CAF Mulegé,0,0,0,0,0,0,0,0,0,0,0,0,0,0,0,0,0
U_ISSSTE_39,BSIST000200,003-206-05,CAF Punta Abreojos,0,0,0,0,0,0,0,0,0,0,0,0,0,0,0,0,0
U_ISSSTE_40,BSIST000212,003-206-06,CAF San Ignacio,0,0,0,0,0,0,0,0,0,0,0,0,0,0,0,0,0
U_ISSSTE_41,BSIST000060,003-206-07,UMF Sebastián Vizcaíno,0,0,0,0,0,0,0,0,0,0,0,0,0,0,0,0,0
U_ISSSTE_42,BSIST000330,003-207-00,HG La Paz,35,35,11,81,8,1,0,9,90,16,4,3,4,6,4,6,43
U_ISSSTE_43,BSIST000270,003-207-02,CAF El Pescadero,0,0,0,0,0,0,0,0,0,0,0,0,0,0,0,0,0
U_ISSSTE_44,BSIST000265,003-207-03,"CAF UH. FOVISSSTE Catra, La Paz.",0,0,0,0,0,0,0,0,0,0,0,0,0,0,0,0,0
U_ISSSTE_45,BSIST000294,003-207-04,CAF La Ribera,0,0,0,0,0,0,0,0,0,0,0,0,0,0,0,0,0
U_ISSSTE_46,BSIST000241,003-207-05,CAF Los Barriles,0,0,0,0,0,0,0,0,0,0,0,0,0,0,0,0,0
U_ISSSTE_47,BSIST000306,003-207-06,CAF San Antonio,0,0,0,0,0,0,0,0,0,0,0,0,0,0,0,0,0
U_ISSSTE_48,BSIST000282,003-207-07,CAF Miraflores,0,0,0,0,0,0,0,0,0,0,0,0,0,0,0,0,0
U_ISSSTE_49,BSIST000236,003-207-09,CAF San Juan de los Planes,0,0,0,0,0,0,0,0,0,0,0,0,0,0,0,0,0
U_ISSSTE_50,BSIST000311,003-207-10,CAF Santiago,0,0,0,0,0,0,0,0,0,0,0,0,0,0,0,0,0
U_ISSSTE_51,BSIST000084,003-207-11,UMF Todos Santos,0,0,0,0,0,0,0,0,0,0,0,0,0,0,0,0,0
U_ISSSTE_52,BSIST000224,003-207-12,"CAF UH. FOVISSSTE Cihuatán Costa Azul, La Paz",0,0,0,0,0,0,0,0,0,0,0,0,0,0,0,0,0
U_ISSSTE_53,BSIST000253,003-207-13,CAF Las Pocitas,0,0,0,0,0,0,0,0,0,0,0,0,0,0,0,0,0
U_ISSSTE_54,BSIST000101,003-208-00,CH San José del Cabo,3,2,2,7,3,0,0,3,10,4,2,2,0,4,0,0,12
U_ISSSTE_55,BSIST000321,003-209-00,CMF La Paz,0,0,0,0,0,0,0,0,0,0,0,0,0,0,0,0,0
U_ISSSTE_56,BSIST000352,003-211-00,CH Cabo San Lucas,6,6,5,17,3,0,0,3,20,6,3,2,0,4,0,7,22
U_ISSSTE_57,CCIST000021,004-204-00,"CH Dr. Patricio Trueba Regil, Camp.",12,10,10,32,6,0,0,6,38,11,2,3,0,10,4,11,41
U_ISSSTE_58,CCIST000016,004-204-01,UMF Calkiní,0,0,0,0,0,0,0,0,0,0,0,0,0,0,0,0,0
U_ISSSTE_59,CCIST000086,004-204-02,CAF Candelaria,0,0,0,0,0,0,0,0,0,0,0,0,0,0,0,0,0
U_ISSSTE_60,CCIST000045,004-204-03,UMF Champotón,0,0,0,0,0,0,0,0,0,0,0,0,0,0,0,0,0
U_ISSSTE_61,CCIST000074,004-204-04,UMF Escárcega,0,0,0,0,0,0,0,0,0,0,0,0,0,0,0,4,4
U_ISSSTE_62,CCIST000050,004-204-05,UMF Hecelchakán,0,0,0,0,0,0,0,0,0,0,0,0,0,0,0,0,0
U_ISSSTE_63,CCIST000062,004-204-06,UMF Hopelchén,0,0,0,0,0,0,0,0,0,0,0,0,0,0,0,0,0
U_ISSSTE_64,CCIST000091,004-204-07,CAF Seybaplaya,0,0,0,0,0,0,0,0,0,0,0,0,0,0,0,0,0
U_ISSSTE_65,CCIST000115,004-204-08,CAF Tenabo,0,0,0,0,0,0,0,0,0,0,0,0,0,0,0,0,0
U_ISSSTE_66,CCIST000033,004-205-00,CH Cd. del Carmen,4,3,2,9,1,0,0,1,10,1,0,0,0,1,2,9,13
U_ISSSTE_67,CCIST000103,004-205-01,CAF Palizada,0,0,0,0,0,0,0,0,0,0,0,0,0,0,0,0,0
U_ISSSTE_68,CLIST000065,005-206-00,CH Monclova,3,5,4,12,2,3,2,7,19,6,4,3,0,2,5,3,23
U_ISSSTE_69,CLIST000210,005-206-01,CAF Castaños,0,0,0,0,0,0,0,0,0,0,0,0,0,0,0,0,0
U_ISSSTE_70,CLIST000036,005-206-02,UMF Cuatrociénegas de Carranza,0,0,0,0,0,0,0,0,0,0,0,0,0,0,0,0,0
U_ISSSTE_71,CLIST000321,005-206-03,CAF La Esmeralda,0,0,0,0,0,0,0,0,0,0,0,0,0,0,0,0,0
U_ISSSTE_72,CLIST000251,005-206-04,CAF Ocampo,0,0,0,0,0,0,0,0,0,0,0,0,0,0,0,0,0
U_ISSSTE_73,CLIST000304,005-206-05,CAF San Buenaventura,0,0,0,0,0,0,0,0,0,0,0,0,0,0,0,0,0
U_ISSSTE_74,CLIST000094,005-207-00,CH Piedras Negras,4,6,3,13,4,0,0,4,17,3,1,1,0,0,0,0,5
U_ISSSTE_75,CLIST000024,005-207-01,UMF Cd. Allende,0,0,0,0,0,0,0,0,0,0,0,0,0,0,0,0,0
U_ISSSTE_76,CLIST000135,005-207-03,UMF Zaragoza,0,0,0,0,0,0,0,0,0,0,0,0,0,0,0,0,0
U_ISSSTE_77,CLIST000012,005-208-00,CMF Cd. Acuña,0,0,0,0,0,0,0,0,0,0,0,0,0,0,0,1,1
U_ISSSTE_78,CLIST000193,005-209-00,"CH Dr. Francisco Z Cruz, Nueva Rosita",3,3,2,8,1,1,0,2,10,3,2,1,0,1,0,3,10
U_ISSSTE_79,CLIST000070,005-209-01,UMF Cd. Melchor Muzquiz,0,0,0,0,0,0,0,0,0,0,0,0,0,0,0,0,0
U_ISSSTE_80,CLIST000181,005-210-00,"CH Dra. Esperanza Flores Alvarado, Cd. Sabinas",3,4,1,8,2,0,0,2,10,3,0,1,0,2,3,3,12
U_ISSSTE_81,CLIST000111,005-211-00,CH San Pedro de las Colonias,2,5,3,10,2,0,0,2,12,5,3,1,0,0,1,0,10
U_ISSSTE_82,CLIST000041,005-211-01,UMF Francisco I. Madero,0,0,0,0,0,0,0,0,0,0,0,0,0,0,0,0,0
U_ISSSTE_83,CLIST000140,005-216-00,CMFEQ Torreón,0,0,0,0,0,0,0,0,0,0,0,0,0,1,0,0,1
U_ISSSTE_84,CLIST000053,005-216-01,UMF Matamoros,0,0,0,0,0,0,0,0,0,0,0,0,0,0,0,0,0
U_ISSSTE_85,CLIST000333,005-220-00,HG Saltillo,20,20,24,64,8,0,0,8,72,11,1,6,5,10,0,42,75
U_ISSSTE_86,CLIST000222,005-220-01,CAF General Cepeda,0,0,0,0,0,0,0,0,0,0,0,0,0,0,0,0,0
U_ISSSTE_87,CLIST000275,005-220-02,CAF UH. FOVISSSTE Chapultepec,0,0,0,0,0,0,0,0,0,0,0,0,0,0,0,0,0
U_ISSSTE_88,CLIST000292,005-220-05,CAF UHF. Lomas del Bosque,0,0,0,0,0,0,0,0,0,0,0,0,0,0,0,0,0
U_ISSSTE_89,CLIST000263,005-220-06,CAF Ramos Arizpe,0,0,0,0,0,0,0,0,0,0,0,0,0,0,0,0,0
U_ISSSTE_90,CLIST000082,005-220-07,UMF Parras de la Fuente,0,0,0,0,0,0,0,0,0,0,0,0,0,0,0,0,0
U_ISSSTE_91,CLIST000106,005-221-00,CMF Saltillo,0,0,0,0,0,0,0,0,0,0,0,0,0,0,0,0,0
U_ISSSTE_92,CMIST000010,006-204-00,"CH Dr. Miguel Trejo Ochoa, Colima",18,14,9,41,2,2,1,5,46,9,2,1,0,7,2,16,37
U_ISSSTE_93,CMIST000046,006-204-01,CAF Armería,0,0,0,0,0,0,0,0,0,0,0,0,0,0,0,0,0
U_ISSSTE_94,CMIST000051,006-204-02,CAF Minatitlán,0,0,0,0,0,0,0,0,0,0,0,0,0,0,0,0,0
U_ISSSTE_95,CMIST000034,006-204-03,UMF Tecomán,0,0,0,0,0,0,0,0,0,0,0,0,0,0,0,1,1
U_ISSSTE_96,CMIST000022,006-205-00,CH Manzanillo,7,8,3,18,1,0,1,2,20,2,1,0,0,2,0,9,14
U_ISSSTE_97,CSIST000251,007-204-00,"HG Dr. Belisario Domínguez, Tuxtla Gutiérrez.",39,56,13,108,5,3,3,11,119,12,4,8,18,8,0,27,77
U_ISSSTE_98,CSIST000210,007-205-00,"CH Dr. Roberto Nettel F., Tapachula",12,12,6,30,5,0,1,6,36,0,0,1,2,0,0,13,16
U_ISSSTE_99,CSIST000041,007-205-01,UMF Cacahoatán,0,0,0,0,0,0,0,0,0,0,0,0,0,0,0,0,0
U_ISSSTE_100,CSIST000205,007-205-02,UMF Cd. Hidalgo,0,0,0,0,0,0,0,0,0,0,0,0,0,0,0,0,0
U_ISSSTE_101,CSIST000106,007-205-03,UMF Huixtla,0,0,0,0,0,0,0,0,0,0,0,0,0,0,0,0,0
U_ISSSTE_102,CSIST000123,007-205-04,UMF Mapastepec,0,0,0,0,0,0,0,0,0,0,0,0,0,0,0,0,0
U_ISSSTE_103,CSIST000135,007-205-05,UMF Motozintla de Mendoza,0,0,0,0,0,0,0,0,0,0,0,0,0,0,0,3,3
U_ISSSTE_104,CSIST000012,007-205-06,UMF Acapetahua,0,0,0,0,0,0,0,0,0,0,0,0,0,0,0,0,0
U_ISSSTE_105,CSIST000403,007-205-07,CAF Pijijiapan,0,0,0,0,0,0,0,0,0,0,0,0,0,0,0,0,0
U_ISSSTE_106,CSIST000193,007-206-00,CH San Cristóbal de las Casas,2,5,4,11,2,0,0,2,13,7,0,0,0,2,0,0,9
U_ISSSTE_107,CSIST000140,007-206-01,UMF Ocosingo,0,0,0,0,0,0,0,0,0,0,0,0,0,0,0,1,1
U_ISSSTE_108,CSIST000275,007-206-03,UMF Yajalón,0,0,0,0,0,0,0,0,0,0,0,0,0,0,0,1,1
U_ISSSTE_109,CSIST000181,007-206-04,UMF Salto de Agua,0,0,0,0,0,0,0,0,0,0,0,0,0,0,0,0,0
U_ISSSTE_110,CSIST000350,007-206-05,CAF Altamirano,0,0,0,0,0,0,0,0,0,0,0,0,0,0,0,0,0
U_ISSSTE_111,CSIST000065,007-207-00,CH Comitán de Domínguez,4,5,5,14,4,0,0,4,18,3,0,0,0,0,0,5,8
U_ISSSTE_112,CSIST000094,007-207-01,UMF Frontera Comalapa,0,0,0,0,0,0,0,0,0,0,0,0,0,0,0,0,0
U_ISSSTE_113,CSIST000391,007-207-02,UMF Las Margaritas,0,0,0,0,0,0,0,0,0,0,0,0,0,0,0,0,0
U_ISSSTE_114,CSIST000246,007-208-00,CMF Tuxtla Gutiérrez,0,0,0,0,0,0,0,0,0,0,0,0,0,0,0,0,0
U_ISSSTE_115,CSIST000024,007-208-01,UMF Arriaga,0,0,0,0,0,0,0,0,0,0,0,0,0,0,0,0,0
U_ISSSTE_116,CSIST000036,007-208-02,UMF Bochil,0,0,0,0,0,0,0,0,0,0,0,0,0,0,0,0,0
U_ISSSTE_117,CSIST000053,007-208-03,UMF Cintalapa de Figueroa,0,0,0,0,0,0,0,0,0,0,0,0,0,0,0,0,0
U_ISSSTE_118,CSIST000070,007-208-05,UMF Copainalá,0,0,0,0,0,0,0,0,0,0,0,0,0,0,0,0,0
U_ISSSTE_119,CSIST000082,007-208-06,UMF Chiapa de Corzo,0,0,0,0,0,0,0,0,0,0,0,0,0,0,0,0,0
U_ISSSTE_120,CSIST000111,007-208-08,UMF Jiquipilas,0,0,0,0,0,0,0,0,0,0,0,0,0,0,0,0,0
U_ISSSTE_121,CSIST000152,007-208-09,UMF Ocozocoautla de Espinosa,0,0,0,0,0,0,0,0,0,0,0,0,0,0,0,0,0
U_ISSSTE_122,CSIST000176,007-208-11,UMF Pichucalco,0,0,0,0,0,0,0,0,0,0,0,0,0,0,0,3,3
U_ISSSTE_123,CSIST000222,007-208-16,UMF Tapilula,0,0,0,0,0,0,0,0,0,0,0,0,0,0,0,0,0
U_ISSSTE_124,CSIST000234,007-208-17,UMF Tonalá,0,0,0,0,0,0,0,0,0,0,0,0,0,0,0,0,0
U_ISSSTE_125,CSIST000304,007-208-18,CAF Venustiano Carranza,0,0,0,0,0,0,0,0,0,0,0,0,0,0,0,0,0
U_ISSSTE_126,CSIST000263,007-208-20,UMF Villa Flores,0,0,0,0,0,0,0,0,0,0,0,0,0,0,0,0,0
U_ISSSTE_127,CSIST000432,007-208-22,CMCT Palacio Federal (Tuxtla Gutiérrez),0,0,0,0,0,0,0,0,0,0,0,0,0,0,0,0,0
U_ISSSTE_128,CSIST000444,007-208-23,CMCT SAGARPA,0,0,0,0,0,0,0,0,0,0,0,0,0,0,0,0,0
U_ISSSTE_129,CSIST000456,007-208-24,CMCT Bienestar,0,0,0,0,0,0,0,0,0,0,0,0,0,0,0,0,0
U_ISSSTE_130,CSIST000461,007-208-25,CMCT SECH (SEF),0,0,0,0,0,0,0,0,0,0,0,0,0,0,0,0,0
U_ISSSTE_131,CSIST000321,007-208-26,CAF Reforma,0,0,0,0,0,0,0,0,0,0,0,0,0,0,0,0,0
U_ISSSTE_132,CSIST000473,007-208-28,CAF UH. FOVISSSTE Paraíso,0,0,0,0,0,0,0,0,0,0,0,0,0,0,0,0,0
U_ISSSTE_133,CSIST000420,007-208-30,CAF Simojovel,0,0,0,0,0,0,0,0,0,0,0,0,0,0,0,0,0
U_ISSSTE_134,CSIST000362,007-208-32,CAF Berriozábal,0,0,0,0,0,0,0,0,0,0,0,0,0,0,0,0,0
U_ISSSTE_135,CSIST000490,007-208-33,CAF Villa Corzo,0,0,0,0,0,0,0,0,0,0,0,0,0,0,0,0,0
U_ISSSTE_136,CSIST000514,007-211-00,CH Palenque ,4,4,4,12,1,2,0,3,15,4,2,1,2,2,2,0,13
U_ISSSTE_137,CHIST000030,008-204-00,"HG Presidente Gral. Lázaro Cárdenas, Chihuahua",38,33,7,78,9,1,0,10,88,9,1,3,6,5,1,11,36
U_ISSSTE_138,CHIST000310,008-204-01,CAF Dr. Belisario Domínguez,0,0,0,0,0,0,0,0,0,0,0,0,0,0,0,0,0
U_ISSSTE_139,CHIST000182,008-204-04,CAF Villa Aldama,0,0,0,0,0,0,0,0,0,0,0,0,0,0,0,0,0
U_ISSSTE_140,CHIST000153,008-204-08,UMF Ojinaga,0,0,0,0,0,0,0,0,0,1,0,0,0,0,0,0,1
U_ISSSTE_141,CHIST000112,008-205-00,HG Cd. Juárez,25,22,12,59,7,2,3,12,71,7,1,3,8,4,7,7,37
U_ISSSTE_142,CHIST000515,008-206-00,CH Cd. Delicias,4,8,5,17,4,1,1,6,23,8,4,4,0,7,3,12,38
U_ISSSTE_143,CHIST000095,008-207-00,CH Hidalgo del Parral,6,8,3,17,2,0,0,2,19,6,3,0,0,2,0,0,11
U_ISSSTE_144,CHIST000223,008-207-01,CAF Balleza,0,0,0,0,0,0,0,0,0,0,0,0,0,0,0,0,0
U_ISSSTE_145,CHIST000334,008-207-03,CAF Guadalupe y Calvo,0,0,0,0,0,0,0,0,0,0,0,0,0,0,0,0,0
U_ISSSTE_146,CHIST000066,008-207-04,UMF Guachochi,0,0,0,0,0,0,0,0,0,0,0,0,0,0,0,1,1
U_ISSSTE_147,CHIST000450,008-207-05,CAF San Francisco del Oro,0,0,0,0,0,0,0,0,0,0,0,0,0,0,0,0,0
U_ISSSTE_148,CHIST000462,008-207-06,CAF Santa Bárbara,0,0,0,0,0,0,0,0,0,0,0,0,0,0,0,0,0
U_ISSSTE_149,CHIST000194,008-207-07,CAF Valle de Allende,0,0,0,0,0,0,0,0,0,0,0,0,0,0,0,0,0
U_ISSSTE_150,CHIST000491,008-207-08,CAF Valle de Zaragoza,0,0,0,0,0,0,0,0,0,0,0,0,0,0,0,0,0
U_ISSSTE_151,CHIST000136,008-207-09,UMF Villa Matamoros,0,0,0,0,0,0,0,0,0,0,0,0,0,0,0,0,0
U_ISSSTE_152,CHIST000100,008-207-13,UMF Cd. Jiménez,0,0,0,0,0,0,0,0,0,1,1,0,0,3,0,1,6
U_ISSSTE_153,CHIST000025,008-210-00,CH Cd. Cuauhtémoc,2,5,2,9,1,0,0,1,10,3,0,2,0,2,1,2,10
U_ISSSTE_154,CHIST000474,008-210-01,CAF Bahuichivo,0,0,0,0,0,0,0,0,0,0,0,0,0,0,0,0,0
U_ISSSTE_155,CHIST000404,008-210-03,CAF El Terrero,0,0,0,0,0,0,0,0,0,0,0,0,0,0,0,0,0
U_ISSSTE_156,CHIST000305,008-210-04,CAF Chínipas,0,0,0,0,0,0,0,0,0,0,0,0,0,0,0,0,0
U_ISSSTE_157,CHIST000240,008-210-06,CAF San Juanito,0,0,0,0,0,0,0,0,0,0,0,0,0,0,0,0,0
U_ISSSTE_158,CHIST000392,008-210-09,CAF Matachí,0,0,0,0,0,0,0,0,0,0,0,0,0,0,0,0,0
U_ISSSTE_159,CHIST000071,008-210-10,UMF Adolfo López Mateos (La Junta),0,0,0,0,0,0,0,0,0,0,0,0,0,0,0,0,0
U_ISSSTE_160,CHIST000083,008-210-11,UMF Cd. Guerrero,0,0,0,0,0,0,0,0,0,0,0,0,0,0,0,0,0
U_ISSSTE_161,CHIST000124,008-210-13,UMF Madera,0,0,0,0,0,0,0,0,0,0,0,0,0,0,0,0,0
U_ISSSTE_162,CHIST000346,008-210-16,CAF Tomochi,0,0,0,0,0,0,0,0,0,0,0,0,0,0,0,0,0
U_ISSSTE_163,PENDIENTE,008-210-17,CAF Gómez Farias,0,0,0,0,0,0,0,0,0,0,0,0,0,0,0,0,0
U_ISSSTE_164,CHIST000416,008-210-18,CAF Óscar Soto Maynez,0,0,0,0,0,0,0,0,0,0,0,0,0,0,0,0,0
U_ISSSTE_165,CHIST000276,008-210-19,CAF Carichí,0,0,0,0,0,0,0,0,0,0,0,0,0,0,0,0,0
U_ISSSTE_166,CHIST000235,008-210-20,CAF Creel,0,0,0,0,0,0,0,0,0,0,0,0,0,0,0,0,0
U_ISSSTE_167,CHIST000380,008-210-21,CAF El Largo Maderal,0,0,0,0,0,0,0,0,0,0,0,0,0,0,0,0,0
U_ISSSTE_168,CHIST000486,008-210-23,CAF San Rafael Urique,0,0,0,0,0,0,0,0,0,0,0,0,0,0,0,0,0
U_ISSSTE_169,CHIST000520,008-210-25,CAF Témoris,0,0,0,0,0,0,0,0,0,0,0,0,0,0,0,0,0
U_ISSSTE_170,CHIST000363,008-211-00,CMF Cd. Juárez,0,0,0,0,0,0,0,0,0,0,0,0,0,0,0,0,0
U_ISSSTE_171,CHIST000211,008-211-01,CAF Ascensión,0,0,0,0,0,0,0,0,0,0,0,0,0,0,0,0,0
U_ISSSTE_172,CHIST000445,008-211-03,CAF Praxedis G. Guerrero,0,0,0,0,0,0,0,0,0,0,0,0,0,0,0,0,0
U_ISSSTE_173,CHIST000206,008-211-04,CAF Gral. Rodrigo M. Quevedo (Palomas),0,0,0,0,0,0,0,0,0,0,0,0,0,0,0,0,0
U_ISSSTE_174,CHIST000141,008-211-05,UMF Nuevo Casas Grandes,0,0,0,0,0,0,0,0,0,0,0,0,0,0,0,2,2
U_ISSSTE_175,CHIST000170,008-211-06,CAF Villa Ahumada,0,0,0,0,0,0,0,0,0,0,0,0,0,0,0,0,0
U_ISSSTE_176,CHIST000264,008-211-07,CAF Ricardo Flores Magón,0,0,0,0,0,0,0,0,0,0,0,0,0,0,0,0,0
U_ISSSTE_177,CHIST000252,008-211-08,CAF Valle de San Buenaventura,0,0,0,0,0,0,0,0,0,0,0,0,0,0,0,0,0
U_ISSSTE_178,CHIST000351,008-211-09,CAF Ignacio Zaragoza,0,0,0,0,0,0,0,0,0,0,0,0,0,0,0,0,0
U_ISSSTE_179,CHIST000054,008-213-00,CMF Cd. Delicias,0,0,0,0,0,0,0,0,0,0,0,0,0,0,0,0,0
U_ISSSTE_180,CHIST000165,008-213-02,UMF Saucillo,0,0,0,0,0,0,0,0,0,0,0,0,0,0,0,0,0
U_ISSSTE_181,CHIST000013,008-213-03,UMF Cd. Camargo,0,0,0,0,0,0,0,0,0,0,0,0,0,0,0,0,0
U_ISSSTE_182,CHIST000293,008-217-00,CMF Chihuahua,0,0,0,0,0,0,0,0,0,0,0,0,0,0,0,0,0
U_ISSSTE_183,DGIST000042,010-204-00,"HG Dr. Santiago Ramon y Cajal, Dgo.",38,40,15,93,12,0,0,12,105,17,7,5,6,8,18,25,86
U_ISSSTE_184,DGIST000346,010-205-00,CMF Cd. Lerdo,0,0,0,0,0,0,0,0,0,0,0,0,0,0,0,0,0
U_ISSSTE_185,DGIST000054,010-206-00,CH Gómez Palacio,17,25,10,52,15,0,0,15,67,11,3,0,9,8,7,7,45
U_ISSSTE_186,DGIST000025,010-206-01,UMF Cuencamé,0,0,0,0,0,0,0,0,0,0,0,0,0,0,0,0,0
U_ISSSTE_187,DGIST000136,010-206-03,UMF Rodeo,0,0,0,0,0,0,0,0,0,0,0,0,0,0,0,0,0
U_ISSSTE_188,DGIST000100,010-206-05,UMF Las Nieves,0,0,0,0,0,0,0,0,0,0,0,0,0,0,0,0,0
U_ISSSTE_189,DGIST000071,010-206-06,UMF Mapimí,0,0,0,0,0,0,0,0,0,0,0,0,0,0,0,0,0
U_ISSSTE_190,DGIST000083,010-206-07,UMF Paso Nacional,0,0,0,0,0,0,0,0,0,0,0,0,0,0,0,0,0
U_ISSSTE_191,DGIST000380,010-206-08,CAF Peñón Blanco,0,0,0,0,0,0,0,0,0,0,0,0,0,0,0,0,0
U_ISSSTE_192,DGIST000416,010-206-09,CAF San Juan de Guadalupe,0,0,0,0,0,0,0,0,0,0,0,0,0,0,0,0,0
U_ISSSTE_193,DGIST000112,010-206-10,UMF Santa María del Oro,0,0,0,0,0,0,0,0,0,0,0,0,0,0,0,0,0
U_ISSSTE_194,DGIST000170,010-206-11,UMF Tlahualilo de Zaragoza,0,0,0,0,0,0,0,0,0,0,0,0,0,0,0,0,0
U_ISSSTE_195,DGIST000363,010-206-12,CAF Cd. Juárez,0,0,0,0,0,0,0,0,0,0,0,0,0,0,0,0,0
U_ISSSTE_196,DGIST000404,010-206-13,CAF Santa Clara,0,0,0,0,0,0,0,0,0,0,0,0,0,0,0,0,0
U_ISSSTE_197,DGIST000351,010-206-14,CAF Bermejillo,0,0,0,0,0,0,0,0,0,0,0,0,0,0,0,0,0
U_ISSSTE_198,DGIST000433,010-206-15,CAF General Simón Bolívar,0,0,0,0,0,0,0,0,0,0,0,0,0,0,0,0,0
U_ISSSTE_199,DGIST000450,010-206-16,CAF San Bernardo,0,0,0,0,0,0,0,0,0,0,0,0,0,0,0,0,0
U_ISSSTE_200,DGIST000030,010-207-00,CMF Durango,0,0,0,0,0,0,0,0,0,0,0,0,0,0,0,0,0
U_ISSSTE_201,DGIST000013,010-207-01,UMF Canatlán de las Manzanas,0,0,0,0,0,0,0,0,0,0,0,0,0,0,0,0,0
U_ISSSTE_202,DGIST000206,010-207-02,CAF Canelas,0,0,0,0,0,0,0,0,0,0,0,0,0,0,0,0,0
U_ISSSTE_203,DGIST000124,010-207-03,UMF El Salto,0,0,0,0,0,0,0,0,0,0,0,0,0,0,0,0,0
U_ISSSTE_204,DGIST000223,010-207-04,CAF Francisco I. Madero,0,0,0,0,0,0,0,0,0,0,0,0,0,0,0,0,0
U_ISSSTE_205,DGIST000066,010-207-05,UMF Guadalupe Victoria,0,0,0,0,0,0,0,0,0,0,0,0,0,0,0,0,0
U_ISSSTE_206,DGIST000235,010-207-06,CAF Guanaceví,0,0,0,0,0,0,0,0,0,0,0,0,0,0,0,0,0
U_ISSSTE_207,DGIST000445,010-207-07,UMF José Guadalupe Aguilera,0,0,0,0,0,0,0,0,0,0,0,0,0,0,0,0,0
U_ISSSTE_208,DGIST000095,010-207-08,UMF Nombre de Dios,0,0,0,0,0,0,0,0,0,0,0,0,0,0,0,0,0
U_ISSSTE_209,DGIST000194,010-207-09,UMF Nuevo Ideal,0,0,0,0,0,0,0,0,0,0,0,0,0,0,0,0,0
U_ISSSTE_210,DGIST000141,010-207-10,UMF San Juan del Río,0,0,0,0,0,0,0,0,0,0,0,0,0,0,0,0,0
U_ISSSTE_211,DGIST000281,010-207-11,CAF San Lucas de Ocampo,0,0,0,0,0,0,0,0,0,0,0,0,0,0,0,0,0
U_ISSSTE_212,DGIST000153,010-207-12,UMF Santiago Papasquíaro,0,0,0,0,0,0,0,0,0,0,0,0,0,0,0,0,0
U_ISSSTE_213,DGIST000293,010-207-13,CAF Súchil,0,0,0,0,0,0,0,0,0,0,0,0,0,0,0,0,0
U_ISSSTE_214,DGIST000305,010-207-14,CAF Tamazula de Victoria,0,0,0,0,0,0,0,0,0,0,0,0,0,0,0,0,0
U_ISSSTE_215,DGIST000310,010-207-15,CAF Tayoltita,0,0,0,0,0,0,0,0,0,0,0,0,0,0,0,0,0
U_ISSSTE_216,DGIST000165,010-207-16,UMF Tepehuanes,0,0,0,0,0,0,0,0,0,0,0,0,0,0,0,0,0
U_ISSSTE_217,DGIST000322,010-207-17,CAF Topia,0,0,0,0,0,0,0,0,0,0,0,0,0,0,0,0,0
U_ISSSTE_218,DGIST000182,010-207-18,UMF Vicente Guerrero,0,0,0,0,0,0,0,0,0,0,0,0,0,0,0,0,0
U_ISSSTE_219,DGIST000334,010-207-19,UMF Villa Unión,0,0,0,0,0,0,0,0,0,0,0,0,0,0,0,0,0
U_ISSSTE_220,DGIST000240,010-207-26,CAF Los Remedios,0,0,0,0,0,0,0,0,0,0,0,0,0,0,0,0,0
U_ISSSTE_221,DGIST000252,010-207-29,CAF El Mezquital,0,0,0,0,0,0,0,0,0,0,0,0,0,0,0,0,0
U_ISSSTE_222,GTIST000086,011-204-00,CH Irapuato,15,24,9,48,4,0,0,4,52,8,2,3,0,4,0,4,21
U_ISSSTE_223,GTIST000016,011-204-01,UMF Abasolo,0,0,0,0,0,0,0,0,0,0,0,0,0,0,0,0,0
U_ISSSTE_224,GTIST000260,011-204-02,CAF Cuerámaro,0,0,0,0,0,0,0,0,0,0,0,0,0,0,0,0,0
U_ISSSTE_225,GTIST000103,011-204-03,UMF Moroleón,0,0,0,0,0,0,0,0,0,0,0,0,0,0,0,0,0
U_ISSSTE_226,GTIST000115,011-204-04,UMF Pénjamo,0,0,0,0,0,0,0,0,0,0,0,0,0,0,0,0,0
U_ISSSTE_227,GTIST000185,011-204-05,UMF Uriangato,0,0,0,0,0,0,0,0,0,0,0,0,0,0,0,0,0
U_ISSSTE_228,GTIST000190,011-204-06,UMF Valle de Santiago,0,0,0,0,0,0,0,0,0,0,0,0,0,0,0,0,0
U_ISSSTE_229,GTIST000202,011-204-07,UMF Yuriria,0,0,0,0,0,0,0,0,0,0,0,0,0,0,0,0,0
U_ISSSTE_230,GTIST000243,011-204-08,UMF Cd. Manuel Doblado,0,0,0,0,0,0,0,0,0,0,0,0,0,0,0,0,0
U_ISSSTE_231,GTIST000313,011-204-09,CAF Romita,0,0,0,0,0,0,0,0,0,0,0,0,0,0,0,0,0
U_ISSSTE_232,GTIST000144,011-204-10,UMF San Francisco del Rincón,0,0,0,0,0,0,0,0,0,0,0,0,0,0,0,0,0
U_ISSSTE_233,GTIST000325,011-205-00,CMF Salamanca,0,0,0,0,0,0,0,0,0,0,0,0,0,0,0,3,3
U_ISSSTE_234,GTIST000074,011-206-00,"CH Guanajuato, Gto.",14,20,12,46,8,0,0,8,54,6,1,4,1,4,0,0,16
U_ISSSTE_235,GTIST000062,011-206-01,UMF Dolores Hidalgo,0,0,0,0,0,0,0,0,0,0,0,0,0,0,0,0,0
U_ISSSTE_236,GTIST000330,011-206-02,CAF San Diego de la Unión,0,0,0,0,0,0,0,0,0,0,0,0,0,0,0,0,0
U_ISSSTE_237,GTIST000161,011-206-03,UMF San Luís de La Paz,0,0,0,0,0,0,0,0,0,0,0,0,0,0,0,0,0
U_ISSSTE_238,GTIST000156,011-206-04,UMF San José Iturbide,0,0,0,0,0,0,0,0,0,0,0,0,0,0,0,0,0
U_ISSSTE_239,GTIST000383,011-206-05,CAF Tierra Blanca,0,0,0,0,0,0,0,0,0,0,0,0,0,0,0,0,0
U_ISSSTE_240,GTIST000395,011-206-06,UMF Villa Victoria,0,0,0,0,0,0,0,0,0,0,0,0,0,0,0,0,0
U_ISSSTE_241,GTIST000272,011-206-07,CAF Dr. Mora,0,0,0,0,0,0,0,0,0,0,0,0,0,0,0,0,0
U_ISSSTE_242,GTIST000412,011-206-08,CAF Xichú,0,0,0,0,0,0,0,0,0,0,0,0,0,0,0,0,0
U_ISSSTE_243,GTIST000301,011-206-09,CAF Ocampo,0,0,0,0,0,0,0,0,0,0,0,0,0,0,0,0,0
U_ISSSTE_244,GTIST000132,011-206-10,UMF San Felipe Torres Mochas,0,0,0,0,0,0,0,0,0,0,0,0,0,0,0,1,1
U_ISSSTE_245,GTIST000173,011-206-11,UMF Silao,0,0,0,0,0,0,0,0,0,0,0,0,0,0,0,0,0
U_ISSSTE_246,GTIST000045,011-207-00,CH Celaya,14,22,6,42,3,0,0,3,45,18,0,2,0,5,0,0,25
U_ISSSTE_247,GTIST000021,011-207-01,UMF Acámbaro,0,0,0,0,0,0,0,0,0,0,0,0,0,0,0,0,0
U_ISSSTE_248,GTIST000214,011-207-02,UMF Apaseo el Alto,0,0,0,0,0,0,0,0,0,0,0,0,0,0,0,0,0
U_ISSSTE_249,GTIST000226,011-207-03,UMF Apaseo el Grande,0,0,0,0,0,0,0,0,0,0,0,0,0,0,0,0,0
U_ISSSTE_250,GTIST000255,011-207-04,UMF Comonfort,0,0,0,0,0,0,0,0,0,0,0,0,0,0,0,0,0
U_ISSSTE_251,GTIST000050,011-207-05,UMF Cortázar,0,0,0,0,0,0,0,0,0,0,0,0,0,0,0,0,0
U_ISSSTE_252,GTIST000284,011-207-06,CAF Jaral del Progreso,0,0,0,0,0,0,0,0,0,0,0,0,0,0,0,0,0
U_ISSSTE_253,GTIST000296,011-207-07,CAF Jerécuaro,0,0,0,0,0,0,0,0,0,0,0,0,0,0,0,0,0
U_ISSSTE_254,GTIST000342,011-207-08,UMF Juventino Rosas,0,0,0,0,0,0,0,0,0,0,0,0,0,0,0,0,0
U_ISSSTE_255,GTIST000231,011-207-09,CAF Roque,0,0,0,0,0,0,0,0,0,0,0,0,0,0,0,0,0
U_ISSSTE_256,GTIST000120,011-207-10,UMF Salvatierra,0,0,0,0,0,0,0,0,0,0,0,0,0,0,0,0,0
U_ISSSTE_257,GTIST000033,011-207-11,UMF San Miguel de Allende,0,0,0,0,0,0,0,0,0,0,0,0,0,0,0,0,0
U_ISSSTE_258,GTIST000354,011-207-12,CAF Santiago Maravatío,0,0,0,0,0,0,0,0,0,0,0,0,0,0,0,0,0
U_ISSSTE_259,GTIST000366,011-207-13,CAF Tarandacuao,0,0,0,0,0,0,0,0,0,0,0,0,0,0,0,0,0
U_ISSSTE_260,GTIST000371,011-207-14,CAF Tarimoro,0,0,0,0,0,0,0,0,0,0,0,0,0,0,0,0,0
U_ISSSTE_261,GTIST000400,011-207-15,UMF Villagrán,0,0,0,0,0,0,0,0,0,0,0,0,0,0,0,0,0
U_ISSSTE_262,GTIST000423,011-209-00,CMFEQ León,0,0,0,0,0,0,0,0,0,0,0,0,0,0,0,0,0
U_ISSSTE_263,GRIST000112,012-205-00,CH Chilpancingo de los Bravo,13,13,19,45,2,4,5,11,56,10,7,4,2,4,0,6,33
U_ISSSTE_264,GRIST000100,012-205-01,UMF Chilapa de Álvarez,0,0,0,0,0,0,0,0,0,0,0,0,0,0,0,0,0
U_ISSSTE_265,GRIST000450,012-205-02,UMF Mochitlán,0,0,0,0,0,0,0,0,0,0,0,0,0,0,0,0,0
U_ISSSTE_266,GRIST000124,012-205-03,UMF El Ocotito,0,0,0,0,0,0,0,0,0,0,0,0,0,0,0,0,0
U_ISSSTE_267,GRIST000182,012-205-04,UMF Olinalá,0,0,0,0,0,0,0,0,0,0,0,0,0,0,0,0,0
U_ISSSTE_268,GRIST000170,012-205-05,UMF Tierra Colorada,0,0,0,0,0,0,0,0,0,0,0,0,0,0,0,0,0
U_ISSSTE_269,GRIST000281,012-205-06,UMF Tixtla de Guerrero,0,0,0,0,0,0,0,0,0,0,0,0,0,0,0,0,0
U_ISSSTE_270,GRIST000136,012-205-09,UMF Huamuxtitlán,0,0,0,0,0,0,0,0,0,0,0,0,0,0,0,0,0
U_ISSSTE_271,GRIST000433,012-205-10,CAF Malinaltepec,0,0,0,0,0,0,0,0,0,0,0,0,0,0,0,0,0
U_ISSSTE_272,GRIST000503,012-205-13,CAF Iliatenco,0,0,0,0,0,0,0,0,0,0,0,0,0,0,0,0,0
U_ISSSTE_273,GRIST000153,012-206-00,CH Iguala de la Independencia,19,19,12,50,6,0,1,7,57,6,4,4,0,10,3,14,41
U_ISSSTE_274,GRIST000030,012-206-01,UMF Ajuchitlán del Progreso,0,0,0,0,0,0,0,0,0,0,0,0,0,0,0,0,0
U_ISSSTE_275,GRIST000363,012-206-03,UMF Apaxtla de Castrejón,0,0,0,0,0,0,0,0,0,0,0,0,0,0,0,0,0
U_ISSSTE_276,GRIST000042,012-206-04,UMF Arcelia,0,0,0,0,0,0,0,0,0,0,0,0,0,0,0,0,0
U_ISSSTE_277,GRIST000380,012-206-05,CAF Buenavista de Cuéllar,0,0,0,0,0,0,0,0,0,0,0,0,0,0,0,0,0
U_ISSSTE_278,GRIST000095,012-206-06,UMF Coyuca de Catalán,0,0,0,0,0,0,0,0,0,0,0,0,0,0,0,0,0
U_ISSSTE_279,GRIST000404,012-206-07,CAF Cutzamala de Pinzón,0,0,0,0,0,0,0,0,0,0,0,0,0,0,0,0,0
U_ISSSTE_280,GRIST000141,012-206-08,UMF Huitzuco de los Figueroa,0,0,0,0,0,0,0,0,0,0,0,0,0,0,0,0,0
U_ISSSTE_281,GRIST000276,012-206-09,UMF Teloloapan,0,0,0,0,0,0,0,0,0,0,0,0,0,0,0,0,0
U_ISSSTE_282,GRIST000305,012-206-10,UMF Tlapehuala,0,0,0,0,0,0,0,0,0,0,0,0,0,0,0,0,0
U_ISSSTE_283,GRIST000491,012-206-12,CAF Zirándaro,0,0,0,0,0,0,0,0,0,0,0,0,0,0,0,0,0
U_ISSSTE_284,GRIST000252,012-206-13,UMF Taxco de Alarcón,0,0,0,0,0,0,0,0,0,0,0,0,0,0,0,0,0
U_ISSSTE_285,GRIST000194,012-207-00,CMFEQ Ometepec,0,0,0,0,0,0,0,0,0,0,0,0,0,1,0,1,2
U_ISSSTE_286,GRIST000013,012-208-00,CMF Acapulco,0,0,0,0,0,0,0,0,0,0,0,0,0,0,0,0,0
U_ISSSTE_287,GRIST000310,012-208-01,UMF Lic. Adolfo López Mateos,0,0,0,0,0,0,0,0,0,0,0,0,0,0,0,0,0
U_ISSSTE_288,GRIST000054,012-208-02,UMF Atoyac de Álvarez,0,0,0,0,0,0,0,0,0,0,0,0,0,0,0,0,0
U_ISSSTE_289,GRIST000322,012-208-03,CAF Cd. Renacimiento,0,0,0,0,0,0,0,0,0,0,0,0,0,0,0,0,0
U_ISSSTE_290,GRIST000066,012-208-04,UMF Ayutla de los Libres,0,0,0,0,0,0,0,0,0,0,0,0,0,0,0,0,0
U_ISSSTE_291,GRIST000083,012-208-05,UMF Coyuca de Benítez,0,0,0,0,0,0,0,0,0,0,0,0,0,0,0,0,0
U_ISSSTE_292,GRIST000416,012-208-06,CAF Cruz Grande,0,0,0,0,0,0,0,0,0,0,0,0,0,0,0,0,0
U_ISSSTE_293,GRIST000392,012-208-07,UMF Cuajinicuilapa,0,0,0,0,0,0,0,0,0,0,0,0,0,0,0,0,0
U_ISSSTE_294,GRIST000240,012-208-10,UMF Las Vigas,0,0,0,0,0,0,0,0,0,0,0,0,0,0,0,0,0
U_ISSSTE_295,GRIST000071,012-208-11,UMF Marquelia,0,0,0,0,0,0,0,0,0,0,0,0,0,0,0,0,0
U_ISSSTE_296,GRIST000206,012-208-12,UMF Petatlán,0,0,0,0,0,0,0,0,0,0,0,0,0,0,0,0,0
U_ISSSTE_297,GRIST000375,012-208-13,CAF San Jerónimo de Juárez,0,0,0,0,0,0,0,0,0,0,0,0,0,0,0,0,0
U_ISSSTE_298,GRIST000223,012-208-14,UMF San Luis Acatlán,0,0,0,0,0,0,0,0,0,0,0,0,0,0,0,0,0
U_ISSSTE_299,GRIST000235,012-208-15,UMF San Marcos,0,0,0,0,0,0,0,0,0,0,0,0,0,0,0,0,0
U_ISSSTE_300,GRIST000474,012-208-16,UMF Tecoanapa,0,0,0,0,0,0,0,0,0,0,0,0,0,0,0,0,0
U_ISSSTE_301,GRIST000351,012-208-18,CAF Xaltianguis,0,0,0,0,0,0,0,0,0,0,0,0,0,0,0,0,0
U_ISSSTE_302,GRIST000165,012-208-19,UMF Zihuatanejo,0,0,0,0,0,0,0,0,0,0,0,0,0,0,0,0,0
U_ISSSTE_303,GRIST000334,012-208-20,CAF UHF. Acapulco,0,0,0,0,0,0,0,0,0,0,0,0,0,0,0,0,0
U_ISSSTE_304,GRIST000346,012-208-21,CAF UHF. Vicente Guerrero 200,0,0,0,0,0,0,0,0,0,0,0,0,0,0,0,0,0
U_ISSSTE_305,GRIST000211,012-209-00,CMFEQ Cd. Altamirano,0,0,0,0,0,0,0,0,0,5,0,0,0,1,0,1,7
U_ISSSTE_306,GRIST000264,012-210-00,CMFEQ Técpan de Galeana,0,0,0,0,0,0,0,0,0,0,0,0,0,0,1,8,9
U_ISSSTE_307,GRIST000293,012-212-00,CMFEQ Tlapa de Comonfort,0,0,0,0,0,0,0,0,0,0,0,0,0,2,0,5,7
U_ISSSTE_308,HGIST000106,013-204-00,"HG Dra. Columba Rivera Osorio, Pachuca",26,36,10,72,4,5,1,10,82,38,5,8,12,9,0,40,112
U_ISSSTE_309,HGIST000065,013-205-00,CH Ixmiquilpan,4,4,2,10,1,0,0,1,11,3,0,2,0,3,0,4,12
U_ISSSTE_310,HGIST000053,013-205-03,UMF Huichapan,0,0,0,0,0,0,0,0,0,0,0,0,0,0,0,0,0
U_ISSSTE_311,HGIST000205,013-205-04,UMF Jacala,0,0,0,0,0,0,0,0,0,0,0,0,0,0,0,0,0
U_ISSSTE_312,HGIST000234,013-205-06,CAF Nopala,0,0,0,0,0,0,0,0,0,0,0,0,0,0,0,0,0
U_ISSSTE_313,HGIST000275,013-205-08,UMF Tasquillo,0,0,0,0,0,0,0,0,0,0,0,0,0,0,0,0,0
U_ISSSTE_314,HGIST000280,013-205-09,UMF Tecozautla,0,0,0,0,0,0,0,0,0,0,0,0,0,0,0,0,0
U_ISSSTE_315,HGIST000362,013-205-10,CAF Zimapán,0,0,0,0,0,0,0,0,0,0,0,0,0,0,0,0,0
U_ISSSTE_316,HGIST000140,013-206-00,CMF Tulancingo,0,0,0,0,0,0,0,0,0,0,0,0,0,3,0,1,4
U_ISSSTE_317,HGIST000292,013-206-02,CAF Tenango de Doria,0,0,0,0,0,0,0,0,0,0,0,0,0,0,0,0,0
U_ISSSTE_318,HGIST000041,013-207-00,CH Huejutla de Reyes,8,9,6,23,3,0,0,3,26,4,1,2,0,8,1,25,41
U_ISSSTE_319,HGIST000193,013-207-01,CAF Huautla,0,0,0,0,0,0,0,0,0,0,0,0,0,0,0,0,0
U_ISSSTE_320,HGIST000246,013-207-02,CAF San Felipe Orizatlán,0,0,0,0,0,0,0,0,0,0,0,0,0,0,0,0,0
U_ISSSTE_321,HGIST000321,013-207-03,UMF Tlanchinol,0,0,0,0,0,0,0,0,0,0,0,0,0,0,0,0,0
U_ISSSTE_322,HGIST000176,013-207-05,CAF Calnali,0,0,0,0,0,0,0,0,0,0,0,0,0,0,0,0,0
U_ISSSTE_323,HGIST000094,013-207-06,UMF Molango,0,0,0,0,0,0,0,0,0,0,0,0,0,4,0,0,4
U_ISSSTE_324,HGIST000345,013-207-09,CAF Xochicoatlán,0,0,0,0,0,0,0,0,0,0,0,0,0,0,0,0,0
U_ISSSTE_325,HGIST000181,013-207-12,CAF Chapulhuacán,0,0,0,0,0,0,0,0,0,0,0,0,0,0,0,0,0
U_ISSSTE_326,HGIST000082,013-208-00,CMF Mixquiahuala,0,0,0,0,0,0,0,0,0,0,0,0,0,0,0,4,4
U_ISSSTE_327,HGIST000036,013-208-01,UMF Tepatepec,0,0,0,0,0,0,0,0,0,0,0,0,0,0,0,0,0
U_ISSSTE_328,HGIST000111,013-208-02,UMF Tepeji del Río,0,0,0,0,0,0,0,0,0,0,0,0,0,0,0,0,0
U_ISSSTE_329,HGIST000316,013-208-03,UMF Tezontepec de Aldama,0,0,0,0,0,0,0,0,0,0,0,0,0,0,0,0,0
U_ISSSTE_330,HGIST000333,013-208-04,UMF Tlaxcoapan,0,0,0,0,0,0,0,0,0,0,0,0,0,0,0,0,0
U_ISSSTE_331,HGIST000135,013-208-05,UMF Tula de Allende,0,0,0,0,0,0,0,0,0,0,0,0,0,0,0,0,0
U_ISSSTE_332,HGIST000386,013-210-00,CMFE Pachuca,0,0,0,0,0,0,0,0,0,0,0,0,0,0,0,0,0
U_ISSSTE_333,HGIST000012,013-210-01,UMF Actopan,0,0,0,0,0,0,0,0,0,0,0,0,0,0,0,0,0
U_ISSSTE_334,HGIST000024,013-210-02,UMF Apan,0,0,0,0,0,0,0,0,0,0,0,0,0,0,0,0,0
U_ISSSTE_335,HGIST000164,013-210-03,CAF Atotonilco el Grande,0,0,0,0,0,0,0,0,0,0,0,0,0,0,0,0,0
U_ISSSTE_336,HGIST000070,013-210-04,UMF Metztitlán,0,0,0,0,0,0,0,0,0,0,0,0,0,0,0,0,0
U_ISSSTE_337,HGIST000210,013-210-05,UMF Mineral del Monte,0,0,0,0,0,0,0,0,0,0,0,0,0,0,0,0,0
U_ISSSTE_338,HGIST000304,013-210-06,UMF Tepeapulco,0,0,0,0,0,0,0,0,0,0,0,0,0,0,0,0,0
U_ISSSTE_339,HGIST000123,013-210-07,UMF Tizayuca,0,0,0,0,0,0,0,0,0,0,0,0,0,0,0,0,0
U_ISSSTE_340,HGIST000152,013-210-08,UMF Zacualtipán,0,0,0,0,0,0,0,0,0,0,0,0,0,0,0,0,0
U_ISSSTE_341,HGIST000350,013-210-09,CAF Zapotlán de Juárez,0,0,0,0,0,0,0,0,0,0,0,0,0,0,0,0,0
U_ISSSTE_342,HGIST000251,013-210-10,CMCT Servicio Geológico Mexicano (Los Arcos),0,0,0,0,0,0,0,0,0,0,0,0,0,0,0,0,0
U_ISSSTE_343,HGIST000263,013-210-11,CMCT Pensionados y Jubilados (ISSSTE),0,0,0,0,0,0,0,0,0,0,0,0,0,0,0,0,0
U_ISSSTE_344,JCIST000074,014-204-00,"CMF Dr. Arturo Glez, Guadalajara No. 1",0,0,0,0,0,0,0,0,0,0,0,0,0,0,0,0,0
U_ISSSTE_345,JCIST000161,014-204-01,UMF Ahualulco de Mercado,0,0,0,0,0,0,0,0,0,0,0,0,0,0,0,0,0
U_ISSSTE_346,JCIST000016,014-204-02,UMF Ameca,0,0,0,0,0,0,0,0,0,0,0,0,0,0,0,0,0
U_ISSSTE_347,JCIST000272,014-204-03,CAF Colotlán,0,0,0,0,0,0,0,0,0,0,0,0,0,0,0,0,0
U_ISSSTE_348,JCIST000820,014-204-04,CAF Villa Guerrero,0,0,0,0,0,0,0,0,0,0,0,0,0,0,0,0,0
U_ISSSTE_349,JCIST000511,014-204-05,CAF Magdalena,0,0,0,0,0,0,0,0,0,0,0,0,0,0,0,0,0
U_ISSSTE_350,JCIST000680,014-204-06,CAF Tala,0,0,0,0,0,0,0,0,0,0,0,0,0,0,0,0,0
U_ISSSTE_351,JCIST000342,014-204-07,CMCT Palacio Federal (Guadalajara),0,0,0,0,0,0,0,0,0,0,0,0,0,0,0,0,0
U_ISSSTE_352,JCIST000436,014-204-08,CAF Huejúcar,0,0,0,0,0,0,0,0,0,0,0,0,0,0,0,0,0
U_ISSSTE_353,JCIST000144,014-204-09,CAF Tequila,0,0,0,0,0,0,0,0,0,0,0,0,0,0,0,0,0
U_ISSSTE_354,JCIST000330,014-204-10,CAF Etzatlán,0,0,0,0,0,0,0,0,0,0,0,0,0,0,0,0,0
U_ISSSTE_355,JCIST000441,014-204-11,CAF Huejuquilla El Alto,0,0,0,0,0,0,0,0,0,0,0,0,0,0,0,0,0
U_ISSSTE_356,JCIST000354,014-204-12,CMCT FSTSE (Guadalajara),0,0,0,0,0,0,0,0,0,0,0,0,0,0,0,0,0
U_ISSSTE_357,JCIST000185,014-204-14,CAF El Arenal,0,0,0,0,0,0,0,0,0,0,0,0,0,0,0,0,0
U_ISSSTE_358,JCIST000226,014-204-15,CAF Bolaños,0,0,0,0,0,0,0,0,0,0,0,0,0,0,0,0,0
U_ISSSTE_359,JCIST000540,014-204-16,CAF Mezquitic,0,0,0,0,0,0,0,0,0,0,0,0,0,0,0,0,0
U_ISSSTE_360,JCIST000296,014-204-17,CAF Cuquío,0,0,0,0,0,0,0,0,0,0,0,0,0,0,0,0,0
U_ISSSTE_361,JCIST000366,014-205-00,CMF Guadalajara No. 2,0,0,0,0,0,0,0,0,0,0,0,0,0,0,0,0,0
U_ISSSTE_362,JCIST000091,014-205-02,UMF Tecolotlán,0,0,0,0,0,0,0,0,0,0,0,0,0,0,0,0,0
U_ISSSTE_363,JCIST000050,014-205-04,UMF Cocula,0,0,0,0,0,0,0,0,0,0,0,0,0,0,0,0,0
U_ISSSTE_364,JCIST000856,014-205-09,CAF UHF. Estatuto Jurídico Tuzania,0,0,0,0,0,0,0,0,0,0,0,0,0,0,0,0,0
U_ISSSTE_365,JCIST000371,014-205-10,CAF UH. FOVISSSTE Miravalle,0,0,0,0,0,0,0,0,0,0,0,0,0,0,0,0,0
U_ISSSTE_366,JCIST000383,014-205-11,CMCT Secretaría de Educación del Estado de Jalisco-SEP,0,0,0,0,0,0,0,0,0,0,0,0,0,0,0,0,0
U_ISSSTE_367,JCIST000156,014-205-15,CAF Acatlán de Juárez,0,0,0,0,0,0,0,0,0,0,0,0,0,0,0,0,0
U_ISSSTE_368,JCIST000651,014-205-16,CAF San Martín Hidalgo,0,0,0,0,0,0,0,0,0,0,0,0,0,0,0,0,0
U_ISSSTE_369,JCIST000844,014-205-19,CAF Zacoalco de Torres,0,0,0,0,0,0,0,0,0,0,0,0,0,0,0,0,0
U_ISSSTE_370,JCIST000885,014-205-20,CMCT SAT,0,0,0,0,0,0,0,0,0,0,0,0,0,0,0,0,0
U_ISSSTE_371,JCIST000890,014-205-21,CMCT TFJA,0,0,0,0,0,0,0,0,0,0,0,0,0,0,0,0,0
U_ISSSTE_372,JCIST000901,014-205-22,CAF Guachinango,0,0,0,0,0,0,0,0,0,0,0,0,0,0,0,0,0
U_ISSSTE_373,JCIST000931,014-205-24,CMCT Sindicato Nacional de Trabajadores de la Secretaría de Salud,0,0,0,0,0,0,0,0,0,0,0,0,0,0,0,0,0
U_ISSSTE_374,JCIST000395,014-206-00,CMF Guadalajara No. 3,0,0,0,0,0,0,0,0,0,0,0,0,0,0,0,0,0
U_ISSSTE_375,JCIST000465,014-206-01,UMF Atequiza,0,0,0,0,0,0,0,0,0,0,0,0,0,0,0,0,0
U_ISSSTE_376,JCIST000301,014-206-02,CAF Chapala,0,0,0,0,0,0,0,0,0,0,0,0,0,0,0,0,0
U_ISSSTE_377,JCIST000494,014-206-03,CAF Jocotepec,0,0,0,0,0,0,0,0,0,0,0,0,0,0,0,0,0
U_ISSSTE_378,JCIST000033,014-206-04,UMF La Barca,0,0,0,0,0,0,0,0,0,0,0,0,0,0,0,0,0
U_ISSSTE_379,JCIST000564,014-206-05,UMF Ocotlán,0,0,0,0,0,0,0,0,0,0,0,0,0,0,0,0,0
U_ISSSTE_380,JCIST000861,014-206-06,CAF Zapotlanejo,0,0,0,0,0,0,0,0,0,0,0,0,0,0,0,0,0
U_ISSSTE_381,JCIST000190,014-206-07,CAF Atotonilco el Alto,0,0,0,0,0,0,0,0,0,0,0,0,0,0,0,0,0
U_ISSSTE_382,JCIST000115,014-206-08,UMF Tepatitlán de Morelos,0,0,0,0,0,0,0,0,0,0,0,0,0,0,0,0,0
U_ISSSTE_383,JCIST000622,014-206-09,CAF El Salto,0,0,0,0,0,0,0,0,0,0,0,0,0,0,0,0,0
U_ISSSTE_384,JCIST000750,014-206-11,UMF San Martín de las Flores,0,0,0,0,0,0,0,0,0,0,0,0,0,0,0,0,0
U_ISSSTE_385,JCIST000733,014-206-12,CAF Tizapán el Alto,0,0,0,0,0,0,0,0,0,0,0,0,0,0,0,0,0
U_ISSSTE_386,JCIST000173,014-206-13,CAF Arandas,0,0,0,0,0,0,0,0,0,0,0,0,0,0,0,0,0
U_ISSSTE_387,JCIST000202,014-206-14,CAF Ayotlán,0,0,0,0,0,0,0,0,0,0,0,0,0,0,0,0,0
U_ISSSTE_388,JCIST000400,014-206-15,CMCT SNTE (Guadalajara),0,0,0,0,0,0,0,0,0,0,0,0,0,0,0,0,0
U_ISSSTE_389,JCIST000593,014-206-17,CAF Poncitlán,0,0,0,0,0,0,0,0,0,0,0,0,0,0,0,0,0
U_ISSSTE_390,JCIST000482,014-206-18,CAF Jesús María,0,0,0,0,0,0,0,0,0,0,0,0,0,0,0,0,0
U_ISSSTE_391,JCIST000832,014-206-19,UMF Yahualica de González Gallo,0,0,0,0,0,0,0,0,0,0,0,0,0,0,0,0,0
U_ISSSTE_392,JCIST000745,014-206-21,CMCT SAGARPA (El Álamo),0,0,0,0,0,0,0,0,0,0,0,0,0,0,0,0,0
U_ISSSTE_393,JCIST000313,014-206-23,CAF Degollado,0,0,0,0,0,0,0,0,0,0,0,0,0,0,0,0,0
U_ISSSTE_394,JCIST000424,014-206-27,CAF UHF. Unidad Modelo,0,0,0,0,0,0,0,0,0,0,0,0,0,0,0,0,0
U_ISSSTE_395,JCIST000506,014-207-00,CMF Lagos de Moreno,0,0,0,0,0,0,0,0,0,0,0,0,0,0,0,0,0
U_ISSSTE_396,JCIST000325,014-207-01,CAF Encarnación de Díaz,0,0,0,0,0,0,0,0,0,0,0,0,0,0,0,0,0
U_ISSSTE_397,JCIST000470,014-207-02,CAF Jalostotitlán,0,0,0,0,0,0,0,0,0,0,0,0,0,0,0,0,0
U_ISSSTE_398,JCIST000576,014-207-03,CAF Ojuelos de Jalisco,0,0,0,0,0,0,0,0,0,0,0,0,0,0,0,0,0
U_ISSSTE_399,JCIST000634,014-207-04,CAF San Juan de los Lagos,0,0,0,0,0,0,0,0,0,0,0,0,0,0,0,0,0
U_ISSSTE_400,JCIST000663,014-207-05,UMF San Miguel el Alto,0,0,0,0,0,0,0,0,0,0,0,0,0,0,0,0,0
U_ISSSTE_401,JCIST000103,014-207-06,UMF Teocaltiche,0,0,0,0,0,0,0,0,0,0,0,0,0,0,0,0,0
U_ISSSTE_402,JCIST000646,014-207-07,CAF San Julián,0,0,0,0,0,0,0,0,0,0,0,0,0,0,0,0,0
U_ISSSTE_403,JCIST000045,014-208-00,CH Cd. Guzmán,6,8,4,18,2,0,0,2,20,4,0,1,0,9,0,0,14
U_ISSSTE_404,JCIST000791,014-208-01,UMF Tuxpan,0,0,0,0,0,0,0,0,0,0,0,0,0,0,0,0,0
U_ISSSTE_405,JCIST000721,014-208-02,CAF Tecalitlán,0,0,0,0,0,0,0,0,0,0,0,0,0,0,0,0,0
U_ISSSTE_406,JCIST000704,014-208-03,CAF Tamazula de Gordiano,0,0,0,0,0,0,0,0,0,0,0,0,0,0,0,0,0
U_ISSSTE_407,JCIST000535,014-208-04,CAF Mazamitla,0,0,0,0,0,0,0,0,0,0,0,0,0,0,0,0,0
U_ISSSTE_408,JCIST000716,014-208-05,CAF Tapalpa,0,0,0,0,0,0,0,0,0,0,0,0,0,0,0,0,0
U_ISSSTE_409,JCIST000675,014-208-08,CAF Sayula,0,0,0,0,0,0,0,0,0,0,0,0,0,0,0,0,0
U_ISSSTE_410,JCIST000815,014-208-09,CAF San Gabriel,0,0,0,0,0,0,0,0,0,0,0,0,0,0,0,0,0
U_ISSSTE_411,JCIST000021,014-209-00,CMF Autlán de Navarro,0,0,0,0,0,0,0,0,0,0,0,0,0,0,0,6,6
U_ISSSTE_412,JCIST000214,014-209-01,CAF Ayutla,0,0,0,0,0,0,0,0,0,0,0,0,0,0,0,0,0
U_ISSSTE_413,JCIST000062,014-209-02,UMF El Grullo,0,0,0,0,0,0,0,0,0,0,0,0,0,0,0,0,0
U_ISSSTE_414,JCIST000453,014-209-03,UMF La Huerta,0,0,0,0,0,0,0,0,0,0,0,0,0,0,0,0,0
U_ISSSTE_415,JCIST000925,014-209-04,UMF Unión de Tula,0,0,0,0,0,0,0,0,0,0,0,0,0,0,0,0,0
U_ISSSTE_416,JCIST000255,014-209-07,CAF Cihuatlán,0,0,0,0,0,0,0,0,0,0,0,0,0,0,0,0,0
U_ISSSTE_417,JCIST000610,014-209-12,CAF Villa Purificación,0,0,0,0,0,0,0,0,0,0,0,0,0,0,0,0,0
U_ISSSTE_418,JCIST000260,014-209-13,CAF San Patricio Melaque,0,0,0,0,0,0,0,0,0,0,0,0,0,0,0,0,0
U_ISSSTE_419,JCIST000243,014-209-14,CAF Casimiro Castillo,0,0,0,0,0,0,0,0,0,0,0,0,0,0,0,0,0
U_ISSSTE_420,JCIST000284,014-209-15,CAF Cuautitlán,0,0,0,0,0,0,0,0,0,0,0,0,0,0,0,0,0
U_ISSSTE_421,JCIST000086,014-210-00,CH Puerto Vallarta,3,3,4,10,1,0,0,1,11,3,0,1,0,1,1,3,9
U_ISSSTE_422,JCIST000120,014-210-01,UMF Tomatlán,0,0,0,0,0,0,0,0,0,0,0,0,0,0,0,0,0
U_ISSSTE_423,JCIST000762,014-210-02,CAF Tomatlán Campamento SAGARPA,0,0,0,0,0,0,0,0,0,0,0,0,0,0,0,0,0
U_ISSSTE_424,JCIST000231,014-210-04,CAF El Tuito,0,0,0,0,0,0,0,0,0,0,0,0,0,0,0,0,0
U_ISSSTE_425,JCIST000692,014-210-05,CAF Talpa de Allende,0,0,0,0,0,0,0,0,0,0,0,0,0,0,0,0,0
U_ISSSTE_426,JCIST000523,014-210-06,UMF Mascota,0,0,0,0,0,0,0,0,0,0,0,0,0,0,0,0,0
U_ISSSTE_427,JCIST000873,014-213-00,CEQ Guadalajara,0,0,0,0,0,0,0,0,0,0,0,0,0,10,0,3,13
U_ISSSTE_428,PENDIENTE,014-219-00,"HG Dr. Valentín Gómez Farías, Zapopan",93,86,19,198,11,6,0,17,215,26,9,2,10,7,0,80,134
U_ISSSTE_429,MCIST000215,015-204-00,HG Toluca,36,47,19,102,11,0,0,11,113,12,4,2,8,9,0,17,52
U_ISSSTE_430,MCIST000075,015-205-00,CMF Ecatepec de Morelos,0,0,0,0,0,0,0,0,0,0,0,0,0,0,0,0,0
U_ISSSTE_431,MCIST000174,015-205-01,UMF San Juan Teotihuacán,0,0,0,0,0,0,0,0,0,0,0,0,0,0,0,0,0
U_ISSSTE_432,MCIST000220,015-205-02,UMF Zumpango de Ocampo,0,0,0,0,0,0,0,0,0,0,0,0,0,0,0,0,0
U_ISSSTE_433,MCIST000010,015-205-03,UMF Tepexpan,0,0,0,0,0,0,0,0,0,0,0,0,0,0,0,0,0
U_ISSSTE_434,MCIST000396,015-205-04,CAF UH. FOVISSSTE Ecatepec de Morelos,0,0,0,0,0,0,0,0,0,0,0,0,0,0,0,0,0
U_ISSSTE_435,MCIST000116,015-206-00,CMF Valle de Aragón,0,0,0,0,0,0,0,0,0,0,0,0,0,0,0,0,0
U_ISSSTE_436,MCIST000355,015-207-00,CMF Satélite Naucalpan,0,0,0,0,0,0,0,0,0,0,0,0,0,0,0,0,0
U_ISSSTE_437,MCIST000203,015-208-00,CMF Tlalnepantla,0,0,0,0,0,0,0,0,0,0,0,0,0,0,0,0,0
U_ISSSTE_438,MCIST000186,015-210-00,CMF Texcoco de Mora,0,0,0,0,0,0,0,0,0,0,0,0,0,0,0,2,2
U_ISSSTE_439,MCIST000022,015-210-01,UMF Amecameca de Juárez,0,0,0,0,0,0,0,0,0,0,0,0,0,0,0,0,0
U_ISSSTE_440,MCIST000051,015-210-02,UMF Chalco de Díaz Covarrubias,0,0,0,0,0,0,0,0,0,0,0,0,0,0,0,0,0
U_ISSSTE_441,MCIST000063,015-211-00,CMFEQ Xalostoc,0,0,0,0,0,0,0,0,0,0,0,0,0,6,0,0,6
U_ISSSTE_442,MCIST000401,015-213-00,CMF Nueva Oxtotitlán,0,0,0,0,0,0,0,0,0,0,0,0,0,0,0,0,0
U_ISSSTE_443,MCIST000034,015-213-02,UMF Atlacomulco de Fabela,0,0,0,0,0,0,0,0,0,0,0,0,0,0,0,3,3
U_ISSSTE_444,MCIST000290,015-213-03,CAF Ixtapan de la Sal,0,0,0,0,0,0,0,0,0,0,0,0,0,0,0,0,0
U_ISSSTE_445,MCIST000080,015-213-04,UMF Ixtlahuaca de Rayón,0,0,0,0,0,0,0,0,0,0,0,0,0,0,0,0,0
U_ISSSTE_446,MCIST000092,015-213-05,UMF Jilotepec de Abasolo,0,0,0,0,0,0,0,0,0,0,0,1,0,0,0,2,3
U_ISSSTE_447,MCIST000162,015-213-06,UMF Tenancingo de Degollado,0,0,0,0,0,0,0,0,0,0,0,0,0,0,0,0,0
U_ISSSTE_448,MCIST000133,015-213-08,UMF Polotitlán de Ilustración,0,0,0,0,0,0,0,0,0,0,0,0,0,0,0,0,0
U_ISSSTE_449,MCIST000145,015-213-09,UMF San Felipe del Progreso,0,0,0,0,0,0,0,0,0,0,0,0,0,0,0,0,0
U_ISSSTE_450,MCIST000191,015-213-10,UMF Santiago Tianguistengo,0,0,0,0,0,0,0,0,0,0,0,0,0,0,0,0,0
U_ISSSTE_451,MCIST000273,015-213-11,CAF San Pedro Limón,0,0,0,0,0,0,0,0,0,0,0,0,0,0,0,0,0
U_ISSSTE_452,MCIST000150,015-213-12,UMF Tejupilco de Hidalgo,0,0,0,0,0,0,0,0,0,0,0,0,0,3,0,0,3
U_ISSSTE_453,MCIST000413,015-213-13,CAF Texcaltitlán,0,0,0,0,0,0,0,0,0,0,0,0,0,0,0,0,0
U_ISSSTE_454,MCIST000471,015-213-14,CAF Valle de Bravo,0,0,0,0,0,0,0,0,0,0,0,0,0,0,0,0,0
U_ISSSTE_455,MCIST000104,015-213-16,UMF Lerma de Villada (Villa Carmela),0,0,0,0,0,0,0,0,0,0,0,0,0,0,0,0,0
U_ISSSTE_456,MCIST000256,015-213-17,CAF Villa Cuauhtémoc,0,0,0,0,0,0,0,0,0,0,0,0,0,0,0,0,0
U_ISSSTE_457,MCIST000121,015-213-18,UMF San Jerónimo Acazulco,0,0,0,0,0,0,0,0,0,0,0,0,0,0,0,0,0
U_ISSSTE_458,MCIST000046,015-213-19,UMF Capulhuac de Mirafuentes,0,0,0,0,0,0,0,0,0,0,0,0,0,0,0,0,0
U_ISSSTE_459,MCIST000244,015-213-20,CMCT SAGARPA (Zinacantepec),0,0,0,0,0,0,0,0,0,0,0,0,0,0,0,0,0
U_ISSSTE_460,PENDIENTE,015-213-23,CMCT Delegación del ISSSTE en el Estado de México,0,0,0,0,0,0,0,0,0,0,0,0,0,0,0,0,0
U_ISSSTE_461,MCIST000454,015-213-24,CMCT Conalep,0,0,0,0,0,0,0,0,0,0,0,0,0,0,0,0,0
U_ISSSTE_462,MCIST000384,015-214-00,CMF Pantitlán,0,0,0,0,0,0,0,0,0,0,0,0,0,0,0,2,2
U_ISSSTE_463,MCIST000442,015-216-00,CMF Cuautitlán Izcalli,0,0,0,0,0,0,0,0,0,0,0,0,0,0,0,0,0
U_ISSSTE_464,MCIST000331,015-216-01,CAF Cuautitlán de Romero Rubio,0,0,0,0,0,0,0,0,0,0,0,0,0,0,0,0,0
U_ISSSTE_465,MCIST000326,015-216-02,CAF Villa Nicolás Romero,0,0,0,0,0,0,0,0,0,0,0,0,0,0,0,0,0
U_ISSSTE_466,MCIST000483,015-219-00,CMFEQ Héroes Tecámac,0,0,0,0,0,0,0,0,0,0,0,0,0,12,0,0,12
U_ISSSTE_467,MCIST000495,015-220-00,CMFEQ Juana Belén Gutiérrez de Mendoza,0,0,0,0,0,0,0,0,0,0,0,3,0,0,0,2,5
U_ISSSTE_468,MNIST000202,016-205-00,CH Uruapan del Progreso,8,8,8,24,2,4,2,8,32,7,3,3,0,1,0,4,18
U_ISSSTE_469,MNIST000366,016-205-02,CAF Gabriel Zamora,0,0,0,0,0,0,0,0,0,0,0,0,0,0,0,0,0
U_ISSSTE_470,MNIST000552,016-205-05,CAF Tingambato,0,0,0,0,0,0,0,0,0,0,0,0,0,0,0,0,0
U_ISSSTE_471,MNIST000330,016-205-06,CAF Cherán,0,0,0,0,0,0,0,0,0,0,0,0,0,0,0,0,0
U_ISSSTE_472,MNIST000441,016-205-07,CAF Nahuatzen,0,0,0,0,0,0,0,0,0,0,0,0,0,0,0,0,0
U_ISSSTE_473,MNIST000465,016-205-08,UMF Paracho de Verduzco,0,0,0,0,0,0,0,0,0,0,0,0,0,1,0,0,1
U_ISSSTE_474,PENDIENTE,016-205-09,CAF Nuevo Parangaricutiro,0,0,0,0,0,0,0,0,0,0,0,0,0,0,0,0,0
U_ISSSTE_475,MNIST000016,016-206-00,CH Apatzingán de la Constitución,6,6,6,18,1,0,1,2,20,0,0,3,0,0,0,4,7
U_ISSSTE_476,MNIST000243,016-206-01,CAF Aguililla,0,0,0,0,0,0,0,0,0,0,0,0,0,0,0,0,0
U_ISSSTE_477,MNIST000284,016-206-02,CAF Coalcomán de Matamoros,0,0,0,0,0,0,0,0,0,0,0,0,0,0,0,0,0
U_ISSSTE_478,MNIST000540,016-206-03,UMF Tepalcatepec,0,0,0,0,0,0,0,0,0,0,0,0,0,0,0,0,0
U_ISSSTE_479,MNIST000132,016-206-04,UMF Nueva Italia de Ruiz,0,0,0,0,0,0,0,0,0,0,0,0,0,0,0,0,0
U_ISSSTE_480,MNIST000062,016-206-07,UMF La Huacana,0,0,0,0,0,0,0,0,0,0,0,0,0,0,0,0,0
U_ISSSTE_481,MNIST000156,016-207-00,CMF La Piedad de Cabadas,0,0,0,0,0,0,0,0,0,0,0,0,0,0,0,1,1
U_ISSSTE_482,MNIST000255,016-207-01,CAF Angamacútiro de la Unión,0,0,0,0,0,0,0,0,0,0,0,0,0,0,0,0,0
U_ISSSTE_483,MNIST000675,016-207-02,CAF Pastor Ortíz,0,0,0,0,0,0,0,0,0,0,0,0,0,0,0,0,0
U_ISSSTE_484,MNIST000470,016-207-03,CAF Penjamillo de Degollado,0,0,0,0,0,0,0,0,0,0,0,0,0,0,0,0,0
U_ISSSTE_485,MNIST000535,016-207-04,CAF Tanhuato de Guerrero,0,0,0,0,0,0,0,0,0,0,0,0,0,0,0,0,0
U_ISSSTE_486,MNIST000646,016-207-05,CAF Yurécuaro No. 1,0,0,0,0,0,0,0,0,0,0,0,0,0,0,0,0,0
U_ISSSTE_487,MNIST000231,016-208-00,CH Zitácuaro,4,4,3,11,2,2,0,4,15,6,1,1,0,0,1,0,9
U_ISSSTE_488,MNIST000260,016-208-01,CAF Angangueo,0,0,0,0,0,0,0,0,0,0,0,0,0,0,0,0,0
U_ISSSTE_489,MNIST000605,016-208-07,CAF Tuxpan,0,0,0,0,0,0,0,0,0,0,0,0,0,0,0,0,0
U_ISSSTE_490,MNIST000050,016-208-09,UMF Cd. Hidalgo,0,0,0,0,0,0,0,0,0,0,0,0,0,0,0,0,0
U_ISSSTE_491,MNIST000074,016-208-10,UMF Huetamo de Nuñez ,0,0,0,0,0,0,0,0,0,0,0,0,0,0,0,0,0
U_ISSSTE_492,MNIST000226,016-209-00,CH Zamora,12,15,9,36,7,1,1,9,45,3,2,2,0,2,0,4,13
U_ISSSTE_493,MNIST000325,016-209-01,CAF Cotija de la Paz,0,0,0,0,0,0,0,0,0,0,0,0,0,0,0,0,0
U_ISSSTE_494,MNIST000045,016-209-02,UMF Chilchota,0,0,0,0,0,0,0,0,0,0,0,0,0,0,0,0,0
U_ISSSTE_495,MNIST000395,016-209-03,CAF Ixtlán de los Herbores,0,0,0,0,0,0,0,0,0,0,0,0,0,0,0,0,0
U_ISSSTE_496,MNIST000173,016-209-04,UMF Los Reyes de Salgado,0,0,0,0,0,0,0,0,0,0,0,0,0,0,0,0,0
U_ISSSTE_497,MNIST000482,016-209-05,CAF Purépero,0,0,0,0,0,0,0,0,0,0,0,0,0,0,0,0,0
U_ISSSTE_498,MNIST000523,016-209-06,CAF Tangancícuaro de Arista,0,0,0,0,0,0,0,0,0,0,0,0,0,0,0,0,0
U_ISSSTE_499,MNIST000634,016-209-07,CAF Vista Hermosa de Negrete,0,0,0,0,0,0,0,0,0,0,0,0,0,0,0,0,0
U_ISSSTE_500,MNIST000144,016-210-00,CH Pátzcuaro,3,4,2,9,1,0,2,3,12,2,0,2,0,2,0,0,6
U_ISSSTE_501,MNIST000342,016-210-01,CAF Churumuco de Morelos,0,0,0,0,0,0,0,0,0,0,0,0,0,0,0,0,0
U_ISSSTE_502,MNIST000506,016-210-03,CAF Quiroga,0,0,0,0,0,0,0,0,0,0,0,0,0,0,0,0,0
U_ISSSTE_503,MNIST000593,016-210-04,CAF Puruarán,0,0,0,0,0,0,0,0,0,0,0,0,0,0,0,0,0
U_ISSSTE_504,MNIST000511,016-210-05,CAF Villa Escalante (Santa Clara),0,0,0,0,0,0,0,0,0,0,0,0,0,0,0,0,0
U_ISSSTE_505,MNIST000190,016-210-06,UMF Tacámbaro de Codallos,0,0,0,0,0,0,0,0,0,0,0,0,0,0,0,0,0
U_ISSSTE_506,MNIST000021,016-210-07,UMF Ario de Rosales,0,0,0,0,0,0,0,0,0,0,0,0,0,0,0,1,1
U_ISSSTE_507,MNIST000185,016-211-00,CH Sahuayo,2,2,2,6,1,0,0,1,7,1,0,0,0,0,0,2,3
U_ISSSTE_508,MNIST000086,016-211-01,UMF Jiquilpan de Juárez,0,0,0,0,0,0,0,0,0,0,0,0,0,0,0,0,0
U_ISSSTE_509,MNIST000453,016-211-02,CAF Pajacuarán,0,0,0,0,0,0,0,0,0,0,0,0,0,0,0,0,0
U_ISSSTE_510,MNIST000412,016-211-03,CAF San José de Gracia,0,0,0,0,0,0,0,0,0,0,0,0,0,0,0,0,0
U_ISSSTE_511,MNIST000622,016-211-04,CAF Venustiano Carranza,0,0,0,0,0,0,0,0,0,0,0,0,0,0,0,0,0
U_ISSSTE_512,MNIST000103,016-212-00,"CH R. Flores Magón, Lázaro Cárdenas",3,4,3,10,3,0,2,5,15,3,0,2,0,2,0,4,11
U_ISSSTE_513,MNIST000033,016-212-01,UMF Arteaga,0,0,0,0,0,0,0,0,0,0,0,0,0,0,0,0,0
U_ISSSTE_514,MNIST000115,016-212-04,UMF El Ranchito,0,0,0,0,0,0,0,0,0,0,0,0,0,0,0,0,0
U_ISSSTE_515,MNIST000214,016-213-00,CH Zacapu,4,5,3,12,3,0,0,3,15,2,1,0,0,1,0,1,5
U_ISSSTE_516,MNIST000301,016-213-01,CAF Coeneo de la Libertad,0,0,0,0,0,0,0,0,0,0,0,0,0,0,0,0,0
U_ISSSTE_517,MNIST000383,016-213-02,CAF Huaniqueo,0,0,0,0,0,0,0,0,0,0,0,0,0,0,0,0,0
U_ISSSTE_518,MNIST000424,016-214-00,CMF Morelia,0,0,0,0,0,0,0,0,0,0,0,0,0,0,0,0,0
U_ISSSTE_519,MNIST000313,016-214-01,CAF Contepec,0,0,0,0,0,0,0,0,0,0,0,0,0,0,0,0,0
U_ISSSTE_520,MNIST000091,016-214-02,UMF Maravatío de Ocampo,0,0,0,0,0,0,0,0,0,0,0,0,0,0,0,3,3
U_ISSSTE_521,MNIST000161,016-214-03,UMF Puruándiro,0,0,0,0,0,0,0,0,0,0,0,0,0,0,0,0,0
U_ISSSTE_522,MNIST000494,016-214-04,CAF Queréndaro,0,0,0,0,0,0,0,0,0,0,0,0,0,0,0,0,0
U_ISSSTE_523,MNIST000576,016-214-05,CAF Tlalpujahua,0,0,0,0,0,0,0,0,0,0,0,0,0,0,0,0,0
U_ISSSTE_524,MNIST000436,016-214-06,CAF Villa Morelos,0,0,0,0,0,0,0,0,0,0,0,0,0,0,0,0,0
U_ISSSTE_525,MNIST000663,016-214-08,CAF Zinapécuaro de Figueroa,0,0,0,0,0,0,0,0,0,0,0,0,0,0,0,0,0
U_ISSSTE_526,MNIST000354,016-214-09,CAF Epitacio Huerta,0,0,0,0,0,0,0,0,0,0,0,0,0,0,0,0,0
U_ISSSTE_527,MNIST000371,016-214-10,CAF Huandacareo,0,0,0,0,0,0,0,0,0,0,0,0,0,0,0,0,0
U_ISSSTE_528,PENDIENTE,016-214-11,CAF Acuitzio,0,0,0,0,0,0,0,0,0,0,0,0,0,0,0,0,0
U_ISSSTE_529,PENDIENTE,016-214-12,CAF Cuitzeo,0,0,0,0,0,0,0,0,0,0,0,0,0,0,0,0,0
U_ISSSTE_530,PENDIENTE,016-214-13,CMCT SEP (Morelia),0,0,0,0,0,0,0,0,0,0,0,0,0,0,0,0,0
U_ISSSTE_531,MSIST000025,017-205-00,"CH Dr. Rafael Barba Ocampo, Cuautla",12,14,8,34,2,1,2,5,39,13,4,2,0,3,0,11,33
U_ISSSTE_532,MSIST000071,017-205-01,UMF Jonacatepec,0,0,0,0,0,0,0,0,0,0,0,0,0,0,0,0,0
U_ISSSTE_533,MSIST000211,017-205-02,CAF Tepalcingo,0,0,0,0,0,0,0,0,0,0,0,0,0,0,0,0,0
U_ISSSTE_534,MSIST000252,017-205-03,CAF Tlayacapan,0,0,0,0,0,0,0,0,0,0,0,0,0,0,0,0,0
U_ISSSTE_535,MSIST000141,017-205-04,CAF Cd. Ayala,0,0,0,0,0,0,0,0,0,0,0,0,0,0,0,0,0
U_ISSSTE_536,MSIST000112,017-205-05,UMF Yautepec,0,0,0,0,0,0,0,0,0,0,0,0,0,0,0,0,0
U_ISSSTE_537,MSIST000276,017-205-06,UMF Yecapixtla,0,0,0,0,0,0,0,0,0,0,0,0,0,0,0,0,0
U_ISSSTE_538,MSIST000281,017-205-07,CAF Zacualpan de Amilpas,0,0,0,0,0,0,0,0,0,0,0,0,0,0,0,0,0
U_ISSSTE_539,MSIST000235,017-205-08,CAF Tetela del Volcán,0,0,0,0,0,0,0,0,0,0,0,0,0,0,0,0,0
U_ISSSTE_540,MSIST000136,017-205-09,CAF Axochiapan,0,0,0,0,0,0,0,0,0,0,0,0,0,0,0,0,0
U_ISSSTE_541,MSIST000310,017-205-11,CAF Atlatlahucan,0,0,0,0,0,0,0,0,0,0,0,0,0,0,0,0,0
U_ISSSTE_542,MSIST000322,017-205-12,CAF Ocuituco,0,0,0,0,0,0,0,0,0,0,0,0,0,0,0,0,0
U_ISSSTE_543,PENDIENTE,017-206-00,CMF Cuernavaca,0,0,0,0,0,0,0,0,0,0,0,0,0,0,0,0,0
U_ISSSTE_544,MSIST000165,017-206-02,CAF Emiliano Zapata,0,0,0,0,0,0,0,0,0,0,0,0,0,0,0,0,0
U_ISSSTE_545,MSIST000182,017-206-03,CAF Jiutepec,0,0,0,0,0,0,0,0,0,0,0,0,0,0,0,0,0
U_ISSSTE_546,MSIST000194,017-206-06,CAF Puente de Ixtla,0,0,0,0,0,0,0,0,0,0,0,0,0,0,0,0,0
U_ISSSTE_547,MSIST000153,017-206-07,CMCT SEP (Cuernavaca),0,0,0,0,0,0,0,0,0,0,0,0,0,0,0,0,0
U_ISSSTE_548,MSIST000083,017-206-08,UMF Temixco,0,0,0,0,0,0,0,0,0,0,0,0,0,0,0,0,0
U_ISSSTE_549,MSIST000223,017-206-09,CAF Tepoztlán,0,0,0,0,0,0,0,0,0,0,0,0,0,0,0,0,0
U_ISSSTE_550,MSIST000095,017-206-10,UMF Tetecala,0,0,0,0,0,0,0,0,0,0,0,0,0,0,0,0,0
U_ISSSTE_551,MSIST000170,017-206-13,CAF Tres Marías,0,0,0,0,0,0,0,0,0,0,0,0,0,0,0,0,0
U_ISSSTE_552,MSIST000264,017-206-14,CAF Xochitepec,0,0,0,0,0,0,0,0,0,0,0,0,0,0,0,0,0
U_ISSSTE_553,MSIST000054,017-208-00,CMFEQ Jojutla de Juárez,0,0,0,0,0,0,0,0,0,0,0,0,0,5,0,6,11
U_ISSSTE_554,MSIST000013,017-208-01,UMF Amacuzac,0,0,0,0,0,0,0,0,0,0,0,0,0,0,0,0,0
U_ISSSTE_555,MSIST000100,017-208-02,UMF Tlaquiltenango,0,0,0,0,0,0,0,0,0,0,0,0,0,0,0,0,0
U_ISSSTE_556,MSIST000240,017-208-03,CAF Tlaltizapán,0,0,0,0,0,0,0,0,0,0,0,0,0,0,0,0,0
U_ISSSTE_557,MSIST000206,017-208-04,CAF Xoxocotla,0,0,0,0,0,0,0,0,0,0,0,0,0,0,0,0,0
U_ISSSTE_558,MSIST000124,017-208-05,UMF Zacatepec,0,0,0,0,0,0,0,0,0,0,0,0,0,0,0,0,0
U_ISSSTE_559,PENDIENTE,017-209-00,HG Dr. Carlos Calero Elorduy,21,7,19,47,5,7,3,15,62,8,4,2,0,3,3,0,20
U_ISSSTE_560,NTIST000260,018-204-00,HG Tepic,60,60,20,140,10,0,0,10,150,15,6,3,8,16,4,35,87
U_ISSSTE_561,NTIST000016,018-205-00,CMF Acaponeta,0,0,0,0,0,0,0,0,0,0,0,0,0,0,0,6,6
U_ISSSTE_562,NTIST000231,018-205-01,CAF San Felipe Aztatán,0,0,0,0,0,0,0,0,0,0,0,0,0,0,0,0,0
U_ISSSTE_563,NTIST000086,018-205-03,UMF Rosamorada,0,0,0,0,0,0,0,0,0,0,0,0,0,0,0,0,0
U_ISSSTE_564,NTIST000173,018-205-04,CAF Ruíz,0,0,0,0,0,0,0,0,0,0,0,0,0,0,0,0,0
U_ISSSTE_565,NTIST000115,018-205-05,UMF Tecuala,0,0,0,0,0,0,0,0,0,0,0,0,0,0,0,0,0
U_ISSSTE_566,NTIST000132,018-205-06,UMF Tuxpan,0,0,0,0,0,0,0,0,0,0,0,0,0,0,0,0,0
U_ISSSTE_567,NTIST000161,018-205-07,CAF Huajicori,0,0,0,0,0,0,0,0,0,0,0,0,0,0,0,0,0
U_ISSSTE_568,NTIST000243,018-206-00,"CMF Dr. Joaquín Cánovas Puchades,Tepic",0,0,0,0,0,0,0,0,0,0,0,0,0,0,0,0,0
U_ISSSTE_569,NTIST000021,018-206-01,UMF Ahuacatlán,0,0,0,0,0,0,0,0,0,0,0,0,0,0,0,0,0
U_ISSSTE_570,NTIST000156,018-206-02,CAF Amatlán de Cañas,0,0,0,0,0,0,0,0,0,0,0,0,0,0,0,0,0
U_ISSSTE_571,NTIST000033,018-206-03,UMF Compostela,0,0,0,0,0,0,0,0,0,0,0,0,0,0,0,0,0
U_ISSSTE_572,NTIST000062,018-206-04,UMF Ixtlán del Río,0,0,0,0,0,0,0,0,0,0,0,0,0,0,0,0,0
U_ISSSTE_573,NTIST000050,018-206-06,UMF Las Varas,0,0,0,0,0,0,0,0,0,0,0,0,0,0,0,0,0
U_ISSSTE_574,NTIST000074,018-206-07,UMF Jala,0,0,0,0,0,0,0,0,0,0,0,0,0,0,0,0,0
U_ISSSTE_575,NTIST000202,018-206-08,CAF San Blas,0,0,0,0,0,0,0,0,0,0,0,0,0,0,0,0,0
U_ISSSTE_576,NTIST000045,018-206-09,UMF Peñita de Jaltemba,0,0,0,0,0,0,0,0,0,0,0,0,0,0,0,0,0
U_ISSSTE_577,NTIST000144,018-206-10,UMF San Juan de Abajo,0,0,0,0,0,0,0,0,0,0,0,0,0,0,0,0,0
U_ISSSTE_578,NTIST000226,018-206-11,CAF Santa María del Oro,0,0,0,0,0,0,0,0,0,0,0,0,0,0,0,0,0
U_ISSSTE_579,NTIST000091,018-206-12,UMF Santiago Ixcuintla,0,0,0,0,0,0,0,0,0,0,0,0,0,0,0,0,0
U_ISSSTE_580,NTIST000103,018-206-13,UMF Villa Hidalgo,0,0,0,0,0,0,0,0,0,0,0,0,0,0,0,0,0
U_ISSSTE_581,NTIST000214,018-206-16,CAF San Pedro Lagunillas,0,0,0,0,0,0,0,0,0,0,0,0,0,0,0,0,0
U_ISSSTE_582,PENDIENTE,018-206-17,CAF Islas Marías ,0,0,0,0,0,0,0,0,0,0,0,0,0,0,0,0,0
U_ISSSTE_583,NLIST000093,019-204-00,CH Constitución,11,8,7,26,4,0,0,4,30,10,6,5,5,16,1,14,57
U_ISSSTE_584,NLIST000233,019-204-01,CAF Aramberri,0,0,0,0,0,0,0,0,0,0,0,0,0,0,0,0,0
U_ISSSTE_585,NLIST000315,019-204-02,CAF Cd. Allende,0,0,0,0,0,0,0,0,0,0,0,0,0,0,0,0,0
U_ISSSTE_586,NLIST000146,019-204-03,CAF UHF. Col. Burócratas Federales,0,0,0,0,0,0,0,0,0,0,0,0,0,0,0,0,0
U_ISSSTE_587,NLIST000023,019-204-04,UMF Cadereyta de Jiménez,0,0,0,0,0,0,0,0,0,0,0,0,0,0,0,0,0
U_ISSSTE_588,NLIST000011,019-204-05,UMF Cd. Anáhuac,0,0,0,0,0,0,0,0,0,0,0,0,0,0,0,0,0
U_ISSSTE_589,NLIST000035,019-204-07,UMF Doctor Arroyo,0,0,0,0,0,0,0,0,0,0,0,0,0,0,0,0,0
U_ISSSTE_590,NLIST000040,019-204-08,UMF Galeana,0,0,0,0,0,0,0,0,0,0,0,0,0,0,0,0,0
U_ISSSTE_591,NLIST000064,019-204-09,UMF Gral. Bravo,0,0,0,0,0,0,0,0,0,0,0,0,0,0,0,0,0
U_ISSSTE_592,NLIST000320,019-204-10,CAF Gral. Terán,0,0,0,0,0,0,0,0,0,0,0,0,0,0,0,0,0
U_ISSSTE_593,NLIST000262,019-204-12,CAF Iturbide,0,0,0,0,0,0,0,0,0,0,0,0,0,0,0,0,0
U_ISSSTE_594,NLIST000245,019-204-13,CAF La Ascensión,0,0,0,0,0,0,0,0,0,0,0,0,0,0,0,0,0
U_ISSSTE_595,NLIST000303,019-204-14,CAF Lampazos de Naranjo,0,0,0,0,0,0,0,0,0,0,0,0,0,0,0,0,0
U_ISSSTE_596,NLIST000081,019-204-16,UMF Montemorelos,0,0,0,0,0,0,0,0,0,0,0,0,0,0,0,0,0
U_ISSSTE_597,NLIST000274,019-204-17,CMCT Palacio Federal (Monterrey),0,0,0,0,0,0,0,0,0,0,0,0,0,0,0,0,0
U_ISSSTE_598,NLIST000180,019-204-18,CMCT SAT Administración Fiscal,0,0,0,0,0,0,0,0,0,0,0,0,0,0,0,0,0
U_ISSSTE_599,NLIST000110,019-204-19,UMF Sabinas Hidalgo,0,0,0,0,0,0,0,0,0,0,0,0,0,0,0,0,0
U_ISSSTE_600,NLIST000122,019-204-23,UMF Villa de Santiago,0,0,0,0,0,0,0,0,0,0,0,0,0,0,0,0,0
U_ISSSTE_601,NLIST000361,019-204-24,CAF Cerralvo,0,0,0,0,0,0,0,0,0,0,0,0,0,0,0,0,0
U_ISSSTE_602,NLIST000332,019-204-25,CAF Hualahuises,0,0,0,0,0,0,0,0,0,0,0,0,0,0,0,0,0
U_ISSSTE_603,PENDIENTE,019-204-26,CMCT Sindicato de SARH (SADER),0,0,0,0,0,0,0,0,0,0,0,0,0,0,0,0,0
U_ISSSTE_604,NLIST000052,019-204-27,UMF El Potosí,0,0,0,0,0,0,0,0,0,0,0,0,0,0,0,0,0
U_ISSSTE_605,NLIST000175,019-204-29,CAF Villa Dorada,0,0,0,0,0,0,0,0,0,0,0,0,0,0,0,0,0
U_ISSSTE_606,NLIST000250,019-204-31,CAF San José de Raíces,0,0,0,0,0,0,0,0,0,0,0,0,0,0,0,0,0
U_ISSSTE_607,NLIST000151,019-204-32,CMCT INEGI,0,0,0,0,0,0,0,0,0,0,0,0,0,0,0,0,0
U_ISSSTE_608,NLIST000076,019-205-00,CMFEQ Linares,0,0,0,0,0,0,0,0,0,0,0,0,0,8,2,0,10
U_ISSSTE_609,NLIST000373,019-206-00,CMF Guadalupe Col. de Maestros,0,0,0,0,0,0,0,0,0,0,0,0,0,0,0,0,0
U_ISSSTE_610,NLIST000385,019-208-00,CMF Escobedo,0,0,0,0,0,0,0,0,0,0,0,0,0,0,0,0,0
U_ISSSTE_611,OCIST000136,020-204-00,CMF Salina Cruz,0,0,0,0,0,0,0,0,0,0,0,0,0,0,0,1,1
U_ISSSTE_612,OCIST000025,020-204-01,UMF Ciudad Ixtepec,0,0,0,0,0,0,0,0,0,0,0,0,0,0,0,0,0
U_ISSSTE_613,OCIST000066,020-204-02,UMF Juchitán de Zaragoza,0,0,0,0,0,0,0,0,0,0,0,0,0,0,0,0,0
U_ISSSTE_614,OCIST000585,020-204-03,UMF Unión Hidalgo,0,0,0,0,0,0,0,0,0,0,0,0,0,0,0,0,0
U_ISSSTE_615,OCIST000544,020-204-04,CAF Santiago Laollaga,0,0,0,0,0,0,0,0,0,0,0,0,0,0,0,0,0
U_ISSSTE_616,OCIST000515,020-204-05,CAF Santiago Astata,0,0,0,0,0,0,0,0,0,0,0,0,0,0,0,0,0
U_ISSSTE_617,OCIST000322,020-204-06,CAF El Espinal,0,0,0,0,0,0,0,0,0,0,0,0,0,0,0,0,0
U_ISSSTE_618,OCIST000252,020-205-00,CH Tehuantepec,14,17,14,45,4,3,1,8,53,7,0,0,0,2,0,1,10
U_ISSSTE_619,OCIST000083,020-205-01,UMF Matías Romero,0,0,0,0,0,0,0,0,0,0,0,0,0,0,0,0,0
U_ISSSTE_620,OCIST000211,020-205-02,UMF San Pedro Tapanatepec,0,0,0,0,0,0,0,0,0,0,0,0,0,0,0,0,0
U_ISSSTE_621,OCIST000141,020-205-03,UMF San Francisco Ixhuatán,0,0,0,0,0,0,0,0,0,0,0,0,0,0,0,0,0
U_ISSSTE_622,OCIST000392,020-205-04,CAF San Francisco del Mar,0,0,0,0,0,0,0,0,0,0,0,0,0,0,0,0,0
U_ISSSTE_623,OCIST000346,020-205-05,CAF Palomares,0,0,0,0,0,0,0,0,0,0,0,0,0,0,0,0,0
U_ISSSTE_624,OCIST000556,020-205-06,CAF Santo Domingo Zanatepec,0,0,0,0,0,0,0,0,0,0,0,0,0,0,0,0,0
U_ISSSTE_625,PENDIENTE,020-205-07,CAF San Pedro Comitancillo,0,0,0,0,0,0,0,0,0,0,0,0,0,0,0,0,0
U_ISSSTE_626,OCIST000165,020-206-00,CH Tuxtepec,3,3,3,9,1,0,0,1,10,0,0,1,0,1,0,3,5
U_ISSSTE_627,OCIST000305,020-206-01,UMF Acatlán de Pérez Figueroa,0,0,0,0,0,0,0,0,0,0,0,0,0,0,0,0,0
U_ISSSTE_628,OCIST000071,020-206-02,UMF Loma Bonita,0,0,0,0,0,0,0,0,0,0,0,0,0,0,0,0,0
U_ISSSTE_629,OCIST000170,020-206-04,UMF San Lucas Ojitlán,0,0,0,0,0,0,0,0,0,0,0,0,0,0,0,0,0
U_ISSSTE_630,OCIST000182,020-206-05,UMF Temascal,0,0,0,0,0,0,0,0,0,0,0,0,0,0,0,0,0
U_ISSSTE_631,OCIST000590,020-206-06,CAF Valle Nacional,0,0,0,0,0,0,0,0,0,0,0,0,0,0,0,0,0
U_ISSSTE_632,OCIST000380,020-206-08,CAF San Felipe Usila,0,0,0,0,0,0,0,0,0,0,0,0,0,0,0,0,0
U_ISSSTE_633,OCIST000042,020-207-00,CH Huajuapan de León,2,2,4,8,1,0,1,2,10,1,0,1,0,1,1,3,7
U_ISSSTE_634,OCIST000532,020-207-02,CAF Juxtlahuaca,0,0,0,0,0,0,0,0,0,0,0,0,0,0,0,0,0
U_ISSSTE_635,OCIST000264,020-207-05,UMF Silacayoápam,0,0,0,0,0,0,0,0,0,0,0,0,0,0,0,0,0
U_ISSSTE_636,OCIST000276,020-207-06,UMF Tamazulapam,0,0,0,0,0,0,0,0,0,0,0,0,0,0,0,0,0
U_ISSSTE_637,OCIST000124,020-207-08,UMF Putla Villa de Guerrero,0,0,0,0,0,0,0,0,0,0,0,0,0,0,0,0,0
U_ISSSTE_638,OCIST000462,020-208-00,CMFEQ Puerto Escondido,0,0,0,0,0,0,0,0,0,0,0,0,0,0,0,3,3
U_ISSSTE_639,OCIST000206,020-208-02,UMF Pochutla,0,0,0,0,0,0,0,0,0,0,0,0,0,0,0,0,0
U_ISSSTE_640,OCIST000474,020-208-03,UMF Río Grande,0,0,0,0,0,0,0,0,0,0,0,0,0,0,0,0,0
U_ISSSTE_641,OCIST000223,020-208-04,UMF Santa Rosa de Lima,0,0,0,0,0,0,0,0,0,0,0,0,0,0,0,0,0
U_ISSSTE_642,OCIST000486,020-208-05,CAF Juquila,0,0,0,0,0,0,0,0,0,0,0,0,0,0,0,0,0
U_ISSSTE_643,OCIST000491,020-208-09,CAF Santa María Huatulco,0,0,0,0,0,0,0,0,0,0,0,0,0,0,0,0,0
U_ISSSTE_644,OCIST000503,020-208-12,CAF Santa Cruz Huatulco,0,0,0,0,0,0,0,0,0,0,0,0,0,0,0,0,0
U_ISSSTE_645,OCIST000100,020-209-00,CMFEQ Oaxaca,0,0,0,0,0,0,0,0,0,1,1,0,0,2,1,3,8
U_ISSSTE_646,OCIST000351,020-209-01,CAF Ayutla Mixe,0,0,0,0,0,0,0,0,0,0,0,0,0,0,0,0,0
U_ISSSTE_647,OCIST000404,020-209-02,CAF Cuicatlán,0,0,0,0,0,0,0,0,0,0,0,0,0,0,0,0,0
U_ISSSTE_648,OCIST000030,020-209-04,UMF Guelatao de Juárez,0,0,0,0,0,0,0,0,0,0,0,0,0,0,0,0,0
U_ISSSTE_649,OCIST000054,020-209-05,UMF Huautla de Jiménez,0,0,0,0,0,0,0,0,0,0,0,0,0,0,0,0,0
U_ISSSTE_650,OCIST000095,020-209-06,UMF Miahuatlán de Porfirio Díaz,0,0,0,0,0,0,0,0,0,0,0,0,0,0,0,0,0
U_ISSSTE_651,OCIST000363,020-209-07,CAF Ocotlán de Morelos,0,0,0,0,0,0,0,0,0,0,0,0,0,0,0,0,0
U_ISSSTE_652,OCIST000450,020-209-08,UMF San Pablo Huixtepec,0,0,0,0,0,0,0,0,0,0,0,0,0,0,0,0,0
U_ISSSTE_653,OCIST000281,020-209-10,UMF Teotitlán de Flores Magón,0,0,0,0,0,0,0,0,0,0,0,0,0,0,0,0,0
U_ISSSTE_654,OCIST000153,020-209-11,UMF Telixtlahuaca,0,0,0,0,0,0,0,0,0,0,0,0,0,0,0,0,0
U_ISSSTE_655,OCIST000573,020-209-12,CAF Tlacolula de Matamoros,0,0,0,0,0,0,0,0,0,0,0,0,0,0,0,0,0
U_ISSSTE_656,OCIST000013,020-209-14,UMF Asunción Nochixtlán,0,0,0,0,0,0,0,0,0,0,0,0,0,0,0,0,0
U_ISSSTE_657,OCIST000614,020-209-17,CAF Tamazulápam del Espíritu Santo,0,0,0,0,0,0,0,0,0,0,0,0,0,0,0,0,0
U_ISSSTE_658,OCIST000240,020-210-00,CH Pinotepa Nacional,3,1,1,5,1,0,0,1,6,1,1,0,0,1,0,0,3
U_ISSSTE_659,PENDIENTE,020-210-01,CAF Cacahuatepec,0,0,0,0,0,0,0,0,0,0,0,0,0,0,0,0,0
U_ISSSTE_660,OCIST000235,020-211-00,CMFEQ Tlaxiaco,0,0,0,0,0,0,0,0,0,0,0,0,0,1,0,1,2
U_ISSSTE_661,OCIST000310,020-211-01,CAF Chalcatongo de Hidalgo,0,0,0,0,0,0,0,0,0,0,0,0,0,0,0,0,0
U_ISSSTE_662,PLIST000014,021-205-00,CMF Acatlán de Osorio,0,0,0,0,0,0,0,0,0,0,0,0,0,0,0,0,0
U_ISSSTE_663,PLIST000026,021-206-00,CMF Atlixco,0,0,0,0,0,0,0,0,0,0,0,0,0,0,0,0,0
U_ISSSTE_664,PLIST000253,021-206-01,CAF Estación Atencingo,0,0,0,0,0,0,0,0,0,0,0,0,0,0,0,0,0
U_ISSSTE_665,PLIST000241,021-206-02,UMF Chiautla de Tapia,0,0,0,0,0,0,0,0,0,0,0,0,0,0,0,0,0
U_ISSSTE_666,PLIST000096,021-206-03,UMF Izúcar de Matamoros,0,0,0,0,0,0,0,0,0,0,0,0,0,0,0,0,0
U_ISSSTE_667,PLIST000072,021-207-00,CH Huauchinango,3,2,2,7,1,0,0,1,8,4,0,1,0,2,0,5,12
U_ISSSTE_668,PLIST000311,021-207-01,CAF Pahuatlán del Valle,0,0,0,0,0,0,0,0,0,0,0,0,0,0,0,0,0
U_ISSSTE_669,PLIST000195,021-207-02,UMF Xicotepec de Juárez,0,0,0,0,0,0,0,0,0,0,0,0,0,0,0,0,0
U_ISSSTE_670,PLIST000055,021-207-03,UMF Chignahuapan,0,0,0,0,0,0,0,0,0,0,0,0,0,0,0,0,0
U_ISSSTE_671,PLIST000393,021-207-04,CAF Tetela de Ocampo,0,0,0,0,0,0,0,0,0,0,0,0,0,0,0,0,0
U_ISSSTE_672,PLIST000200,021-207-05,UMF Zacatlán,0,0,0,0,0,0,0,0,0,0,0,0,0,0,0,0,0
U_ISSSTE_673,PLIST000154,021-208-00,CH Tehuacán,4,4,3,11,4,0,0,4,15,2,0,0,0,0,0,0,2
U_ISSSTE_674,PLIST000043,021-208-01,UMF Cd. Serdán,0,0,0,0,0,0,0,0,0,0,0,0,0,0,0,0,0
U_ISSSTE_675,PLIST000060,021-208-02,UMF Esperanza,0,0,0,0,0,0,0,0,0,0,0,0,0,0,0,0,0
U_ISSSTE_676,PLIST000270,021-208-05,CAF Guadalupe Victoria,0,0,0,0,0,0,0,0,0,0,0,0,0,0,0,0,0
U_ISSSTE_677,PLIST000125,021-209-00,CMF San Martín Texmelucan,0,0,0,0,0,0,0,0,0,0,0,0,0,0,0,0,0
U_ISSSTE_678,PLIST000282,021-209-01,CAF Huejotzingo,0,0,0,0,0,0,0,0,0,0,0,0,0,0,0,0,0
U_ISSSTE_679,PLIST000171,021-210-00,CH Teziutlán,6,7,4,17,1,0,0,1,18,5,1,2,0,2,0,1,11
U_ISSSTE_680,PLIST000031,021-210-01,UMF Cuetzalan del Progreso,0,0,0,0,0,0,0,0,0,0,0,0,0,0,0,0,0
U_ISSSTE_681,PLIST000183,021-210-04,UMF Tlatlauquitepec,0,0,0,0,0,0,0,0,0,0,0,0,0,0,0,0,0
U_ISSSTE_682,PLIST000422,021-210-06,CAF Zacapoaxtla,0,0,0,0,0,0,0,0,0,0,0,0,0,0,0,0,0
U_ISSSTE_683,PLIST000460,021-210-07,UMF Zaragoza,0,0,0,0,0,0,0,0,0,0,0,0,0,0,0,0,0
U_ISSSTE_684,PLIST000480,021-210-11,CAF Huehuetla,0,0,0,0,0,0,0,0,0,0,0,0,0,0,0,0,0
U_ISSSTE_685,PLIST000212,021-214-00,CMFEQ Puebla,0,0,0,0,0,0,0,0,0,0,0,0,0,1,0,1,2
U_ISSSTE_686,PLIST000381,021-214-04,CAF Villa Rafael Lara Grajales,0,0,0,0,0,0,0,0,0,0,0,0,0,0,0,0,0
U_ISSSTE_687,PLIST000306,021-214-05,CAF Libres,0,0,0,0,0,0,0,0,0,0,0,0,0,0,0,0,0
U_ISSSTE_688,PLIST000084,021-214-06,UMF San Juan Ixcaquixtla,0,0,0,0,0,0,0,0,0,0,0,0,0,0,0,0,0
U_ISSSTE_689,PLIST000142,021-214-07,UMF Tecamachalco,0,0,0,0,0,0,0,0,0,0,0,0,0,0,0,0,0
U_ISSSTE_690,PLIST000166,021-214-08,UMF Tepeaca,0,0,0,0,0,0,0,0,0,0,0,0,0,0,0,0,0
U_ISSSTE_691,PLIST000224,021-214-11,CAF Acatzingo de Hidalgo,0,0,0,0,0,0,0,0,0,0,0,0,0,0,0,0,0
U_ISSSTE_692,PLIST000130,021-214-12,UMF Cholula,0,0,0,0,0,0,0,0,0,0,0,0,0,0,0,0,0
U_ISSSTE_693,PLIST000113,021-214-13,UMF Col. Magisterial Federal México 68,0,0,0,0,0,0,0,0,0,0,0,0,0,0,0,0,0
U_ISSSTE_694,PLIST000323,021-214-14,CAF UH. FOVISSSTE San Roque,0,0,0,0,0,0,0,0,0,0,0,0,0,0,0,0,0
U_ISSSTE_695,PLIST000335,021-214-15,CMCT SNTE (Puebla),0,0,0,0,0,0,0,0,0,0,0,0,0,0,0,0,0
U_ISSSTE_696,PLIST000340,021-214-16,CAF Col. Reforma Sur,0,0,0,0,0,0,0,0,0,0,0,0,0,0,0,0,0
U_ISSSTE_697,PLIST000352,021-214-17,CAF UH FOVISSSTE Villa Verde,0,0,0,0,0,0,0,0,0,0,0,0,0,0,0,0,0
U_ISSSTE_698,PLIST000364,021-214-27,CMCT SAT Puebla Sur,0,0,0,0,0,0,0,0,0,0,0,0,0,0,0,0,0
U_ISSSTE_699,PLIST000376,021-214-28,CMCT Secretaría de Educación del Estado de Puebla-SEP,0,0,0,0,0,0,0,0,0,0,0,0,0,0,0,0,0
U_ISSSTE_700,PLIST000451,021-214-29,CMCT TFJA (San Andrés Cholula),0,0,0,0,0,0,0,0,0,0,0,0,0,0,0,0,0
U_ISSSTE_701,QTIST000051,022-205-00,CMF Querétaro,0,0,0,0,0,0,0,0,0,0,0,0,0,0,0,0,0
U_ISSSTE_702,QTIST000010,022-205-03,UMF Amealco,0,0,0,0,0,0,0,0,0,0,0,0,0,0,0,0,0
U_ISSSTE_703,QTIST000022,022-205-05,UMF Cadereyta de Montes,0,0,0,0,0,0,0,0,0,0,0,0,0,0,0,0,0
U_ISSSTE_704,QTIST000121,022-205-06,CAF Villa Colón,0,0,0,0,0,0,0,0,0,0,0,0,0,0,0,0,0
U_ISSSTE_705,QTIST000133,022-205-07,CAF Ezequiel Montes,0,0,0,0,0,0,0,0,0,0,0,0,0,0,0,0,0
U_ISSSTE_706,QTIST000034,022-205-08,UMF Jalpan de Serra,0,0,0,0,0,0,0,0,0,0,0,0,0,0,0,0,0
U_ISSSTE_707,QTIST000150,022-205-13,UMF Tequisquiapan,0,0,0,0,0,0,0,0,0,0,0,0,0,0,0,0,0
U_ISSSTE_708,QTIST000092,022-205-14,UMF Tolimán,0,0,0,0,0,0,0,0,0,0,0,0,0,0,0,0,0
U_ISSSTE_709,QTIST000145,022-205-16,CAF Pedro Escobedo,0,0,0,0,0,0,0,0,0,0,0,0,0,0,0,0,0
U_ISSSTE_710,QTIST000063,022-205-18,UMF Col. Satélite,0,0,0,0,0,0,0,0,0,0,0,0,0,0,0,0,0
U_ISSSTE_711,QTIST000075,022-205-19,UMF Azteca III,0,0,0,0,0,0,0,0,0,0,0,0,0,0,0,0,0
U_ISSSTE_712,QTIST000046,022-206-00,HG Querétaro,33,33,18,84,15,0,0,15,99,9,4,2,4,3,0,17,39
U_ISSSTE_713,PENDIENTE,022-207-00,CMFEQ San Juan del Río,0,0,0,0,0,0,0,0,0,0,0,0,0,0,0,0,0
U_ISSSTE_714,QRIST000043,023-204-00,CH Chetumal,10,6,12,28,2,0,0,2,30,5,1,2,0,2,0,11,21
U_ISSSTE_715,QRIST000026,023-204-01,UMF Felipe Carrillo Puerto,0,0,0,0,0,0,0,0,0,1,0,0,0,1,0,0,2
U_ISSSTE_716,QRIST000060,023-204-02,UMF José Ma. Morelos,0,0,0,0,0,0,0,0,0,0,0,0,0,0,0,0,0
U_ISSSTE_717,QRIST000096,023-204-03,CAF Bacalar,0,0,0,0,0,0,0,0,0,0,0,0,0,0,0,0,0
U_ISSSTE_718,QRIST000055,023-205-00,CH Cd. Cancún,6,7,4,17,2,0,0,2,19,6,3,0,0,8,0,0,17
U_ISSSTE_719,QRIST000072,023-205-01,UMF Kantunilkín,0,0,0,0,0,0,0,0,0,0,0,0,0,0,0,2,2
U_ISSSTE_720,QRIST000031,023-205-02,UMF Isla Mujeres,0,0,0,0,0,0,0,0,0,0,0,0,0,0,0,0,0
U_ISSSTE_721,PENDIENTE,023-205-05,UMF Playa del Carmen,0,0,0,0,0,0,0,0,0,0,0,0,0,0,0,0,0
U_ISSSTE_722,QRIST000014,023-206-00,CMFEQ Cozumel,0,0,0,0,0,0,0,0,0,13,0,0,0,2,0,2,17
U_ISSSTE_723,QRIST000084,023-207-00,CE Clidda Chetumal,0,0,0,0,0,0,0,0,0,0,0,0,0,0,0,0,0
U_ISSSTE_724,SPIST000113,024-204-00,"HG San Luis Potosí, S.L.P.",30,18,14,62,8,0,0,8,70,20,0,5,4,7,0,10,46
U_ISSSTE_725,SPIST000055,024-205-00,CH Ciudad Valles,10,9,4,23,3,0,0,3,26,8,1,3,0,2,0,0,14
U_ISSSTE_726,SPIST000072,024-205-02,UMF Ébano,0,0,0,0,0,0,0,0,0,0,0,0,0,0,0,0,0
U_ISSSTE_727,SPIST000282,024-205-03,CAF Tamasopo,0,0,0,0,0,0,0,0,0,0,0,0,0,0,0,0,0
U_ISSSTE_728,SPIST000154,024-205-04,UMF Tanquián de Escobedo,0,0,0,0,0,0,0,0,0,0,0,0,0,0,0,0,0
U_ISSSTE_729,SPIST000183,024-205-05,UMF Xilitla,0,0,0,0,0,0,0,0,0,0,0,0,0,0,0,0,0
U_ISSSTE_730,SPIST000043,024-205-10,UMF Tancanhuitz de Santos,0,0,0,0,0,0,0,0,0,0,0,0,0,0,0,0,0
U_ISSSTE_731,SPIST000294,024-205-11,CAF San Vicente,0,0,0,0,0,0,0,0,0,0,0,0,0,0,0,0,0
U_ISSSTE_732,SPIST000311,024-205-14,CAF El Naranjo,0,0,0,0,0,0,0,0,0,0,0,0,0,0,0,0,0
U_ISSSTE_733,SPIST000212,024-206-00,"CMFEQ Dr. Pedro Bárcena Hiriart, S.L.P.",0,0,0,0,0,0,0,0,0,0,0,0,0,0,0,0,0
U_ISSSTE_734,SPIST000130,024-206-01,UMF Col. Burócratas,0,0,0,0,0,0,0,0,0,0,0,0,0,0,0,0,0
U_ISSSTE_735,SPIST000026,024-206-03,UMF Cerritos,0,0,0,0,0,0,0,0,0,0,0,0,0,0,0,0,0
U_ISSSTE_736,SPIST000060,024-206-04,UMF Cd. Charcas,0,0,0,0,0,0,0,0,0,0,0,0,0,0,0,0,0
U_ISSSTE_737,SPIST000101,024-206-05,UMF Salinas de Hidalgo,0,0,0,0,0,0,0,0,0,0,0,0,0,0,0,0,0
U_ISSSTE_738,SPIST000166,024-206-07,UMF Villa Hidalgo,0,0,0,0,0,0,0,0,0,0,0,0,0,0,0,0,0
U_ISSSTE_739,SPIST000270,024-206-09,UMF Soledad de Graciano Sánchez,0,0,0,0,0,0,0,0,0,0,0,0,0,0,0,0,0
U_ISSSTE_740,SPIST000224,024-206-12,CMCT Casa de Moneda,0,0,0,0,0,0,0,0,0,0,0,0,0,0,0,0,0
U_ISSSTE_741,SPIST000265,024-206-14,CAF Santa María del Río,0,0,0,0,0,0,0,0,0,0,0,0,0,0,0,0,0
U_ISSSTE_742,SPIST000236,024-206-15,CMCT SNTE  (San Luís Potosí),0,0,0,0,0,0,0,0,0,0,0,0,0,0,0,0,0
U_ISSSTE_743,SPIST000241,024-206-16,CMCT Secretaría de Educación del Estado de San Luis Potosí-SEP,0,0,0,0,0,0,0,0,0,0,0,0,0,0,0,0,0
U_ISSSTE_744,SPIST000084,024-207-00,CH Matehuala,2,2,2,6,2,1,0,3,9,1,1,1,0,0,1,0,4
U_ISSSTE_745,SPIST000142,024-208-00,CH Tamazunchale,2,3,3,8,2,0,0,2,10,2,0,3,0,1,0,0,6
U_ISSSTE_746,SPIST000171,024-208-01,UMF Axtla de Terrazas,0,0,0,0,0,0,0,0,0,0,0,0,0,0,0,0,0
U_ISSSTE_747,SPIST000253,024-208-02,CAF San Martín Chalchicuautla,0,0,0,0,0,0,0,0,0,0,0,0,0,0,0,0,0
U_ISSSTE_748,SPIST000306,024-208-03,CAF Matlapa,0,0,0,0,0,0,0,0,0,0,0,0,0,0,0,0,0
U_ISSSTE_749,SPIST000096,024-209-00,CH Ríoverde,3,3,2,8,2,0,0,2,10,2,0,2,0,2,0,2,8
U_ISSSTE_750,SPIST000014,024-209-01,UMF Cárdenas,0,0,0,0,0,0,0,0,0,0,0,0,0,0,0,0,0
U_ISSSTE_751,SPIST000031,024-209-02,UMF Cd. del Maíz,0,0,0,0,0,0,0,0,0,0,0,0,0,0,0,0,0
U_ISSSTE_752,SPIST000200,024-209-03,CAF San Ciro de Acosta,0,0,0,0,0,0,0,0,0,0,0,0,0,0,0,0,0
U_ISSSTE_753,SLIST000196,025-204-00,CH Mazatlán,22,21,11,54,7,0,0,7,61,1,4,0,6,6,0,2,19
U_ISSSTE_754,SLIST000056,025-204-01,UMF Concordia,0,0,0,0,0,0,0,0,0,0,0,0,0,0,0,0,0
U_ISSSTE_755,SLIST000225,025-204-03,UMF El Rosario,0,0,0,0,0,0,0,0,0,0,0,0,0,0,0,0,0
U_ISSSTE_756,SLIST000131,025-204-04,UMF Escuinapa,0,0,0,0,0,0,0,0,0,0,0,0,0,0,0,3,3
U_ISSSTE_757,SLIST000242,025-204-05,UMF San Ignacio,0,0,0,0,0,0,0,0,0,0,0,0,0,0,0,0,0
U_ISSSTE_758,SLIST000201,025-204-07,UMF La Esperanza,0,0,0,0,0,0,0,0,0,0,0,0,0,0,0,0,0
U_ISSSTE_759,SLIST000015,025-205-00,CH Los Mochis,15,16,11,42,6,0,0,6,48,8,6,4,0,4,0,0,22
U_ISSSTE_760,SLIST000020,025-205-01,UMF Ahome,0,0,0,0,0,0,0,0,0,0,0,0,0,0,0,0,0
U_ISSSTE_761,SLIST000172,025-205-03,UMF Estación Bamoa,0,0,0,0,0,0,0,0,0,0,0,0,0,0,0,0,0
U_ISSSTE_762,SLIST000114,025-205-04,UMF Choix,0,0,0,0,0,0,0,0,0,0,0,0,0,0,0,0,0
U_ISSSTE_763,SLIST000283,025-205-05,CAF El Carrizo,0,0,0,0,0,0,0,0,0,0,0,0,0,0,0,0,0
U_ISSSTE_764,SLIST000143,025-205-06,UMF El Fuerte,0,0,0,0,0,0,0,0,0,0,0,0,0,0,0,0,0
U_ISSSTE_765,SLIST000370,025-205-07,CAF Estación Naranjo,0,0,0,0,0,0,0,0,0,0,0,0,0,0,0,0,0
U_ISSSTE_766,SLIST000295,025-205-09,CAF Higuera de Zaragoza,0,0,0,0,0,0,0,0,0,0,0,0,0,0,0,0,0
U_ISSSTE_767,SLIST000184,025-205-10,UMF Gral. Juan José Ríos,0,0,0,0,0,0,0,0,0,0,0,0,0,0,0,0,0
U_ISSSTE_768,SLIST000353,025-205-11,CAF Adolfo Ruíz Cortines,0,0,0,0,0,0,0,0,0,0,0,0,0,0,0,0,0
U_ISSSTE_769,SLIST000155,025-205-12,UMF San Blas,0,0,0,0,0,0,0,0,0,0,0,0,0,0,0,0,0
U_ISSSTE_770,SLIST000254,025-205-13,UMF Sinaloa de Leyva,0,0,0,0,0,0,0,0,0,0,0,0,0,0,0,0,0
U_ISSSTE_771,SLIST000266,025-205-14,UMF Ocoroni,0,0,0,0,0,0,0,0,0,0,0,0,0,0,0,0,0
U_ISSSTE_772,SLIST000073,025-206-00,CMF Culiacán,0,0,0,0,0,0,0,0,0,0,0,0,0,0,0,0,0
U_ISSSTE_773,SLIST000032,025-206-01,UMF Angostura,0,0,0,0,0,0,0,0,0,0,0,0,0,0,0,0,0
U_ISSSTE_774,SLIST000044,025-206-02,UMF Badiraguato,0,0,0,0,0,0,0,0,0,0,0,0,0,0,0,0,0
U_ISSSTE_775,SLIST000061,025-206-03,UMF Cosalá,0,0,0,0,0,0,0,0,0,0,0,0,0,0,0,0,0
U_ISSSTE_776,SLIST000102,025-206-04,UMF El Dorado,0,0,0,0,0,0,0,0,0,0,0,0,0,0,0,0,0
U_ISSSTE_777,SLIST000230,025-206-05,UMF Guamúchil,0,0,0,0,0,0,0,0,0,0,0,0,0,0,0,0,0
U_ISSSTE_778,SLIST000126,025-206-06,UMF Estación la Cruz,0,0,0,0,0,0,0,0,0,0,0,0,0,0,0,0,0
U_ISSSTE_779,SLIST000213,025-206-07,UMF Mocorito,0,0,0,0,0,0,0,0,0,0,0,0,0,0,0,0,0
U_ISSSTE_780,SLIST000271,025-206-08,UMF Navolato,0,0,0,0,0,0,0,0,0,0,0,0,0,0,0,0,0
U_ISSSTE_781,SLIST000365,025-206-09,UMF Pericos,0,0,0,0,0,0,0,0,0,0,0,0,0,0,0,0,0
U_ISSSTE_782,SLIST000336,025-206-10,UMF Quilá,0,0,0,0,0,0,0,0,0,0,0,0,0,0,0,0,0
U_ISSSTE_783,SLIST000312,025-206-12,CAF UH. FOVISSSTE CATRA (Casa del Trabajador),0,0,0,0,0,0,0,0,0,0,0,0,0,0,0,0,0
U_ISSSTE_784,SLIST000300,025-206-13,CAF Gato de Lara,0,0,0,0,0,0,0,0,0,0,0,0,0,0,0,0,0
U_ISSSTE_785,SLIST000324,025-206-14,UMF Costa Rica,0,0,0,0,0,0,0,0,0,0,0,0,0,0,0,0,0
U_ISSSTE_786,SLIST000090,025-206-15,UMF Col. STASE,0,0,0,0,0,0,0,0,0,0,0,0,0,0,0,0,0
U_ISSSTE_787,PENDIENTE,025-208-00,CMFEQ Guasave,0,0,0,0,0,0,0,0,0,3,0,0,0,0,0,0,3
U_ISSSTE_788,SRIST000133,026-204-00,"HG Dr. Fernando Ocaranza, Hermosillo",34,28,6,68,11,0,0,11,79,19,3,3,3,7,0,6,41
U_ISSSTE_789,SRIST000046,026-205-00,CH Cd. Obregón,13,16,8,37,4,0,0,4,41,7,4,4,1,3,0,0,19
U_ISSSTE_790,SRIST000051,026-205-01,UMF Estación Esperanza,0,0,0,0,0,0,0,0,0,0,0,0,0,0,0,0,0
U_ISSSTE_791,SRIST000116,026-205-02,UMF Estación Vicam,0,0,0,0,0,0,0,0,0,0,0,0,0,0,0,0,0
U_ISSSTE_792,SRIST000080,026-205-03,UMF Villa Juárez,0,0,0,0,0,0,0,0,0,0,0,0,0,0,0,0,0
U_ISSSTE_793,SRIST000261,026-205-04,CAF UH. FOVISSSTE No. 2 Cd. Obregón,0,0,0,0,0,0,0,0,0,0,0,0,0,0,0,0,0
U_ISSSTE_794,SRIST000401,026-205-06,CAF Rosario Tesopaco,0,0,0,0,0,0,0,0,0,0,0,0,0,0,0,0,0
U_ISSSTE_795,SRIST000162,026-206-00,CH Navojoa,6,8,6,20,9,0,0,9,29,4,1,2,0,1,0,5,13
U_ISSSTE_796,SRIST000022,026-206-01,UMF Álamos,0,0,0,0,0,0,0,0,0,0,0,0,0,0,0,0,0
U_ISSSTE_797,SRIST000092,026-206-02,UMF Bacobampo,0,0,0,0,0,0,0,0,0,0,0,0,0,0,0,0,0
U_ISSSTE_798,SRIST000145,026-206-03,UMF Huatabampo,0,0,0,0,0,0,0,0,0,0,0,0,0,0,0,0,0
U_ISSSTE_799,SRIST000302,026-206-04,UMF Etchojoa,0,0,0,0,0,0,0,0,0,0,0,0,0,0,0,0,0
U_ISSSTE_800,SRIST000104,026-208-00,CH Guaymas,1,1,1,3,1,0,0,1,4,5,0,0,0,1,0,0,6
U_ISSSTE_801,SRIST000075,026-208-01,UMF Empalme,0,0,0,0,0,0,0,0,0,0,0,0,0,0,0,2,2
U_ISSSTE_802,SRIST000203,026-211-00,CH San Luís Río Colorado,2,2,1,5,1,0,0,1,6,2,0,0,0,3,1,1,7
U_ISSSTE_803,SRIST000186,026-211-01,UMF Puerto Peñasco,0,0,0,0,0,0,0,0,0,0,0,0,0,0,0,1,1
U_ISSSTE_804,SRIST000232,026-211-02,UMF Sonoyta,0,0,0,0,0,0,0,0,0,0,0,0,0,0,0,0,0
U_ISSSTE_805,SRIST000121,026-212-00,CMF Hermosillo,0,0,0,0,0,0,0,0,0,0,0,0,0,0,0,0,0
U_ISSSTE_806,SRIST000256,026-212-01,CAF Aconchi (Baviácora),0,0,0,0,0,0,0,0,0,0,0,0,0,0,0,0,0
U_ISSSTE_807,SRIST000285,026-212-02,CAF Carbó,0,0,0,0,0,0,0,0,0,0,0,0,0,0,0,0,0
U_ISSSTE_808,SRIST000290,026-212-03,CAF Cumpas,0,0,0,0,0,0,0,0,0,0,0,0,0,0,0,0,0
U_ISSSTE_809,SRIST000150,026-212-04,UMF Moctezuma,0,0,0,0,0,0,0,0,0,0,0,0,0,0,0,0,0
U_ISSSTE_810,SRIST000220,026-212-05,UMF Ures,0,0,0,0,0,0,0,0,0,0,0,0,0,0,0,0,0
U_ISSSTE_811,SRIST000191,026-212-06,UMF Sahuaripa,0,0,0,0,0,0,0,0,0,0,0,0,0,0,0,0,0
U_ISSSTE_812,SRIST000326,026-212-07,CAF Poblado Miguel Alemán,0,0,0,0,0,0,0,0,0,0,0,0,0,0,0,0,0
U_ISSSTE_813,SRIST000331,026-212-08,CAF UH. FOVISSSTE No. 1 Hermosillo,0,0,0,0,0,0,0,0,0,0,0,0,0,0,0,0,0
U_ISSSTE_814,SRIST000360,026-212-10,CAF Mazatán,0,0,0,0,0,0,0,0,0,0,0,0,0,0,0,0,0
U_ISSSTE_815,SRIST000425,026-212-11,CAF Huépac,0,0,0,0,0,0,0,0,0,0,0,0,0,0,0,0,0
U_ISSSTE_816,SRIST000174,026-215-00,CH Nogales,2,3,1,6,2,0,0,2,8,4,1,1,0,1,0,0,7
U_ISSSTE_817,SRIST000034,026-215-01,UMF Caborca,0,0,0,0,0,0,0,0,0,0,0,0,0,0,0,0,0
U_ISSSTE_818,SRIST000244,026-215-02,CAF Cd. Magdalena de Kino,0,0,0,0,0,0,0,0,0,0,0,0,0,0,0,0,0
U_ISSSTE_819,SRIST000215,026-215-03,UMF Santa Ana,0,0,0,0,0,0,0,0,0,0,0,0,0,0,0,0,0
U_ISSSTE_820,SRIST000355,026-215-04,CAF Imuris,0,0,0,0,0,0,0,0,0,0,0,0,0,0,0,0,0
U_ISSSTE_821,SRIST000010,026-215-06,UMF Agua Prieta,0,0,0,0,0,0,0,0,0,0,0,0,0,0,0,1,1
U_ISSSTE_822,SRIST000063,026-215-09,UMF Cananea,0,0,0,0,0,0,0,0,0,0,0,0,0,0,0,0,0
U_ISSSTE_823,TCIST000273,027-204-00,HG Villahermosa,36,36,10,82,8,0,0,8,90,17,5,5,5,12,5,7,56
U_ISSSTE_824,TCIST000034,027-205-00,CMF Cárdenas,0,0,0,0,0,0,0,0,0,0,0,0,0,0,0,0,0
U_ISSSTE_825,TCIST000186,027-206-00,"CMF Casablanca, Villahermosa",0,0,0,0,0,0,0,0,0,0,0,0,0,0,0,0,0
U_ISSSTE_826,TCIST000010,027-206-01,UMF Balancán de Domínguez,0,0,0,0,0,0,0,0,0,0,0,0,0,0,0,0,0
U_ISSSTE_827,TCIST000075,027-206-02,UMF Comalcalco,0,0,0,0,0,0,0,0,0,0,0,0,0,0,0,0,0
U_ISSSTE_828,TCIST000080,027-206-03,UMF Cunduacán,0,0,0,0,0,0,0,0,0,0,0,0,0,0,0,0,0
U_ISSSTE_829,TCIST000092,027-206-04,UMF Emiliano Zapata,0,0,0,0,0,0,0,0,0,0,0,0,0,0,0,0,0
U_ISSSTE_830,TCIST000051,027-206-05,UMF Frontera Centla,0,0,0,0,0,0,0,0,0,0,0,0,0,0,0,0,0
U_ISSSTE_831,TCIST000104,027-206-06,UMF Huimanguillo,0,0,0,0,0,0,0,0,0,0,0,0,0,0,0,0,0
U_ISSSTE_832,TCIST000116,027-206-07,UMF Jalpa de Méndez,0,0,0,0,0,0,0,0,0,0,0,0,0,0,0,0,0
U_ISSSTE_833,TCIST000121,027-206-08,UMF Macuspana,0,0,0,0,0,0,0,0,0,0,0,0,0,0,0,0,0
U_ISSSTE_834,TCIST000145,027-206-09,UMF Paraíso,0,0,0,0,0,0,0,0,0,0,0,0,0,0,0,0,0
U_ISSSTE_835,TCIST000162,027-206-10,UMF Teapa,0,0,0,0,0,0,0,0,0,0,0,0,0,0,0,0,0
U_ISSSTE_836,TCIST000174,027-206-11,UMF Tenosique de Pino Suárez,0,0,0,0,0,0,0,0,0,0,0,0,0,0,0,0,0
U_ISSSTE_837,TCIST000046,027-206-12,UMF Villa Benito Juárez (Cárdenas),0,0,0,0,0,0,0,0,0,0,0,0,0,0,0,0,0
U_ISSSTE_838,TCIST000133,027-206-13,CAF Nacajuca,0,0,0,0,0,0,0,0,0,0,0,0,0,0,0,0,0
U_ISSSTE_839,TCIST000150,027-206-15,UMF Tacotalpa,0,0,0,0,0,0,0,0,0,0,0,0,0,0,0,0,0
U_ISSSTE_840,TCIST000244,027-206-17,CAF Jalapa,0,0,0,0,0,0,0,0,0,0,0,0,0,0,0,0,0
U_ISSSTE_841,TCIST000022,027-206-18,UMF El Triunfo,0,0,0,0,0,0,0,0,0,0,0,0,0,0,0,0,0
U_ISSSTE_842,TCIST000256,027-206-19,CAF Jonuta,0,0,0,0,0,0,0,0,0,0,0,0,0,0,0,0,0
U_ISSSTE_843,TCIST000261,027-206-20,CAF Villa Benito Juárez (Macuspana),0,0,0,0,0,0,0,0,0,0,0,0,0,0,0,0,0
U_ISSSTE_844,TCIST000215,027-206-22,CAF Tamulté de Las Sábanas,0,0,0,0,0,0,0,0,0,0,0,0,0,0,0,0,0
U_ISSSTE_845,TSIST000153,028-204-00,CH Cd. Victoria,23,29,12,64,6,0,0,6,70,9,1,3,2,4,1,3,23
U_ISSSTE_846,TSIST000013,028-204-01,UMF Abasolo,0,0,0,0,0,0,0,0,0,0,0,0,0,0,0,0,0
U_ISSSTE_847,TSIST000310,028-204-02,CAF El Barretal,0,0,0,0,0,0,0,0,0,0,0,0,0,0,0,0,0
U_ISSSTE_848,TSIST000252,028-204-03,UMF Jaumave,0,0,0,0,0,0,0,0,0,0,0,0,0,0,0,0,0
U_ISSSTE_849,TSIST000264,028-204-04,CAF Santander Jiménez,0,0,0,0,0,0,0,0,0,0,0,0,0,0,0,0,0
U_ISSSTE_850,TSIST000240,028-204-05,CAF Hidalgo,0,0,0,0,0,0,0,0,0,0,0,0,0,0,0,0,0
U_ISSSTE_851,TSIST000042,028-204-06,UMF Llera de Canales,0,0,0,0,0,0,0,0,0,0,0,0,0,0,0,0,0
U_ISSSTE_852,TSIST000305,028-204-08,CAF Padilla,0,0,0,0,0,0,0,0,0,0,0,0,0,0,0,0,0
U_ISSSTE_853,TSIST000322,028-204-09,CAF Tula,0,0,0,0,0,0,0,0,0,0,0,0,0,0,0,0,0
U_ISSSTE_854,TSIST000334,028-204-10,CAF Villagrán,0,0,0,0,0,0,0,0,0,0,0,0,0,0,0,0,0
U_ISSSTE_855,TSIST000124,028-204-12,CAF Soto La Marina,0,0,0,0,0,0,0,0,0,0,0,0,0,0,0,0,0
U_ISSSTE_856,TSIST000100,028-206-00,"CH Dr. Baudelio Villanueva, Reynosa",20,20,10,50,1,1,1,3,53,3,1,0,2,1,0,4,11
U_ISSSTE_857,TSIST000025,028-206-01,UMF Cd. Camargo,0,0,0,0,0,0,0,0,0,0,0,0,0,0,0,0,0
U_ISSSTE_858,TSIST000235,028-206-02,CAF Cd. Gustavo Díaz Ordaz,0,0,0,0,0,0,0,0,0,0,0,0,0,0,0,0,0
U_ISSSTE_859,TSIST000083,028-206-04,UMF Cd. Miguel Alemán,0,0,0,0,0,0,0,0,0,0,0,0,0,0,0,0,0
U_ISSSTE_860,TSIST000281,028-206-05,CAF Cd. Mier,0,0,0,0,0,0,0,0,0,0,0,0,0,0,0,0,0
U_ISSSTE_861,TSIST000071,028-207-00,"CH Dr. Manuel F. Rodriguez, Matamoros",12,21,3,36,1,0,0,1,37,5,0,0,3,0,0,9,17
U_ISSSTE_862,TSIST000276,028-207-01,CAF Control,0,0,0,0,0,0,0,0,0,0,0,0,0,0,0,2,2
U_ISSSTE_863,TSIST000141,028-207-02,UMF Valle Hermoso,0,0,0,0,0,0,0,0,0,0,0,0,0,0,0,0,0
U_ISSSTE_864,TSIST000112,028-207-03,UMF San Fernando,0,0,0,0,0,0,0,0,0,0,0,0,0,0,0,0,0
U_ISSSTE_865,TSIST000095,028-208-00,"CH Agosto 12, Nuevo Laredo",12,21,4,37,3,0,0,3,40,4,0,2,5,2,0,5,18
U_ISSSTE_866,TSIST000223,028-208-01,CAF Nueva Cd. Guerrero,0,0,0,0,0,0,0,0,0,0,0,0,0,0,0,0,0
U_ISSSTE_867,TSIST000170,028-209-00,CH Río Bravo,3,3,2,8,2,0,0,2,10,3,0,2,0,2,0,0,7
U_ISSSTE_868,TSIST000054,028-210-00,CH Cd. Mante,5,5,5,15,5,0,0,5,20,3,0,2,0,0,0,0,5
U_ISSSTE_869,TSIST000066,028-210-01,UMF Los Aztecas,0,0,0,0,0,0,0,0,0,0,0,0,0,0,0,0,0
U_ISSSTE_870,TSIST000293,028-210-02,UMF Ocampo,0,0,0,0,0,0,0,0,0,0,0,0,0,0,0,0,0
U_ISSSTE_871,TSIST000030,028-210-03,UMF Villa González,0,0,0,0,0,0,0,0,0,0,0,0,0,0,0,0,0
U_ISSSTE_872,TSIST000165,028-210-04,UMF Villa Xicoténcatl,0,0,0,0,0,0,0,0,0,0,0,0,0,0,0,0,0
U_ISSSTE_873,TSIST000136,028-211-00,CMFEQ Tampico,0,0,0,0,0,0,0,0,0,0,0,0,0,0,0,0,0
U_ISSSTE_874,TSIST000194,028-211-01,CAF Villa Aldama,0,0,0,0,0,0,0,0,0,0,0,0,0,0,0,0,0
U_ISSSTE_875,TSIST000211,028-211-02,CAF UHF. Las Arboledas,0,0,0,0,0,0,0,0,0,0,0,0,0,0,0,0,0
U_ISSSTE_876,TSIST000206,028-211-03,UMF Altamira,0,0,0,0,0,0,0,0,0,0,0,0,0,0,0,0,0
U_ISSSTE_877,TSIST000345,028-214-00,CMF Cd. Victoria,0,0,0,0,0,0,0,0,0,0,0,0,0,0,0,0,0
U_ISSSTE_878,TSIST000363,028-215-00,HG Tampico,43,46,8,97,6,0,0,6,103,21,4,2,4,8,0,28,67
U_ISSSTE_879,TLIST000042,029-204-00,HG Tlaxcala,25,28,14,67,4,2,0,6,73,12,1,4,4,12,0,9,42
U_ISSSTE_880,TLIST000013,029-204-01,UMF Apizaco,0,0,0,0,0,0,0,0,0,0,0,0,0,0,0,0,0
U_ISSSTE_881,TLIST000025,029-204-02,UMF Calpulalpan,0,0,0,0,0,0,0,0,0,0,0,0,0,0,0,0,0
U_ISSSTE_882,TLIST000030,029-204-03,UMF Huamantla,0,0,0,0,0,0,0,0,0,0,0,0,0,0,0,0,0
U_ISSSTE_883,TLIST000054,029-204-04,UMF Zacatelco,0,0,0,0,0,0,0,0,0,0,0,0,0,0,0,0,0
U_ISSSTE_884,TLIST000066,029-205-00,CMF Tlaxcala,0,0,0,0,0,0,0,0,0,0,0,0,0,0,0,0,0
U_ISSSTE_885,VZIST000120,030-204-00,CH Xalapa,26,34,12,72,8,0,0,8,80,16,4,4,0,7,0,11,42
U_ISSSTE_886,VZIST000050,030-204-01,UMF Coatepec,0,0,0,0,0,0,0,0,0,0,0,0,0,0,0,0,0
U_ISSSTE_887,VZIST000202,030-204-02,UMF Perote,0,0,0,0,0,0,0,0,0,0,0,0,0,0,0,0,0
U_ISSSTE_888,VZIST000470,030-204-03,CAF Rinconada,0,0,0,0,0,0,0,0,0,0,0,0,0,0,0,0,0
U_ISSSTE_889,VZIST000593,030-204-04,CAF Xico,0,0,0,0,0,0,0,0,0,0,0,0,0,0,0,0,0
U_ISSSTE_890,VZIST000540,030-204-06,CAF Inmecafé,0,0,0,0,0,0,0,0,0,0,0,0,0,0,0,0,0
U_ISSSTE_891,VZIST000552,030-204-07,CAF UH. FOVISSSTE No. 2 Xalapa,0,0,0,0,0,0,0,0,0,0,0,0,0,0,0,0,0
U_ISSSTE_892,VZIST000564,030-204-08,CMCT Secretaría de Educación del Estado de Veracruz-SEP,0,0,0,0,0,0,0,0,0,0,0,0,0,0,0,0,0
U_ISSSTE_893,VZIST000576,030-204-09,CMCT SNTE (Veracruz),0,0,0,0,0,0,0,0,0,0,0,0,0,0,0,0,0
U_ISSSTE_894,VZIST000330,030-204-10,CAF Altotonga,0,0,0,0,0,0,0,0,0,0,0,0,0,0,0,0,0
U_ISSSTE_895,VZIST000354,030-204-11,CAF Atzalan,0,0,0,0,0,0,0,0,0,0,0,0,0,0,0,0,0
U_ISSSTE_896,VZIST000424,030-206-00,CMFEQ Córdoba,0,0,0,0,0,0,0,0,0,0,0,0,0,3,1,2,6
U_ISSSTE_897,VZIST000506,030-206-01,UMF Huatusco de Chicuéllar,0,0,0,0,0,0,0,0,0,0,0,0,0,0,0,0,0
U_ISSSTE_898,VZIST000733,030-206-02,CAF Tezonapa,0,0,0,0,0,0,0,0,0,0,0,0,0,0,0,0,0
U_ISSSTE_899,VZIST000663,030-206-04,CAF Paso del Macho,0,0,0,0,0,0,0,0,0,0,0,0,0,0,0,0,0
U_ISSSTE_900,VZIST000272,030-206-05,UMF Tierra Blanca,0,0,0,0,0,0,0,0,0,0,0,0,0,0,0,0,0
U_ISSSTE_901,VZIST000173,030-207-00,CH Orizaba,6,11,6,23,2,0,0,2,25,4,2,2,0,2,1,9,20
U_ISSSTE_902,VZIST000313,030-207-02,UMF Zongolica,0,0,0,0,0,0,0,0,0,0,0,0,0,0,0,0,0
U_ISSSTE_903,VZIST000296,030-208-00,CH Tuxpan,11,12,6,29,2,0,0,2,31,3,1,0,0,3,0,15,22
U_ISSSTE_904,VZIST000716,030-208-01,CAF Tamiahua,0,0,0,0,0,0,0,0,0,0,0,0,0,0,0,0,0
U_ISSSTE_905,VZIST000774,030-208-02,CAF UH. FOVISSSTE No. 1 Tuxpan,0,0,0,0,0,0,0,0,0,0,0,0,0,0,0,0,0
U_ISSSTE_906,VZIST000255,030-208-03,UMF Tantoyuca,0,0,0,0,0,0,0,0,0,0,0,0,0,0,0,1,1
U_ISSSTE_907,VZIST000366,030-208-04,CAF Benito Juárez,0,0,0,0,0,0,0,0,0,0,0,0,0,0,0,0,0
U_ISSSTE_908,VZIST000091,030-208-05,UMF Chicontepec de Tejeda,0,0,0,0,0,0,0,0,0,0,0,0,0,0,0,0,0
U_ISSSTE_909,VZIST000675,030-208-06,CAF Platón Sánchez,0,0,0,0,0,0,0,0,0,0,0,0,0,0,0,0,0
U_ISSSTE_910,VZIST000721,030-208-07,CAF Tempoal de Sánchez,0,0,0,0,0,0,0,0,0,0,0,0,0,0,0,0,0
U_ISSSTE_911,VZIST000045,030-208-08,UMF Cerro Azul,0,0,0,0,0,0,0,0,0,1,0,0,0,0,0,0,1
U_ISSSTE_912,VZIST000864,030-208-09,UMF Naranjos,0,0,0,0,0,0,0,0,0,0,0,0,0,1,0,1,2
U_ISSSTE_913,VZIST000646,030-208-10,CAF Ozuluama,0,0,0,0,0,0,0,0,0,0,0,0,0,0,0,0,0
U_ISSSTE_914,VZIST000185,030-208-11,UMF Pánuco,0,0,0,0,0,0,0,0,0,0,0,0,0,1,0,0,1
U_ISSSTE_915,VZIST000844,030-208-12,CAF El Higo,0,0,0,0,0,0,0,0,0,0,0,0,0,0,0,0,0
U_ISSSTE_916,VZIST000680,030-208-13,CAF Cd. Cuauhtémoc,0,0,0,0,0,0,0,0,0,0,0,0,0,0,0,0,0
U_ISSSTE_917,VZIST000226,030-209-00,CH Poza Rica de Hidalgo,14,18,6,38,1,0,1,2,40,9,3,4,0,3,1,0,20
U_ISSSTE_918,VZIST000651,030-209-01,UMF Álamo,0,0,0,0,0,0,0,0,0,0,0,0,0,0,0,0,0
U_ISSSTE_919,VZIST000400,030-209-02,CAF Cazones de Herrera,0,0,0,0,0,0,0,0,0,0,0,0,0,0,0,0,0
U_ISSSTE_920,VZIST000453,030-209-03,CAF Coyutla,0,0,0,0,0,0,0,0,0,0,0,0,0,0,0,0,0
U_ISSSTE_921,VZIST000103,030-209-05,UMF Gutiérrez Zamora,0,0,0,0,0,0,0,0,0,0,0,0,0,0,0,0,0
U_ISSSTE_922,VZIST000115,030-209-06,UMF Huayacocotla,0,0,0,0,0,0,0,0,0,0,0,0,0,0,0,0,0
U_ISSSTE_923,VZIST000535,030-209-07,CAF Ixhuatlán de Madero,0,0,0,0,0,0,0,0,0,0,0,0,0,0,0,0,0
U_ISSSTE_924,VZIST000190,030-209-09,UMF Papantla,0,0,0,0,0,0,0,0,0,0,0,0,0,0,0,0,0
U_ISSSTE_925,VZIST000086,030-209-11,UMF Cosamaloapan de Carpio,0,0,0,0,0,0,0,0,0,0,0,0,0,0,0,0,0
U_ISSSTE_926,VZIST000074,030-209-12,UMF Cd. Miguel Alemán,0,0,0,0,0,0,0,0,0,0,0,0,0,0,0,0,0
U_ISSSTE_927,VZIST000062,030-210-00,CH Coatzacoalcos,4,4,2,10,0,1,1,2,12,0,0,2,0,1,2,9,14
U_ISSSTE_928,VZIST000832,030-210-01,CAF Agua Dulce,0,0,0,0,0,0,0,0,0,0,0,0,0,0,0,0,0
U_ISSSTE_929,VZIST000412,030-210-02,CAF UH. FOVISSSTE No. 3 Coatzacoalcos,0,0,0,0,0,0,0,0,0,0,0,0,0,0,0,0,0
U_ISSSTE_930,VZIST000465,030-210-03,CAF Las Choapas,0,0,0,0,0,0,0,0,0,0,0,0,0,0,0,0,0
U_ISSSTE_931,VZIST000231,030-213-00,CMF San Andrés Tuxtla,0,0,0,0,0,0,0,0,0,0,0,0,0,1,1,1,3
U_ISSSTE_932,VZIST000395,030-213-01,CAF Catemaco,0,0,0,0,0,0,0,0,0,0,0,0,0,0,0,0,0
U_ISSSTE_933,VZIST000511,030-213-02,CAF Juan Díaz Covarrubias,0,0,0,0,0,0,0,0,0,0,0,0,0,0,0,0,0
U_ISSSTE_934,VZIST000605,030-213-03,CAF Juan Rodríguez Clara,0,0,0,0,0,0,0,0,0,0,0,0,0,0,0,0,0
U_ISSSTE_935,VZIST000132,030-213-04,UMF Lerdo de Tejada,0,0,0,0,0,0,0,0,0,0,0,0,0,0,0,0,0
U_ISSSTE_936,VZIST000214,030-213-05,UMF Playa Vicente,0,0,0,0,0,0,0,0,0,0,0,0,0,0,0,0,0
U_ISSSTE_937,VZIST000243,030-213-06,UMF Santiago Tuxtla,0,0,0,0,0,0,0,0,0,0,0,0,0,0,0,0,0
U_ISSSTE_938,VZIST000260,030-213-07,UMF Villa Azueta,0,0,0,0,0,0,0,0,0,0,0,0,0,0,0,0,0
U_ISSSTE_939,VZIST000523,030-213-08,CAF Isla,0,0,0,0,0,0,0,0,0,0,0,0,0,0,0,0,0
U_ISSSTE_940,VZIST000156,030-214-00,CMF Minatitlán,0,0,0,0,0,0,0,0,0,3,0,0,0,0,0,1,4
U_ISSSTE_941,VZIST000436,030-214-01,CAF Cosoleacaque,0,0,0,0,0,0,0,0,0,0,0,0,0,0,0,0,0
U_ISSSTE_942,VZIST000494,030-214-02,CAF Hidalgotitlán,0,0,0,0,0,0,0,0,0,0,0,0,0,0,0,0,0
U_ISSSTE_943,VZIST000581,030-214-03,CAF Jáltipan de Morelos,0,0,0,0,0,0,0,0,0,0,0,0,0,0,0,0,0
U_ISSSTE_944,VZIST000856,030-214-04,CAF Tatahuicapan,0,0,0,0,0,0,0,0,0,0,0,0,0,0,0,0,0
U_ISSSTE_945,VZIST000144,030-216-00,CMF Martínez de la Torre,0,0,0,0,0,0,0,0,0,0,0,0,0,0,0,0,0
U_ISSSTE_946,VZIST000161,030-216-03,UMF Misantla,0,0,0,0,0,0,0,0,0,0,0,0,0,0,0,0,0
U_ISSSTE_947,VZIST000622,030-216-04,CAF Nautla,0,0,0,0,0,0,0,0,0,0,0,0,0,0,0,0,0
U_ISSSTE_948,VZIST000284,030-216-05,UMF Tlapacoyan,0,0,0,0,0,0,0,0,0,0,0,0,0,0,0,0,0
U_ISSSTE_949,VZIST000791,030-216-06,CAF Vega de Alatorre,0,0,0,0,0,0,0,0,0,0,0,0,0,0,0,0,0
U_ISSSTE_950,VZIST000016,030-220-00,CMF Acayucan,0,0,0,0,0,0,0,0,0,0,0,0,0,0,0,0,0
U_ISSSTE_951,VZIST000325,030-220-03,CAF La Laguna,0,0,0,0,0,0,0,0,0,0,0,0,0,0,0,0,0
U_ISSSTE_952,VZIST000692,030-220-04,CAF San Juan Evangelista,0,0,0,0,0,0,0,0,0,0,0,0,0,0,0,0,0
U_ISSSTE_953,VZIST000820,030-223-00,CMF Heroica de Veracruz (Coyol),0,0,0,0,0,0,0,0,0,0,0,0,0,0,0,0,0
U_ISSSTE_954,VZIST000021,030-223-01,UMF Alvarado,0,0,0,0,0,0,0,0,0,0,0,0,0,0,0,0,0
U_ISSSTE_955,VZIST000441,030-223-02,CAF La Capilla,0,0,0,0,0,0,0,0,0,0,0,0,0,0,0,0,0
U_ISSSTE_956,VZIST000762,030-223-03,CAF Piedras Negras,0,0,0,0,0,0,0,0,0,0,0,0,0,0,0,0,0
U_ISSSTE_957,VZIST000704,030-223-04,CAF Soledad de Doblado,0,0,0,0,0,0,0,0,0,0,0,0,0,0,0,0,0
U_ISSSTE_958,VZIST000750,030-223-05,CAF Tlacotalpan,0,0,0,0,0,0,0,0,0,0,0,0,0,0,0,0,0
U_ISSSTE_959,VZIST000033,030-223-06,UMF Cd. José Cardel,0,0,0,0,0,0,0,0,0,0,0,0,0,0,0,0,0
U_ISSSTE_960,VZIST000786,030-223-07,CAF Zempoala,0,0,0,0,0,0,0,0,0,0,0,0,0,0,0,0,0
U_ISSSTE_961,VZIST000610,030-223-08,CAF Paso del Toro,0,0,0,0,0,0,0,0,0,0,0,0,0,0,0,0,0
U_ISSSTE_962,VZIST000803,030-223-10,CAF UH. FOVISSSTE Estatuto Jurídico,0,0,0,0,0,0,0,0,0,0,0,0,0,0,0,0,0
U_ISSSTE_963,VZIST000815,030-223-11,CAF UH. FOVISSSTE Las Hortalizas,0,0,0,0,0,0,0,0,0,0,0,0,0,0,0,0,0
U_ISSSTE_964,VZIST000371,030-223-12,CAF UH. FOVISSSTE Floresta,0,0,0,0,0,0,0,0,0,0,0,0,0,0,0,0,0
U_ISSSTE_965,YNIST000112,031-201-00,CMFEQ Mérida (Col. Lindavista),0,0,0,0,0,0,0,0,0,0,0,0,0,0,0,3,3
U_ISSSTE_966,YNIST000136,031-201-01,UMF UHF. San Carlos,0,0,0,0,0,0,0,0,0,0,0,0,0,0,0,0,0
U_ISSSTE_967,YNIST000071,031-201-02,UMF Progreso,0,0,0,0,0,0,0,0,0,0,0,0,0,0,0,0,0
U_ISSSTE_968,YNIST000013,031-201-03,UMF Dzidzantún,0,0,0,0,0,0,0,0,0,0,0,0,0,0,0,0,0
U_ISSSTE_969,YNIST000025,031-201-05,UMF Izamal,0,0,0,0,0,0,0,0,0,0,0,0,0,0,0,0,0
U_ISSSTE_970,YNIST000124,031-201-06,UMF Maxcanú,0,0,0,0,0,0,0,0,0,0,0,0,0,0,0,0,0
U_ISSSTE_971,YNIST000042,031-201-07,UMF Motul de Felipe Carrillo Puerto,0,0,0,0,0,0,0,0,0,0,0,0,0,0,0,0,0
U_ISSSTE_972,YNIST000182,031-201-08,UMF Muna de Leopoldo Arana Cabrera,0,0,0,0,0,0,0,0,0,0,0,0,0,0,0,0,0
U_ISSSTE_973,YNIST000054,031-201-09,UMF Oxkutzcab,0,0,0,0,0,0,0,0,0,0,0,0,0,0,0,0,0
U_ISSSTE_974,YNIST000066,031-201-10,UMF Peto,0,0,0,0,0,0,0,0,0,0,0,0,0,0,0,0,0
U_ISSSTE_975,YNIST000083,031-201-11,UMF Tekax de Álvaro Obregón,0,0,0,0,0,0,0,0,0,0,0,0,0,0,0,3,3
U_ISSSTE_976,YNIST000095,031-201-12,UMF Ticul,0,0,0,0,0,0,0,0,0,0,0,0,0,0,0,0,0
U_ISSSTE_977,YNIST000165,031-201-13,UMF Tizimín,0,0,0,0,0,0,0,0,0,0,0,0,0,0,0,0,0
U_ISSSTE_978,YNIST000153,031-201-14,CAF Tixkokob,0,0,0,0,0,0,0,0,0,0,0,0,0,0,0,0,0
U_ISSSTE_979,YNIST000100,031-201-15,UMF Valladolid,0,0,0,0,0,0,0,0,0,0,0,0,0,0,0,1,1
U_ISSSTE_980,YNIST000170,031-204-00,CH Mérida,22,20,14,56,8,2,0,10,66,0,0,0,1,1,1,4,7
U_ISSSTE_981,ZSIST000160,032-204-00,HG Zacatecas,26,20,10,56,8,0,0,8,64,8,4,2,15,8,0,5,42
U_ISSSTE_982,ZSIST000015,032-204-02,UMF Víctor Calera Rosales,0,0,0,0,0,0,0,0,0,0,0,0,0,0,0,0,0
U_ISSSTE_983,ZSIST000020,032-204-04,UMF Concepción del Oro,0,0,0,0,0,0,0,0,0,0,0,0,0,0,0,0,0
U_ISSSTE_984,ZSIST000196,032-204-08,CAF Estancia de Animas,0,0,0,0,0,0,0,0,0,0,0,0,0,0,0,0,0
U_ISSSTE_985,ZSIST000056,032-204-09,UMF Jalpa,0,0,0,0,0,0,0,0,0,0,0,0,0,0,0,0,0
U_ISSSTE_986,ZSIST000061,032-204-10,UMF Jerez,0,0,0,0,0,0,0,0,0,0,0,0,0,0,0,5,5
U_ISSSTE_987,ZSIST000085,032-204-12,UMF Juchipila,0,0,0,0,0,0,0,0,0,0,0,0,0,0,0,0,0
U_ISSSTE_988,ZSIST000090,032-204-13,UMF Loreto,0,0,0,0,0,0,0,0,0,0,0,0,0,0,0,0,0
U_ISSSTE_989,ZSIST000201,032-204-14,CAF Luis Moya,0,0,0,0,0,0,0,0,0,0,0,0,0,0,0,0,0
U_ISSSTE_990,ZSIST000213,032-204-15,CAF Monte Escobedo,0,0,0,0,0,0,0,0,0,0,0,0,0,0,0,0,0
U_ISSSTE_991,ZSIST000102,032-204-17,UMF Ojocaliente,0,0,0,0,0,0,0,0,0,0,0,0,0,0,0,0,0
U_ISSSTE_992,ZSIST000114,032-204-18,UMF Pinos,0,0,0,0,0,0,0,0,0,0,0,0,0,0,0,0,0
U_ISSSTE_993,ZSIST000225,032-204-22,CAF Tabasco,0,0,0,0,0,0,0,0,0,0,0,0,0,0,0,0,0
U_ISSSTE_994,PENDIENTE,032-204-23,CAF Teúl de González Ortega,0,0,0,0,0,0,0,0,0,0,0,0,0,0,0,0,0
U_ISSSTE_995,ZSIST000143,032-204-24,UMF Tlaltenango de Sánchez Román,0,0,0,0,0,0,0,0,0,0,0,0,0,0,0,0,0
U_ISSSTE_996,ZSIST000184,032-204-25,UMF Hacienda Troncoso,0,0,0,0,0,0,0,0,0,0,0,0,0,0,0,0,0
U_ISSSTE_997,ZSIST000324,032-204-29,CAF Villanueva,0,0,0,0,0,0,0,0,0,0,0,0,0,0,0,0,0
U_ISSSTE_998,ZSIST000266,032-204-33,CAF Cd. Cuauhtémoc,0,0,0,0,0,0,0,0,0,0,0,0,0,0,0,0,0
U_ISSSTE_999,ZSIST000353,032-204-34,UMF Nochistlán,0,0,0,0,0,0,0,0,0,0,0,0,0,0,0,0,0
U_ISSSTE_1000,ZSIST000271,032-204-40,CAF Villa García,0,0,0,0,0,0,0,0,0,0,0,0,0,0,0,0,0
U_ISSSTE_1001,ZSIST000032,032-205-00,CH Fresnillo,2,3,3,8,2,0,0,2,10,6,1,1,0,3,0,1,12
U_ISSSTE_1002,ZSIST000394,032-205-01,CAF Cañitas de Felipe Pescador,0,0,0,0,0,0,0,0,0,0,0,0,0,0,0,0,0
U_ISSSTE_1003,ZSIST000300,032-205-06,CAF Chalchihuites,0,0,0,0,0,0,0,0,0,0,0,0,0,0,0,0,0
U_ISSSTE_1004,ZSIST000073,032-205-11,UMF Juan Aldama,0,0,0,0,0,0,0,0,0,0,0,0,0,0,0,0,0
U_ISSSTE_1005,ZSIST000312,032-205-16,CAF Nieves,0,0,0,0,0,0,0,0,0,0,0,0,0,0,0,0,0
U_ISSSTE_1006,ZSIST000126,032-205-19,UMF Río Grande,0,0,0,0,0,0,0,0,0,0,0,0,0,0,0,0,0
U_ISSSTE_1007,ZSIST000365,032-205-20,CAF Saín Alto,0,0,0,0,0,0,0,0,0,0,0,0,0,0,0,0,0
U_ISSSTE_1008,ZSIST000131,032-205-21,UMF Sombrerete,0,0,0,0,0,0,0,0,0,0,0,0,0,0,0,0,0
U_ISSSTE_1009,ZSIST000155,032-205-26,UMF Valparaíso,0,0,0,0,0,0,0,0,0,0,0,0,0,0,0,0,0
U_ISSSTE_1010,ZSIST000044,032-206-00,CMF Guadalupe,0,0,0,0,0,0,0,0,0,0,0,0,0,0,0,0,0
U_ISSSTE_1011,ZSIST000370,032-207-00,CMF Zacatecas,0,0,0,0,0,0,0,0,0,0,0,0,0,0,0,0,0
U_ISSSTE_1012,SLIST000085,033-203-00,"HR Dr. M.Cárdenas de la Vega, Culiacán",48,43,30,121,15,6,0,21,142,29,8,4,15,10,0,31,97
U_ISSSTE_1013,NLIST000105,035-203-00,HR Monterrey,52,63,7,122,19,0,1,20,142,19,3,0,26,11,0,26,85
U_ISSSTE_1014,PLIST000101,036-203-00,HR Puebla,66,67,20,153,14,6,0,20,173,18,5,5,18,6,4,29,85
U_ISSSTE_1015,GTIST000091,037-203-00,HR León,29,23,9,61,10,0,0,10,71,11,6,4,13,8,0,41,83
U_ISSSTE_1016,YNIST000030,038-203-00,"HR ""Elvia Carrillo Puerto"", Mérida",41,34,16,91,7,5,0,12,103,35,2,0,11,6,4,23,81
U_ISSSTE_1017,OCIST000112,039-203-00,"HR Presidente Benito Juárez, Oax.",50,30,22,102,17,0,0,17,119,42,6,8,6,16,2,78,158
U_ISSSTE_1018,MCIST000425,042-203-00,HR Bicentenario de la Independencia,58,59,39,156,23,0,17,40,196,26,9,10,23,16,3,58,145
U_ISSSTE_1019,MSIST000293,043-203-00,HR Centenario de la Revolución Mexicana,48,48,24,120,19,0,0,19,139,14,6,3,20,13,4,53,113
U_ISSSTE_1020,MNIST000120,044-203-00,HR Morelia,50,50,25,125,13,12,0,25,150,11,6,4,17,19,17,81,155
U_ISSSTE_1021,VZIST000301,045-203-00,HR Veracruz,64,54,27,145,10,3,2,15,160,13,4,3,5,11,4,40,80
U_ISSSTE_1022,GRIST000520,046-203-00,HR Acapulco,87,111,34,232,10,5,3,18,250,60,10,4,5,22,6,52,159
U_ISSSTE_1023,CLIST000350,047-203-00,HR Torreón,113,113,18,244,8,8,0,16,260,60,4,3,24,27,12,26,156
U_ISSSTE_1024,JCIST000955,048-203-00,HR Tlajomulco de Zúñiga,89,112,36,237,15,0,0,15,252,53,3,2,22,26,13,0,119
U_ISSSTE_1025,DFIST000090,090-201-00,HR Primero de Octubre,111,143,31,285,26,5,0,31,316,34,7,7,27,31,0,86,192
U_ISSSTE_1026,DFIST000073,091-205-00,CMF Gustavo A. Madero,0,0,0,0,0,0,0,0,0,0,0,0,0,0,0,0,0
U_ISSSTE_1027,DFIST000621,091-205-01,CMCT IPN-CIEA,0,0,0,0,0,0,0,0,0,0,0,0,0,0,0,0,0
U_ISSSTE_1028,DFIST000085,091-206-00,CMF Aragón,0,0,0,0,0,0,0,0,0,0,0,0,0,0,0,0,0
U_ISSSTE_1029,DFIST000645,091-206-02,CMCT No. 61 SAGARPA-OCAVM (CONAGUA),0,0,0,0,0,0,0,0,0,0,0,0,0,0,0,0,0
U_ISSSTE_1030,DFIST000370,091-207-00,CMF Guadalupe,0,0,0,0,0,0,0,0,0,0,0,0,0,0,0,0,0
U_ISSSTE_1031,DFIST000102,091-208-00,CEQ Centro de Cirugía Ambulatoria 1º de Octubre,0,0,0,0,0,0,0,0,0,0,0,0,0,17,0,0,17
U_ISSSTE_1032,DFIST000481,091-209-00,CE Centro de Apoyo Diagnóstico San Rafael,0,0,0,0,0,0,0,0,0,0,0,0,0,0,0,0,0
U_ISSSTE_1033,DFIST000341,091-210-00,CE Indianilla,0,0,0,0,0,0,0,0,0,0,0,0,0,0,0,1,1
U_ISSSTE_1034,DFIST000382,091-211-00,CMF Cinco de Febrero,0,0,0,0,0,0,0,0,0,0,0,0,0,0,0,0,0
U_ISSSTE_1035,DFIST000394,091-212-00,CMF Juárez,0,0,0,0,0,0,0,0,0,0,0,0,0,0,0,0,0
U_ISSSTE_1036,DFIST000785,091-212-03,CMCT No. 9 Junta de Conciliación y Arbitraje,0,0,0,0,0,0,0,0,0,0,0,0,0,0,0,0,0
U_ISSSTE_1037,DFIST000790,091-212-04,CMCT No. 19 SEGOB,0,0,0,0,0,0,0,0,0,0,0,0,0,0,0,0,0
U_ISSSTE_1038,DFIST000802,091-212-05,CMCT No. 22 COFAA-IPN,0,0,0,0,0,0,0,0,0,0,0,0,0,0,0,0,0
U_ISSSTE_1039,DFIST000406,091-213-00,CMF San Antonio Abad,0,0,0,0,0,0,0,0,0,0,0,0,0,0,0,0,0
U_ISSSTE_1040,DFIST000411,091-214-00,"CMF Dr. Javier Domínguez Estrada, Chapultepec",0,0,0,0,0,0,0,0,0,0,0,0,0,0,0,0,0
U_ISSSTE_1041,DFIST000983,091-214-04,CMCT No. 50 SAGARPA-SIAP,0,0,0,0,0,0,0,0,0,0,0,0,0,0,0,0,0
U_ISSSTE_1042,DFIST000843,091-214-05,CMCT No. 55 PROFECO,0,0,0,0,0,0,0,0,0,0,0,0,0,0,0,0,0
U_ISSSTE_1043,DFIST001041,091-214-06,CMCT Presidencia (OPR),0,0,0,0,0,0,0,0,0,0,0,0,0,0,0,0,0
U_ISSSTE_1044,PENDIENTE,091-214-08,CMCT ISSSTE-DIRI,0,0,0,0,0,0,0,0,0,0,0,0,0,0,0,0,0
U_ISSSTE_1045,DFIST000423,091-216-00,CMF Peralvillo,0,0,0,0,0,0,0,0,0,0,0,0,0,0,0,0,0
U_ISSSTE_1046,DFIST000855,091-216-01,CMCT No. 20 SRE,0,0,0,0,0,0,0,0,0,0,0,0,0,0,0,0,0
U_ISSSTE_1047,PENDIENTE,091-216-02,CMCT SEGOB-Talleres Gráficos de México,0,0,0,0,0,0,0,0,0,0,0,0,0,0,0,0,0
U_ISSSTE_1048,DFIST000435,091-217-00,CMF Guerrero,0,0,0,0,0,0,0,0,0,0,0,0,0,0,0,0,0
U_ISSSTE_1049,DFIST000336,091-217-01,CMCT No. 51 ISSSTE-Dirección General,0,0,0,0,0,0,0,0,0,0,0,0,0,0,0,0,0
U_ISSSTE_1050,DFIST000860,091-217-02,CMCT SHCP Complejo Hidalgo No. 1,0,0,0,0,0,0,0,0,0,0,0,0,0,0,0,0,0
U_ISSSTE_1051,DFIST000872,091-217-03,CMCT Fomento Deportivo ISSSTE (Oficina de Represantación Regional Zona Norte CDMX),0,0,0,0,0,0,0,0,0,0,0,0,0,0,0,0,0
U_ISSSTE_1052,DFIST000884,091-217-04,CMCT Sindicato de SHCP,0,0,0,0,0,0,0,0,0,0,0,0,0,0,0,0,0
U_ISSSTE_1053,DFIST000896,091-217-05,CMCT SHCP Complejo Hidalgo No. 2,0,0,0,0,0,0,0,0,0,0,0,0,0,0,0,0,0
U_ISSSTE_1054,DFIST000901,091-217-06,CMCT SHCP-SAT (Antes Caballito),0,0,0,0,0,0,0,0,0,0,0,0,0,0,0,0,0
U_ISSSTE_1055,DFIST000440,091-218-00,CMF Santa María,0,0,0,0,0,0,0,0,0,0,0,0,0,0,0,0,0
U_ISSSTE_1056,DFIST000913,091-218-02,CMCT No. 28 SENASICA-SAGARPA,0,0,0,0,0,0,0,0,0,0,0,0,0,0,0,0,0
U_ISSSTE_1057,DFIST000925,091-218-03,CMCT No. 30 Sindicato de SAGARPA,0,0,0,0,0,0,0,0,0,0,0,0,0,0,0,0,0
U_ISSSTE_1058,DFIST000930,091-218-04,CMCT FSTSE,0,0,0,0,0,0,0,0,0,0,0,0,0,0,0,0,0
U_ISSSTE_1059,DFIST000942,091-218-05,CMCT Sindicato de SEMARNAT,0,0,0,0,0,0,0,0,0,0,0,0,0,0,0,0,0
U_ISSSTE_1060,DFIST000995,091-218-06,CMCT SRE (Tlatelolco),0,0,0,0,0,0,0,0,0,0,0,0,0,0,0,0,0
U_ISSSTE_1061,DFIST000452,091-219-00,CMF Perú,0,0,0,0,0,0,0,0,0,0,0,0,0,0,0,0,0
U_ISSSTE_1062,DFIST000954,091-219-01,CMCT No. 23 SEP,0,0,0,0,0,0,0,0,0,0,0,0,0,0,0,0,0
U_ISSSTE_1063,DFIST000971,091-219-09,CMCT Palacio Nacional,0,0,0,0,0,0,0,0,0,0,0,0,0,0,0,0,0
U_ISSSTE_1064,DFIST000353,091-220-00,CE Dentales Dr. Honorato Villa Acosta,0,0,0,0,0,0,0,0,0,0,0,0,0,0,0,0,0
U_ISSSTE_1065,DFIST000365,091-221-00,CE Neuropsiquiatría,0,0,0,0,0,0,0,0,0,0,0,0,0,0,0,0,0
U_ISSSTE_1066,DFIST000546,092-204-00,CMF Balbuena,0,0,0,0,0,0,0,0,0,0,0,0,0,0,0,0,0
U_ISSSTE_1067,DFIST000551,092-205-00,CMF Morelos,0,0,0,0,0,0,0,0,0,0,0,0,0,0,0,0,0
U_ISSSTE_1068,DFIST000114,092-206-00,CMF Oriente,0,0,0,0,0,0,0,0,0,0,0,0,0,0,0,0,0
U_ISSSTE_1069,DFIST000563,092-207-00,CMF Moctezuma,0,0,0,0,0,0,0,0,0,0,0,0,0,0,0,0,0
U_ISSSTE_1070,DFIST000126,092-209-00,CMF Iztapalapa I,0,0,0,0,0,0,0,0,0,0,0,0,0,0,0,0,0
U_ISSSTE_1071,DFIST000155,092-210-00,HG Gral. José Maria Morelos y Pavón,30,33,25,88,10,2,0,12,100,26,6,4,4,10,0,0,50
U_ISSSTE_1072,DFIST000131,092-211-00,CMF Iztapalapa II,0,0,0,0,0,0,0,0,0,0,0,0,0,0,0,0,0
U_ISSSTE_1073,DFIST000143,092-212-00,CMF Ermita Zaragoza,0,0,0,0,0,0,0,0,0,0,0,0,0,0,0,0,0
U_ISSSTE_1074,DFIST000650,092-214-00,CEQ Leonardo y Nicolás Bravo,0,0,0,0,0,0,0,0,0,0,0,0,0,13,0,0,13
U_ISSSTE_1075,DFIST000686,093-204-00,CE Medicina Física y Rehabilitación,0,0,0,0,0,0,0,0,0,0,0,0,0,0,0,0,0
U_ISSSTE_1076,DFIST000271,093-205-00,CMF Narvarte,0,0,0,0,0,0,0,0,0,0,0,0,0,0,0,0,0
U_ISSSTE_1077,DFIST000283,093-206-00,CMF Del Valle,0,0,0,0,0,0,0,0,0,0,0,0,0,0,0,0,0
U_ISSSTE_1078,DFIST000715,093-206-01,CAF Centro Urbano Pdte. Miguel Alemán,0,0,0,0,0,0,0,0,0,0,0,0,0,0,0,0,0
U_ISSSTE_1079,DFIST000720,093-206-02,CMCT SHCP-PFF,0,0,0,0,0,0,0,0,0,0,0,0,0,0,0,0,0
U_ISSSTE_1080,PENDIENTE,093-206-03,CMCT SENER,0,0,0,0,0,0,0,0,0,0,0,0,0,0,0,0,0
U_ISSSTE_1081,PENDIENTE,093-206-09,CMCT SADER,0,0,0,0,0,0,0,0,0,0,0,0,0,0,0,0,0
U_ISSSTE_1082,DFIST000032,093-207-00,CEQ Churubusco,0,0,0,0,0,0,0,0,0,0,0,0,0,5,0,4,9
U_ISSSTE_1083,DFIST000044,093-208-00,CMF Dr. Ignacio Chávez,0,0,0,0,0,0,0,0,0,0,0,0,0,0,0,0,0
U_ISSSTE_1084,DFIST000580,093-208-01,CMCT No. 65 SHCP,0,0,0,0,0,0,0,0,0,0,0,0,0,0,0,0,0
U_ISSSTE_1085,PENDIENTE,093-208-02,CMCT SICT,0,0,0,0,0,0,0,0,0,0,0,0,0,0,0,0,0
U_ISSSTE_1086,DFIST000230,093-209-00,CMF Tlalpan,0,0,0,0,0,0,0,0,0,0,0,0,0,0,0,0,0
U_ISSSTE_1087,DFIST000225,093-209-01,CMCT No. 17 ISSSTE (San Fernando 547),0,0,0,0,0,0,0,0,0,0,0,0,0,0,0,0,0
U_ISSSTE_1088,PENDIENTE,093-209-05,CMCT Centro Cultural Ollin Yoliztli,0,0,0,0,0,0,0,0,0,0,0,0,0,0,0,0,0
U_ISSSTE_1089,DFIST000056,093-210-00,CMF División del Norte,0,0,0,0,0,0,0,0,0,0,0,0,0,0,0,0,0
U_ISSSTE_1090,DFIST000295,093-211-00,CMF Ermita,0,0,0,0,0,0,0,0,0,0,0,0,0,0,0,0,0
U_ISSSTE_1091,DFIST000061,093-212-00,CMF Coyoacán,0,0,0,0,0,0,0,0,0,0,0,0,0,0,0,0,0
U_ISSSTE_1092,DFIST000756,093-212-01,CMCT No. 27 DIF,0,0,0,0,0,0,0,0,0,0,0,0,0,0,0,0,0
U_ISSSTE_1093,PENDIENTE,093-212-02,CMCT Transparencia para el Pueblo (antes INAI),0,0,0,0,0,0,0,0,0,0,0,0,0,0,0,0,0
U_ISSSTE_1094,DFIST000592,093-212-03,CAF UHF. Integración Latinoamericana,0,0,0,0,0,0,0,0,0,0,0,0,0,0,0,0,0
U_ISSSTE_1095,PENDIENTE,093-212-04,CMCT UNAM,0,0,0,0,0,0,0,0,0,0,0,0,0,0,0,0,0
U_ISSSTE_1096,DFIST000254,093-213-00,CMF Xochimilco,0,0,0,0,0,0,0,0,0,0,0,0,0,0,0,0,0
U_ISSSTE_1097,DFIST000172,093-214-00,CMF Milpa Alta,0,0,0,0,0,0,0,0,0,0,0,0,0,0,0,0,0
U_ISSSTE_1098,DFIST000324,093-215-00,HG Dr. Darío Fernández Fierro,49,67,27,143,17,2,12,31,174,20,2,3,6,11,1,42,85
U_ISSSTE_1099,DFIST000242,093-217-00,CMF Fuentes Brotantes,0,0,0,0,0,0,0,0,0,0,0,0,0,0,0,0,0
U_ISSSTE_1100,DFIST000213,093-218-00,CE Clidda,0,0,0,0,0,0,0,0,0,0,0,0,0,0,0,0,0
U_ISSSTE_1101,DFIST000184,093-219-00,CMF Villa Álvaro Obregón,0,0,0,0,0,0,0,0,0,0,0,0,0,0,0,0,0
U_ISSSTE_1102,DFIST000662,093-219-01,CMCT SABG,0,0,0,0,0,0,0,0,0,0,0,0,0,0,0,0,0
U_ISSSTE_1103,PENDIENTE,093-219-03,CMCT CNBV,0,0,0,0,0,0,0,0,0,0,0,0,0,0,0,0,0
U_ISSSTE_1104,PENDIENTE,093-219-04,CMCT Subdirección de Personal ISSSTE,0,0,0,0,0,0,0,0,0,0,0,0,0,0,0,0,0
U_ISSSTE_1105,PENDIENTE,093-219-05,CMCT IMSS-BIENESTAR,0,0,0,0,0,0,0,0,0,0,0,0,0,0,0,0,0
U_ISSSTE_1106,DFIST001053,093-220-00,HG Dra. Matilde Petra Montoya Lafragua,40,112,32,184,8,0,8,16,200,62,11,6,35,13,0,1,128
U_ISSSTE_1107,DFIST000015,094-204-00,CMF Cuitláhuac,0,0,0,0,0,0,0,0,0,0,0,0,0,0,0,0,0
U_ISSSTE_1108,DFIST000196,094-205-00,HG Dr. Fernando Quiroz Gutiérrez,44,57,18,119,14,2,2,18,137,0,5,6,13,12,0,14,50
U_ISSSTE_1109,DFIST000505,094-206-00,CMF Marina Nacional,0,0,0,0,0,0,0,0,0,0,0,0,0,0,0,0,0
U_ISSSTE_1110,DFIST000020,094-207-00,CMF Azcapotzalco,0,0,0,0,0,0,0,0,0,0,0,0,0,0,0,0,0
U_ISSSTE_1111,DFIST000510,094-208-00,CMF Legaria,0,0,0,0,0,0,0,0,0,0,0,0,0,0,0,0,0
U_ISSSTE_1112,DFIST000534,094-209-00,HG Tacuba,44,38,19,101,9,0,0,9,110,29,2,6,4,15,0,17,73
U_ISSSTE_1113,DFIST000493,094-211-00,CEQ Dr. Alberto Pisanty Ovadia,0,0,0,0,0,0,0,0,0,0,0,0,0,6,0,0,6
U_ISSSTE_1114,DFIST000522,094-212-00,CMF Observatorio,0,0,0,0,0,0,0,0,0,0,0,0,0,0,0,0,0
U_ISSSTE_1115,DFIST000616,094-212-05,CAF Cuajimalpa,0,0,0,0,0,0,0,0,0,0,0,0,0,0,0,0,0
U_ISSSTE_1116,DFIST000300,094-214-00,CMF Revolución,0,0,0,0,0,0,0,0,0,0,0,0,0,0,0,0,0
U_ISSSTE_1117,DFIST000831,094-214-01,CMCT No. 62 SHCP,0,0,0,0,0,0,0,0,0,0,0,0,0,0,0,0,0
U_ISSSTE_1118,PENDIENTE,094-214-02,CMCT Secretaría de las Mujeres,0,0,0,0,0,0,0,0,0,0,0,0,0,0,0,0,0
U_ISSSTE_1119,DFIST000312,096-201-00,CMN 20 de Noviembre,124,127,22,273,88,0,16,104,377,0,0,0,32,14,2,163,211
U_ISSSTE_1120,DFIST000160,097-201-00,HR Gral. Ignacio Zaragoza,140,102,42,284,29,18,10,57,341,90,12,5,34,31,0,67,239
U_ISSSTE_1121,DFIST000201,098-201-00,HR Lic. Adolfo López Mateos,90,91,30,211,46,15,0,61,272,49,14,5,20,18,9,28,143
