id_unidad,clues,clave_presupuestal,situacion_juridica_inmueble,estatus_operativo,nombre_oficial,nombre_corto,nombre_unidad,tipo_unidad,sigla_tipo,nivel_atencion,atiende_nivel_adicional,institucion,entidad,municipio,subdelegacion,tipo_vialidad,nombre_vialidad,numero_exterior,numero_interior,tipo_asentamiento,nombre_asentamiento,codigo_postal,direccion_completa,latitud,longitud,coordenadas_validadas,fuente_coordenada,Observaciones
U_ISSSTE_01,ASIST000016,001-204-00,Propia,En Operación,Hospital General Aguascalientes,HG Aguascalientes,Aguascalientes,Hospital General,HG,Segundo Nivel,No Aplica,ISSSTE,Aguascalientes,Aguascalientes,Aguascalientes,Avenida,Universidad,410,,Fraccionamiento,San Cateyano,20010,"Avenida Universidad 410, Fraccionamiento San Cateyano, Aguascalientes, Aguascalientes, CP. 20010",21.9020478937944,-102.307540484747,Validada,Anuario Estadístico 2025,
U_ISSSTE_02,ASIST000021,001-205-00,Propia,En Operación,Clínica de Medicina Familiar Aguascalientes,CMF Aguascalientes,Aguascalientes,Clínica de Medicina Familiar,CMF,Primer Nivel,No Aplica,ISSSTE,Aguascalientes,Aguascalientes,Aguascalientes,Calle,San Cosme,114,,Fraccionamiento,San Cateyano,20010,"Calle San Cosme 114, Fraccionamiento San Cateyano, Aguascalientes, Aguascalientes, CP. 20010",21.901276201078044,-102.30782894477566,Validada,Anuario Estadístico 2025,
U_ISSSTE_03,ASIST000050,001-205-01,Propia,En Operación,Unidad de Medicina Familiar Calvillo,UMF Calvillo,Calvillo,Unidad de Medicina Familiar,UMF,Primer Nivel,No Aplica,ISSSTE,Aguascalientes,Calvillo,Aguascalientes,Calle,Prolongación Galeana,605,,Fraccionamiento,Independencia,20800,"Calle Prolongación Galeana 605, Fraccionamiento Independencia, Calvillo, Aguascalientes, CP. 20800",21.84510126313731,-102.73089551716593,Validada,Anuario Estadístico 2025,
U_ISSSTE_04,ASIST000033,001-205-03,Propia,En Operación,Unidad de Medicina Familiar Pabellón de Arteaga,UMF Pabellón de Arteaga,Pabellón de Arteaga,Unidad de Medicina Familiar,UMF,Primer Nivel,No Aplica,ISSSTE,Aguascalientes,Pabellón de Arteaga,Aguascalientes,Avenida,Revolución,701,,Fraccionamiento,Popular,20676,"Avenida Revolución 701, Fraccionamiento Popular, Calvillo, Aguascalientes, CP. 20676",22.140917655977187,-102.27784825114561,Validada,Anuario Estadístico 2025,
U_ISSSTE_05,ASIST000045,001-205-04,Propia,En Operación,Unidad de Medicina Familiar Rincón de Romos,UMF Rincón de Romos,Rincón de Romos,Unidad de Medicina Familiar,UMF,Primer Nivel,No Aplica,ISSSTE,Aguascalientes,Rincón de Romos,Aguascalientes,Calle,Delfino V. Araujo,104,,Barrio,de Guadalupe,20405,"Calle Delfino V. Araujo 104, Barrio de Guadalupe, Pabellón de Arteaga, Aguascalientes, CP. 20405",22.22915110571317,-102.31383197121681,Validada,Anuario Estadístico 2025,
U_ISSSTE_06,ASIST000074,001-205-05,Propia,En Operación,Unidad de Medicina Familiar Villa Juárez,UMF Villa Juárez,Villa Juárez,Unidad de Medicina Familiar,UMF,Primer Nivel,No Aplica,ISSSTE,Aguascalientes,Asientos,Aguascalientes,Calle,Alameda,231,,Colonia,El Rascón,20700,"Calle Alameda 231, Colonia El Rascón, Rincón de Romos, Aguascalientes, CP. 20700",22.08808335295109,-102.07357898061746,Validada,Anuario Estadístico 2025,
U_ISSSTE_07,ASIST000103,001-205-08,Convenio,En Operación,Consultorio de Atención Familiar San José de Gracia,CAF San José de Gracia,San José de Gracia,Consultorio de Atención Familiar,CAF,Primer Nivel,No Aplica,ISSSTE,Aguascalientes,San José de Gracia,Aguascalientes,Calle,Juan Esteban,404,,Colonia,Las Canadas,20500,"Calle Juan Esteban 404, Colonia Las Canadas, Asientos, Aguascalientes, CP. 20500",22.15071009257827,-102.4162224307731,Validada,Anuario Estadístico 2025,
U_ISSSTE_08,ASIST000115,001-205-09,Convenio,En Operación,Consultorio de Atención Familiar Cosío,CAF Cosío,Cosío,Consultorio de Atención Familiar,CAF,Primer Nivel,No Aplica,ISSSTE,Aguascalientes,Cosío,Aguascalientes,Calle,Vicente Guerrero,17,,Colonia,Centro,20460,"Calle Vicente Guerrero 17, Colonia Centro, San José de Gracia, Aguascalientes, CP. 20460",22.366517981402065,-102.30063058320708,Validada,Anuario Estadístico 2025,
U_ISSSTE_09,ASIST000120,001-205-10,Convenio,En Operación,Consultorio de Atención Familiar Palo Alto,CAF Palo Alto,Palo Alto,Consultorio de Atención Familiar,CAF,Primer Nivel,No Aplica,ISSSTE,Aguascalientes,El Llano,Aguascalientes,Calle,Ignacio López Rayón,108,,Colonia,del Progreso,20330,"Calle Ignacio López Rayón 108, Colonia del Progreso, Cosío, Aguascalientes, CP. 20330",21.918267452749305,-101.96962428818654,Validada,Anuario Estadístico 2025,
U_ISSSTE_10,ASIST000131,001-205-11,Convenio,En Operación,Consultorio de Atención Familiar San Francisco de los Romo,CAF San Francisco de los Romo,San Francisco de los Romo,Consultorio de Atención Familiar,CAF,Primer Nivel,No Aplica,ISSSTE,Aguascalientes,San Francisco de los Romo,Aguascalientes,Calle,Independencia Poniente,500,,Colonia,Centro,20300,"Calle Independencia Poniente 500, Colonia Centro, El Llano, Aguascalientes, CP. 20300",22.079751712773557,-102.27566148236055,Validada,Anuario Estadístico 2025,
U_ISSSTE_11,ASIST000062,001-206-00,Propia,En Operación,Clínica de Medicina Familiar Ojocaliente,CMF Ojocaliente,Ojocaliente,Clínica de Medicina Familiar,CMF,Primer Nivel,No Aplica,ISSSTE,Aguascalientes,Aguascalientes,Aguascalientes,Avenida,Siglo XXI,6102,,Fraccionamiento,Solidaridad I,20190,"Avenida Siglo XXI 6102, Fraccionamiento Solidaridad I, San Francisco de los Romo, Aguascalientes, CP. 20190",21.87108005902238,-102.2454006472372,Validada,Anuario Estadístico 2025,
U_ISSSTE_12,BCIST000040,002-204-00,Propia,En Operación,"Hospital General 5 de Diciembre, Mexicali","HG 5 de Diciembre, Mexicali","5 de Diciembre, Mexicali",Hospital General,HG,Segundo Nivel,No Aplica,ISSSTE,Baja California,Mexicali,Baja California,Calzada,Independencia,940,,Colonia,Centro Cívica,21000,"Calzada Independencia 940, Colonia Centro Cívica, Mexicali, Baja California, CP. 21000",32.643478679988995,-115.47647608690527,Validada,Anuario Estadístico 2025,
U_ISSSTE_13,BCIST000076,002-204-01,Propia,En Operación,Unidad de Medicina Familiar Los Algodones,UMF Los Algodones,Los Algodones,Unidad de Medicina Familiar,UMF,Primer Nivel,No Aplica,ISSSTE,Baja California,Mexicali,Baja California,Calle,Venustiano Carranza,S/N,,Ejido,Los Algodones,21970,"Calle Venustiano Carranza S/N, Ejido Los Algodones, Mexicali, Baja California, CP. 21970",32.713714581281614,-114.7316772725118,Validada,Anuario Estadístico 2025,
U_ISSSTE_14,BCIST000052,002-204-02,Convenio,En Operación,Consultorio de Atención Familiar Estación Delta,CAF Estación Delta,Estación Delta,Consultorio de Atención Familiar,CAF,Primer Nivel,No Aplica,ISSSTE,Baja California,Mexicali,Baja California,Avenida,Sánchez Taboada,S/N,,Ejido,Estación Delta,21700,"Avenida Sánchez Taboada S/N, Ejido Estación Delta, Mexicali, Baja California, CP. 21700",32.35604649085054,-115.19764446281873,Validada,Anuario Estadístico 2025,
U_ISSSTE_15,BCIST000064,002-204-03,Propia,En Operación,Unidad de Medicina Familiar San Felipe,UMF San Felipe,San Felipe,Unidad de Medicina Familiar,UMF,Primer Nivel,No Aplica,ISSSTE,Baja California,Mexicali,Baja California,Calle,Playa Azul,S/N,,Campo,Las Arenas,21850,"Calle Playa Azul S/N, Campo Las Arenas, Mexicali, Baja California, CP. 21850",31.013173472539723,-114.84399741457933,Validada,Anuario Estadístico 2025,Google Maps no disponible en la zona
U_ISSSTE_16,BCIST000011,002-206-00,Propia,En Operación,Clínica Hospital Ensenada,CH Ensenada,Ensenada,Clínica Hospital,CH,Segundo Nivel,Primer Nivel,ISSSTE,Baja California,Ensenada,Baja California,Avenida,Gral. Agustín Sanginés,S/N,,Colonia,Carlos Pacheco,22890,"Avenida Gral. Agustín Sanginés S/N, Colonia Carlos Pacheco, Ensenada, Baja California, CP. 22890",31.850423248917203,-116.60773671490034,Validada,Anuario Estadístico 2025,
U_ISSSTE_17,BCIST000023,002-206-02,En Proceso de Regularización,En Operación,Consultorio de Atención Familiar Isla de Cedros,CAF Isla de Cedros,Isla de Cedros,Consultorio de Atención Familiar,CAF,Primer Nivel,No Aplica,ISSSTE,Baja California,Ensenada,Baja California,Calle,Mutualismo,S/N,,Ejido,Isla de Cedros,22906,"Calle Mutualismo S/N, Ejido Isla de Cedros, Ensenada, Baja California, CP. 22906",28.097931602644195,-115.1906412343164,Validada,Anuario Estadístico 2025,Google Maps no disponible en la zona
U_ISSSTE_18,BCIST000035,002-206-03,Propia,En Operación,Unidad de Medicina Familiar San Quintín,UMF San Quintín,San Quintín,Unidad de Medicina Familiar,UMF,Primer Nivel,No Aplica,ISSSTE,Baja California,San Quintín,Baja California,Calle,Novena,137,,Fraccionamiento,San Quintín,22940,"Calle Novena 137, Fraccionamiento San Quintín, San Quintín, Baja California, CP. 22940",30.55707205758731,-115.93845153054774,Validada,Anuario Estadístico 2025,
U_ISSSTE_19,BCIST000105,002-206-04,Subrogada,En Operación,Consultorio de Atención Familiar San Vicente,CAF San Vicente,San Vicente,Consultorio de Atención Familiar,CAF,Primer Nivel,No Aplica,ISSSTE,Baja California,Ensenada,Baja California,Calle,Séptima,8,,Ejido,San Vicente,22900,"Calle Séptima 8, Ejido San Vicente, Ensenada, Baja California, CP. 22900",31.329130565197854,-116.24607803664111,Validada,Anuario Estadístico 2025,Google Maps no disponible en la zona
U_ISSSTE_20,BCIST000110,002-206-05,Subrogada,En Operación,Consultorio de Atención Familiar Valle de la Trinidad,CAF Valle de la Trinidad,Valle de la Trinidad,Consultorio de Atención Familiar,CAF,Primer Nivel,No Aplica,ISSSTE,Baja California,Ensenada,Baja California,Calle,Pedro Moreno,S/N,,Ejido,San Francisco R. Serrano,22797,"Calle Pedro Moreno S/N, Ejido San Francisco R. Serrano, Ensenada, Baja California, CP. 22797",31.33079994355395,-115.53906615336248,Validada,Anuario Estadístico 2025,
U_ISSSTE_21,BCIST000122,002-206-08,Subrogada,En Operación,Consultorio de Atención Familiar El Rosario,CAF El Rosario,El Rosario,Consultorio de Atención Familiar,CAF,Primer Nivel,No Aplica,ISSSTE,Baja California,Ensenada,Baja California,Carretera,Transpeninsular,Km. 57,,Ejido,El Rosario de Arriba,22960,"Carretera Transpeninsular Km. 57, Ejido El Rosario de Arriba, Ensenada, Baja California, CP. 22960",30.06052197977306,-115.72369975998505,Validada,Anuario Estadístico 2025,
U_ISSSTE_22,BCIST000146,002-208-00,Propia,En Operación,Clínica de Medicina Familiar Mesa de Otay,CMF Mesa de Otay,Mesa de Otay,Clínica de Medicina Familiar,CMF,Primer Nivel,No Aplica,ISSSTE,Baja California,Tijuana,Baja California,Calle,Felipe Villanueva,247,,Fraccionamiento,Nueva Tijuana,22435,"Calle Felipe Villanueva 247, Fraccionamiento Nueva Tijuana, Tijuana, Baja California, CP. 22435",32.54630751974107,-116.93376531226193,Validada,Anuario Estadístico 2025,
U_ISSSTE_23,BCIST000093,002-209-00,Propia,En Operación,"Hospital General Fray Junípero Serra, Tijuana","HG Fray Junípero Serra, Tijuana","Fray Junípero Serra, Tijuana",Hospital General,HG,Segundo Nivel,No Aplica,ISSSTE,Baja California,Tijuana,Baja California,Avenida,Las Palmas,4141,,Fraccionamiento,Las Palmas,22106,"Avenida Las Palmas 4141, Fraccionamiento Las Palmas, Tijuana, Baja California, CP. 22106",32.5082971726901,-116.98514214202282,Validada,Anuario Estadístico 2025,
U_ISSSTE_24,BCIST000134,002-209-01,Subrogada,En Operación,Consultorio de Atención Familiar Rosarito,CAF Rosarito,Rosarito,Consultorio de Atención Familiar,CAF,Primer Nivel,No Aplica,ISSSTE,Baja California,Tijuana,Baja California,Calle,Mexicali,24,,Colonia,Predios Urbanos,22710,"Calle Mexicali 24, Colonia Predios Urbanos, Tijuana, Baja California, CP. 22710",32.35925887812804,-117.06363772700736,Validada,Anuario Estadístico 2025,
U_ISSSTE_25,BCIST000081,002-209-02,Propia,En Operación,Unidad de Medicina Familiar Tecate,UMF Tecate,Tecate,Unidad de Medicina Familiar,UMF,Primer Nivel,No Aplica,ISSSTE,Baja California,Tecate,Baja California,Avenida,Misión de Mulegé,S/N,,Colonia,El Descanso,21478,"Avenida Misión de Mulegé S/N, Colonia El Descanso, Tecate, Baja California, CP. 21478",32.56949980174383,-116.60586201342817,Validada,Anuario Estadístico 2025,
U_ISSSTE_26,BSIST000014,003-205-00,Propia,En Operación,Clínica Hospital Cd. Constitución,CH Cd. Constitución,Cd. Constitución,Clínica Hospital,CH,Segundo Nivel,Primer Nivel,ISSSTE,Baja California Sur,Comondú,Baja California Sur,Calle,Niños Heroes,601,,Colonia,Pueblo Nuevo,23670,"Calle Niños Heroes 601, Colonia Pueblo Nuevo, Comondú, Baja California Sur, CP. 23670",25.03414141393358,-111.64613535888927,Validada,Anuario Estadístico 2025,
U_ISSSTE_27,BSIST000113,003-205-01,Propia,En Operación,Unidad de Medicina Familiar Loreto,UMF Loreto,Loreto,Unidad de Medicina Familiar,UMF,Primer Nivel,No Aplica,ISSSTE,Baja California Sur,Loreto,Baja California Sur,Calle,Nicolás Tamaral,S/N,,Colonia,Centro,23880,"Calle Nicolás Tamaral S/N, Colonia Centro, Loreto, Baja California Sur, CP. 23880",26.0084811798532,-111.35342554110136,Validada,Anuario Estadístico 2025,
U_ISSSTE_28,BSIST000130,003-205-02,Subrogada,En Operación,Consultorio de Atención Familiar Puerto Adolfo López Mateos,CAF Puerto Adolfo López Mateos,Puerto Adolfo López Mateos,Consultorio de Atención Familiar,CAF,Primer Nivel,No Aplica,ISSSTE,Baja California Sur,Comondú,Baja California Sur,Calle,Lerdo de Tejada,S/N,,Colonia,Centro,23710,"Calle Lerdo de Tejada S/N, Colonia Centro, Comondú, Baja California Sur, CP. 23710",25.191207002613982,-112.11100119944591,Solicitar Validación,Anuario Estadístico 2025,Google Maps no disponible en la zona
U_ISSSTE_29,BSIST000031,003-205-03,Propia,En Operación,Unidad de Medicina Familiar Puerto San Carlos,UMF Puerto San Carlos,Puerto San Carlos,Unidad de Medicina Familiar,UMF,Primer Nivel,No Aplica,ISSSTE,Baja California Sur,Comondú,Baja California Sur,Calle,Puerto Adolfo López Mateos,186,,Polígono,Número 1,23740,"Calle Puerto Adolfo López Mateos 186, Polígono Número 1, Comondú, Baja California Sur, CP. 23740",24.785252082320532,-112.0980097638015,Validada,Anuario Estadístico 2025,
U_ISSSTE_30,BSIST000166,003-205-04,Subrogada,En Operación,Consultorio de Atención Familiar San Isidro,CAF San Isidro,San Isidro,Consultorio de Atención Familiar,CAF,Primer Nivel,No Aplica,ISSSTE,Baja California Sur,Comondú,Baja California Sur,Calle,Año de Juárez,S/N,,Localidad,San Isidro,23810,"Calle Año de Juárez S/N, Localidad San Isidro, Comondú, Baja California Sur, CP. 23810",26.20455465347645,-112.0441069053337,Solicitar Validación,Anuario Estadístico 2025,Las coordenadas llevan a un IMSS Bienestar. Google Maps no disponible en la zona
U_ISSSTE_31,BSIST000142,003-205-05,Subrogada,En Operación,Consultorio de Atención Familiar San José de Comondú,CAF San José de Comondú,San José de Comondú,Consultorio de Atención Familiar,CAF,Primer Nivel,No Aplica,ISSSTE,Baja California Sur,Comondú,Baja California Sur,Calle,San José de Comondú,S/N,,Colonia,Centro,23820,"Calle San José de Comondú S/N, Colonia Centro, Comondú, Baja California Sur, CP. 23820",26.058667751383553,-111.82369593143295,Solicitar Validación,Anuario Estadístico 2025,Se utilizaron las coordenadas del centro de la localidad debido a la falta de datos precisos
U_ISSSTE_32,BSIST000026,003-205-06,Propia,En Operación,Unidad de Medicina Familiar Villa Insurgentes,UMF Villa Insurgentes,Villa Insurgentes,Unidad de Medicina Familiar,UMF,Primer Nivel,No Aplica,ISSSTE,Baja California Sur,Comondú,Baja California Sur,Avenida,Morelos,S/N,,Colonia,Libertad,23700,"Avenida Morelos S/N, Colonia Libertad, Comondú, Baja California Sur, CP. 23700",25.26476978749787,-111.78310883071353,Validada,Anuario Estadístico 2025,
U_ISSSTE_33,BSIST000154,003-205-07,Subrogada,En Operación,Consultorio de Atención Familiar Ignacio Zaragoza,CAF Ignacio Zaragoza,Ignacio Zaragoza,Consultorio de Atención Familiar,CAF,Primer Nivel,No Aplica,ISSSTE,Baja California Sur,Comondú,Baja California Sur,Carretera,Federal 1-53,S/N,,Villa,Ignacio Zaragoza,23715,"Carretera Federal 1-53 S/N, Villa Ignacio Zaragoza, Comondú, Baja California Sur, CP. 23715",25.398485671185444,-111.84311044484623,Solicitar Validación,Anuario Estadístico 2025,Las coordenadas llevan a un IMSS Bienestar
U_ISSSTE_34,BSIST000043,003-206-00,Propia,En Operación,Clínica Hospital Santa Rosalía,CH Santa Rosalía,Santa Rosalía,Clínica Hospital,CH,Segundo Nivel,Primer Nivel,ISSSTE,Baja California Sur,Mulegé,Baja California Sur,Calle,Adán G. Velarde,98,,Colonia,Magisterial,23920,"Calle Adán G. Velarde 98, Colonia Magisterial, Mulegé, Baja California Sur, CP. 23920",27.346273072249506,-112.27422954992296,Validada,Anuario Estadístico 2025,
U_ISSSTE_35,BSIST000171,003-206-01,Convenio,En Operación,Consultorio de Atención Familiar Bahía Asunción,CAF Bahía Asunción,Bahía Asunción,Consultorio de Atención Familiar,CAF,Primer Nivel,No Aplica,ISSSTE,Baja California Sur,Mulegé,Baja California Sur,Avenida,Rosaura Zapata,S/N,,Localidad,Bahía Asunción,23960,"Avenida Rosaura Zapata S/N, Localidad Bahía Asunción, Mulegé, Baja California Sur, CP. 23960",27.128560591519967,-114.29539651231211,Validada,Anuario Estadístico 2025,
U_ISSSTE_36,BSIST000183,003-206-02,Subrogada,En Operación,Consultorio de Atención Familiar Bahía Tortugas,CAF Bahía Tortugas,Bahía Tortugas,Consultorio de Atención Familiar,CAF,Primer Nivel,No Aplica,ISSSTE,Baja California Sur,Mulegé,Baja California Sur,Calle,Río Jordán,676,,Colonia,Seguro Social,23950,"Calle Río Jordán 676, Colonia Seguro Social, Mulegé, Baja California Sur, CP. 23950",27.6921045863332,-114.89854537590429,Solicitar Validación,Anuario Estadístico 2025,Las coordenadas llevan a un IMSS Bienestar
U_ISSSTE_37,BSIST000055,003-206-03,Propia,En Operación,Unidad de Medicina Familiar Guerrero Negro,UMF Guerrero Negro,Guerrero Negro,Unidad de Medicina Familiar,UMF,Primer Nivel,No Aplica,ISSSTE,Baja California Sur,Mulegé,Baja California Sur,Calle,Sebastián Vizcaíno,451,,Unidad,FOVISSSTE,23940,"Calle Sebastián Vizcaíno 451, Unidad FOVISSSTE, Mulegé, Baja California Sur, CP. 23940",27.975198777399683,-114.02846175767245,Validada,Anuario Estadístico 2025,
U_ISSSTE_38,BSIST000195,003-206-04,Subrogada,En Operación,Consultorio de Atención Familiar Mulegé,CAF Mulegé,Mulegé,Consultorio de Atención Familiar,CAF,Primer Nivel,No Aplica,ISSSTE,Baja California Sur,Mulegé,Baja California Sur,Calle,Francisco I. Madero,S/N,,Colonia,Centro,23900,"Calle Francisco I. Madero S/N, Colonia Centro, Mulegé, Baja California Sur, CP. 23900",26.891356997154347,-111.98149413843682,Solicitar Validación,Anuario Estadístico 2025,Las coordenadas llevan a un IMSS Bienestar
U_ISSSTE_39,BSIST000200,003-206-05,Convenio,En Operación,Consultorio de Atención Familiar Punta Abreojos,CAF Punta Abreojos,Punta Abreojos,Consultorio de Atención Familiar,CAF,Primer Nivel,No Aplica,ISSSTE,Baja California Sur,Mulegé,Baja California Sur,Calle,Benito Juárez,SN,,Pueblo,Punta Abreojos,23970,"Calle Benito Juárez SN, Pueblo Punta Abreojos, Mulegé, Baja California Sur, CP. 23970",26.711441131697473,-113.57567546123002,Solicitar Validación,Anuario Estadístico 2025,Las coordenadas llevan a un IMSS
U_ISSSTE_40,BSIST000212,003-206-06,Rentada,En Operación,Consultorio de Atención Familiar San Ignacio,CAF San Ignacio,San Ignacio,Consultorio de Atención Familiar,CAF,Primer Nivel,No Aplica,ISSSTE,Baja California Sur,Mulegé,Baja California Sur,Calle,Independencia,S/N,,Localidad,San Ignacio,23930,"Calle Independencia S/N, Localidad San Ignacio, Mulegé, Baja California Sur, CP. 23930",27.280564533996174,-112.89673231337154,Solicitar Validación,Anuario Estadístico 2025,Las coordenadas llevan a un IMSS Bienestar
U_ISSSTE_41,BSIST000060,003-206-07,Propia,En Operación,Unidad de Medicina Familiar Sebastián Vizcaíno,UMF Sebastián Vizcaíno,Sebastián Vizcaíno,Unidad de Medicina Familiar,UMF,Primer Nivel,No Aplica,ISSSTE,Baja California Sur,Mulegé,Baja California Sur,Calle,Benito Juárez,S/N,,Colonia,El Marasal,23938,"Calle Benito Juárez S/N, Colonia El Marasal, Mulegé, Baja California Sur, CP. 23938",27.64448839512183,-113.38954207359123,Validada,Anuario Estadístico 2025,
U_ISSSTE_42,BSIST000330,003-207-00,Propia,En Operación,Hospital General La Paz,HG La Paz,La Paz,Hospital General,HG,Segundo Nivel,No Aplica,ISSSTE,Baja California Sur,La Paz,Baja California Sur,Calle,Mar Caribe,S/N,,Colonia,El Conchalito,23090,"Calle Mar Caribe S/N, Colonia El Conchalito, La Paz, Baja California Sur, CP. 23090",24.13792178702935,-110.34130174789001,Validada,Anuario Estadístico 2025,
U_ISSSTE_43,BSIST000270,003-207-02,Subrogada,En Operación,Consultorio de Atención Familiar El Pescadero,CAF El Pescadero,El Pescadero,Consultorio de Atención Familiar,CAF,Primer Nivel,No Aplica,ISSSTE,Baja California Sur,La Paz,Baja California Sur,Calle,La Paz,S/N,,Pueblo,El Pescadero,23300,"Calle La Paz S/N, Pueblo El Pescadero, La Paz, Baja California Sur, CP. 23300",23.36514637052447,-110.16703014184347,Solicitar Validación,Anuario Estadístico 2025,Google Maps no disponible en la zona
U_ISSSTE_44,BSIST000265,003-207-03,Convenio,En Operación,"Consultorio de Atención Familiar UH. FOVISSSTE Catra, La Paz.","CAF UH. FOVISSSTE Catra, La Paz.","UH. FOVISSSTE Catra, La Paz.",Consultorio de Atención Familiar,CAF,Primer Nivel,No Aplica,ISSSTE,Baja California Sur,La Paz,Baja California Sur,Calle,Bahía de Muertos,S/N,,Colonia,Sudcalifornia (FOVISSSTE),23080,"Calle Bahía de Muertos S/N, Colonia Sudcalifornia (FOVISSSTE), La Paz, Baja California Sur, CP. 23080",24.117544246772724,-110.31197525118645,Solicitar Validación,Anuario Estadístico 2025,Coordenadas aproximadas. Google Maps no disponible en la zona
U_ISSSTE_45,BSIST000294,003-207-04,Subrogada,En Operación,Consultorio de Atención Familiar La Ribera,CAF La Ribera,La Ribera,Consultorio de Atención Familiar,CAF,Primer Nivel,No Aplica,ISSSTE,Baja California Sur,Los Cabos,Baja California Sur,Camino,Cabo Este,S/N,,Localidad,La Ribera,23570,"Camino Cabo Este S/N, Localidad La Ribera, Los Cabos, Baja California Sur, CP. 23570",23.590581003011938,-109.59187761779113,Solicitar Validación,Anuario Estadístico 2025,Las coordenadas llevan a un IMSS Bienestar
U_ISSSTE_46,BSIST000241,003-207-05,Subrogada,En Operación,Consultorio de Atención Familiar Los Barriles,CAF Los Barriles,Los Barriles,Consultorio de Atención Familiar,CAF,Primer Nivel,No Aplica,ISSSTE,Baja California Sur,La Paz,Baja California Sur,Avenida,20 de Noviembre,S/N,,Pueblo,Los Barriles,23330,"Avenida 20 de Noviembre S/N, Pueblo Los Barriles, La Paz, Baja California Sur, CP. 23330",23.679933082018675,-109.69910670744886,Solicitar Validación,Anuario Estadístico 2025,Las coordenadas llevan a un Centro de Salud
U_ISSSTE_47,BSIST000306,003-207-06,Subrogada,En Operación,Consultorio de Atención Familiar San Antonio,CAF San Antonio,San Antonio,Consultorio de Atención Familiar,CAF,Primer Nivel,No Aplica,ISSSTE,Baja California Sur,Los Cabos,Baja California Sur,Avenida,Ignacio Zaragoza,S/N,,Localidad,San Antonio,23210,"Avenida Ignacio Zaragoza S/N, Localidad San Antonio, Los Cabos, Baja California Sur, CP. 23210",23.807060432348727,-110.05802231897135,Solicitar Validación,Anuario Estadístico 2025,Las coordenadas llevan a un Centro de Salud
U_ISSSTE_48,BSIST000282,003-207-07,Subrogada,En Operación,Consultorio de Atención Familiar Miraflores,CAF Miraflores,Miraflores,Consultorio de Atención Familiar,CAF,Primer Nivel,No Aplica,ISSSTE,Baja California Sur,Los Cabos,Baja California Sur,Calle,Libertad,S/N,,Localidad,Miraflores,23520,"Calle Libertad S/N, Localidad Miraflores, Los Cabos, Baja California Sur, CP. 23520",23.369042173413256,-109.77806504648244,Solicitar Validación,Anuario Estadístico 2025,Las coordenadas llevan a un IMSS Bienestar
U_ISSSTE_49,BSIST000236,003-207-09,Subrogada,En Operación,Consultorio de Atención Familiar San Juan de los Planes,CAF San Juan de los Planes,San Juan de los Planes,Consultorio de Atención Familiar,CAF,Primer Nivel,No Aplica,ISSSTE,Baja California Sur,La Paz,Baja California Sur,Carretera,286 (La Paz-San Juan de los Planes),S/N,,Localidad,San Juan de los Planes,23230,"Carretera 286 (La Paz-San Juan de los Planes) S/N, Localidad San Juan de los Planes, La Paz, Baja California Sur, CP. 23230",23.96733997989358,-109.9347648679122,Solicitar Validación,Anuario Estadístico 2025,Las coordenadas llevan a un IMSS Bienestar
U_ISSSTE_50,BSIST000311,003-207-10,Subrogada,En Operación,Consultorio de Atención Familiar Santiago,CAF Santiago,Santiago,Consultorio de Atención Familiar,CAF,Primer Nivel,No Aplica,ISSSTE,Baja California Sur,Los Cabos,Baja California Sur,Calle,Guadalupe Victoria,S/N,,Localidad,Santiago,23500,"Calle Guadalupe Victoria S/N, Localidad Santiago, Los Cabos, Baja California Sur, CP. 23500",23.475499065545726,-109.71803970305857,Solicitar Validación,Anuario Estadístico 2025,Las coordenadas llevan a un Centro de Salud
U_ISSSTE_51,BSIST000084,003-207-11,Propia,En Operación,Unidad de Medicina Familiar Todos Santos,UMF Todos Santos,Todos Santos,Unidad de Medicina Familiar,UMF,Primer Nivel,No Aplica,ISSSTE,Baja California Sur,La Paz,Baja California Sur,Calle,Ignacio Zaragoza,578,,Colonia,El Centro,23300,"Calle Ignacio Zaragoza 578, Colonia El Centro, La Paz, Baja California Sur, CP. 23300",23.447008722699888,-110.22519796686605,Validada,Anuario Estadístico 2025,
U_ISSSTE_52,BSIST000224,003-207-12,Convenio,En Operación,"Consultorio de Atención Familiar UH. FOVISSSTE Cihuatán Costa Azul, La Paz","CAF UH. FOVISSSTE Cihuatán Costa Azul, La Paz","UH. FOVISSSTE Cihuatán Costa Azul, La Paz",Consultorio de Atención Familiar,CAF,Primer Nivel,No Aplica,ISSSTE,Baja California Sur,La Paz,Baja California Sur,Boulevard,Luis Donaldo Colosio,S/N,,Colonia,Cihuatán,23054,"Boulevard Luis Donaldo Colosio S/N, Colonia Cihuatán, La Paz, Baja California Sur, CP. 23054",24.122274788555593,-110.30238436495283,Validada,Anuario Estadístico 2025,
U_ISSSTE_53,BSIST000253,003-207-13,Subrogada,En Operación,Consultorio de Atención Familiar Las Pocitas,CAF Las Pocitas,Las Pocitas,Consultorio de Atención Familiar,CAF,Primer Nivel,No Aplica,ISSSTE,Baja California Sur,La Paz,Baja California Sur,Calzada,Gral. Félix Ortega,S/N,,Pueblo,Las Pocitas,23150,"Calzada Gral. Félix Ortega S/N, Pueblo Las Pocitas, La Paz, Baja California Sur, CP. 23150",24.394207239326448,-111.10538687447156,Solicitar Validación,Anuario Estadístico 2025,Las coordenadas llevan a un IMSS Bienestar
U_ISSSTE_54,BSIST000101,003-208-00,Propia,En Operación,Clínica Hospital San José del Cabo,CH San José del Cabo,San José del Cabo,Clínica Hospital,CH,Segundo Nivel,Primer Nivel,ISSSTE,Baja California Sur,Los Cabos,Baja California Sur,Calle,Retorno del Tifón,S/N,,Colonia,El Rosarito,23407,"Calle Retorno del Tifón S/N, Colonia El Rosarito, Los Cabos, Baja California Sur, CP. 23407",23.068657668424784,-109.70875918806574,Validada,Anuario Estadístico 2025,
U_ISSSTE_55,BSIST000321,003-209-00,Propia,En Operación,Clínica de Medicina Familiar La Paz,CMF La Paz,La Paz,Clínica de Medicina Familiar,CMF,Primer Nivel,No Aplica,ISSSTE,Baja California Sur,La Paz,Baja California Sur,Calle,Nicolás Bravo,S/N,,Colonia,Guerrero,23040,"Calle Nicolás Bravo S/N, Colonia Guerrero, La Paz, Baja California Sur, CP. 23040",24.148879941460883,-110.30502594395091,Validada,Anuario Estadístico 2025,
U_ISSSTE_56,BSIST000352,003-211-00,Propia,En Operación,Clínica Hospital Cabo San Lucas,CH Cabo San Lucas,Cabo San Lucas,Clínica Hospital,CH,Segundo Nivel,Primer Nivel,ISSSTE,Baja California Sur,Los Cabos,Baja California Sur,Avenida,Portales,844,,Fraccionamiento,Los Portales,23473,"Avenida Portales 844, Fraccionamiento Los Portales, Los Cabos, Baja California Sur, CP. 23473",22.910287265791492,-109.97099808006116,Validada,Anuario Estadístico 2025,
U_ISSSTE_57,CCIST000021,004-204-00,Propia,En Operación,"Clínica Hospital Dr. Patricio Trueba Regil, Camp.","CH Dr. Patricio Trueba Regil, Camp.","Dr. Patricio Trueba Regil, Camp.",Clínica Hospital,CH,Segundo Nivel,Primer Nivel,ISSSTE,Campeche,Campeche,Campeche,Calle,Siete,30,,Colonia,Miramar,24030,"Calle Siete 30, Colonia Miramar, Campeche, Campeche, CP. 24030",19.826109814153728,-90.56392708296455,Validada,Anuario Estadístico 2025,
U_ISSSTE_58,CCIST000016,004-204-01,Propia,En Operación,Unidad de Medicina Familiar Calkiní,UMF Calkiní,Calkiní,Unidad de Medicina Familiar,UMF,Primer Nivel,No Aplica,ISSSTE,Campeche,Calkiní,Campeche,Calle,Violeta,3120,,Colonia,San Luis Obispo,24904,"Calle Violeta 3120, Colonia San Luis Obispo, Calkiní, Campeche, CP. 24904",20.374412827160047,-90.06043319355784,Validada,Anuario Estadístico 2025,
U_ISSSTE_59,CCIST000086,004-204-02,Subrogada,En Operación,Consultorio de Atención Familiar Candelaria,CAF Candelaria,Candelaria,Consultorio de Atención Familiar,CAF,Primer Nivel,No Aplica,ISSSTE,Campeche,Candelaria,Campeche,Calle,Veintinueve,8,,Colonia,San Martín II (Acalán),24330,"Calle Veintinueve 8, Colonia San Martín II (Acalán), Candelaria, Campeche, CP. 24330",18.196919912236982,-91.0447134358885,Solicitar Validación,Anuario Estadístico 2025,
U_ISSSTE_60,CCIST000045,004-204-03,Propia,En Operación,Unidad de Medicina Familiar Champotón,UMF Champotón,Champotón,Unidad de Medicina Familiar,UMF,Primer Nivel,No Aplica,ISSSTE,Campeche,Champotón,Campeche,Calle,Once,S/N,,Colonia,ISSSTE,24400,"Calle Once S/N, Colonia ISSSTE, Champotón, Campeche, CP. 24400",19.34199634508261,-90.73266112449295,Validada,Anuario Estadístico 2025,
U_ISSSTE_61,CCIST000074,004-204-04,Propia,En Operación,Unidad de Medicina Familiar Escárcega,UMF Escárcega,Escárcega,Unidad de Medicina Familiar,UMF,Primer Nivel,No Aplica,ISSSTE,Campeche,Escárcega,Campeche,Calle,Veintiocho,S/N,,Colonia,Centro,24350,"Calle Veintiocho S/N, Colonia Centro, Escárcega, Campeche, CP. 24350",18.603768807230338,-90.72907547562497,Validada,Anuario Estadístico 2025,
U_ISSSTE_62,CCIST000050,004-204-05,Propia,En Operación,Unidad de Medicina Familiar Hecelchakán,UMF Hecelchakán,Hecelchakán,Unidad de Medicina Familiar,UMF,Primer Nivel,No Aplica,ISSSTE,Campeche,Hecelchakán,Campeche,Calle,Veintinueve,527,,Barrio,San Francisco,24800,"Calle Veintinueve 527, Barrio San Francisco, Hecelchakán, Campeche, CP. 24800",20.171726396394384,-90.14016817584164,Validada,Anuario Estadístico 2025,
U_ISSSTE_63,CCIST000062,004-204-06,Propia,En Operación,Unidad de Medicina Familiar Hopelchén,UMF Hopelchén,Hopelchén,Unidad de Medicina Familiar,UMF,Primer Nivel,No Aplica,ISSSTE,Campeche,Hopelchén,Campeche,Calle,Doscientos Sesenta y Uno (Principal),80-A,,Colonia,San Román,24600,"Calle Doscientos Sesenta y Uno (Principal) 80-A, Colonia San Román, Hopelchén, Campeche, CP. 24600",19.745449293026272,-89.8477008579915,Validada,Anuario Estadístico 2025,
U_ISSSTE_64,CCIST000091,004-204-07,Subrogada,En Operación,Consultorio de Atención Familiar Seybaplaya,CAF Seybaplaya,Seybaplaya,Consultorio de Atención Familiar,CAF,Primer Nivel,No Aplica,ISSSTE,Campeche,Seybaplaya,Campeche,Calle,Cuarenta y Uno,S/N,,Colonia,Guadalupe,24460,"Calle Cuarenta y Uno S/N, Colonia Guadalupe, Seybaplaya, Campeche, CP. 24460",19.631868243659707,-90.68366595275272,Validada,Anuario Estadístico 2025,
U_ISSSTE_65,CCIST000115,004-204-08,Subrogada,En Operación,Consultorio de Atención Familiar Tenabo,CAF Tenabo,Tenabo,Consultorio de Atención Familiar,CAF,Primer Nivel,No Aplica,ISSSTE,Campeche,Tenabo,Campeche,Avenida,Jacinto Canek,189,,Colonia,Esperanza,24706,"Avenida Jacinto Canek 189, Colonia Esperanza, Tenabo, Campeche, CP. 24706",20.047575206434274,-90.22891590722573,Validada,Anuario Estadístico 2025,
U_ISSSTE_66,CCIST000033,004-205-00,Propia,En Operación,Clínica Hospital Cd. del Carmen,CH Cd. del Carmen,Cd. del Carmen,Clínica Hospital,CH,Segundo Nivel,Primer Nivel,ISSSTE,Campeche,Carmen,Campeche,Privada,del ISSSTE,S/N,,Colonia,Petrolera,24160,"Privada del ISSSTE S/N, Colonia Petrolera, Carmen, Campeche, CP. 24160",18.646807402326637,-91.82187167908062,Validada,Anuario Estadístico 2025,
U_ISSSTE_67,CCIST000103,004-205-01,Subrogada,En Operación,Consultorio de Atención Familiar Palizada,CAF Palizada,Palizada,Consultorio de Atención Familiar,CAF,Primer Nivel,No Aplica,ISSSTE,Campeche,Palizada,Campeche,Calle,Ignacio Ramírez,S/N,,Colonia,La Esperanza,24200,"Calle Ignacio Ramírez S/N, Colonia La Esperanza, Palizada, Campeche, CP. 24200",18.255931565055196,-92.1000674885922,Solicitar Validación,Anuario Estadístico 2025,
U_ISSSTE_68,CLIST000065,005-206-00,Propia,En Operación,Clínica Hospital Monclova,CH Monclova,Monclova,Clínica Hospital,CH,Segundo Nivel,Primer Nivel,ISSSTE,Coahuila,Monclova,Coahuila,Avenida,Roble,801,,Fraccionamiento,La Salle,25720,"Avenida Roble 801, Fraccionamiento La Salle, Monclova, Coahuila, CP. 25720",26.928476343856033,-101.42122216251056,Validada,Anuario Estadístico 2025,
U_ISSSTE_69,CLIST000210,005-206-01,Convenio,En Operación,Consultorio de Atención Familiar Castaños,CAF Castaños,Castaños,Consultorio de Atención Familiar,CAF,Primer Nivel,No Aplica,ISSSTE,Coahuila,Castaños,Coahuila,Calle,Gral. Zuazua,S/N,,Colonia,Independencia Norte,25870,"Calle Gral. Zuazua S/N, Colonia Independencia Norte, Castaños, Coahuila, CP. 25870",26.784733790737164,-101.43771569468278,Validada,Anuario Estadístico 2025,El CLUES menciona que la unidad se encuentra en el DIF
U_ISSSTE_70,CLIST000036,005-206-02,Propia,En Operación,Unidad de Medicina Familiar Cuatrociénegas de Carranza,UMF Cuatrociénegas de Carranza,Cuatrociénegas de Carranza,Unidad de Medicina Familiar,UMF,Primer Nivel,No Aplica,ISSSTE,Coahuila,Cuatro Ciénegas,Coahuila,Calle,Corona,S/N,,Colonia,Centro,27640,"Calle Corona S/N, Colonia Centro, Cuatro Ciénegas, Coahuila, CP. 27640",26.98462105968469,-102.06950162704706,Validada,Anuario Estadístico 2025,
U_ISSSTE_71,CLIST000321,005-206-03,Convenio,En Operación,Consultorio de Atención Familiar La Esmeralda,CAF La Esmeralda,La Esmeralda,Consultorio de Atención Familiar,CAF,Primer Nivel,No Aplica,ISSSTE,Coahuila,Sierra Mojada,Coahuila,Calle,Comercio,S/N,,Localidad,La Esmeralda,27610,"Calle Comercio S/N, Localidad La Esmeralda, Sierra Mojada, Coahuila, CP. 27610",27.288318795850834,-103.6620026571979,Solicitar Validación,Anuario Estadístico 2025,Las coordenadas envían a un lugar donde no es posible confirmar la presencia de una unidad
U_ISSSTE_72,CLIST000251,005-206-04,Convenio,En Operación,Consultorio de Atención Familiar Ocampo,CAF Ocampo,Ocampo,Consultorio de Atención Familiar,CAF,Primer Nivel,No Aplica,ISSSTE,Coahuila,Ocampo,Coahuila,Calle,Ignacio Zaragoza,213,,Localidad,Ocampo,27500,"Calle Ignacio Zaragoza 213, Localidad Ocampo, Ocampo, Coahuila, CP. 27500",27.31334884696549,-102.39684351310783,Validada,Anuario Estadístico 2025,
U_ISSSTE_73,CLIST000304,005-206-05,Rentada,En Operación,Consultorio de Atención Familiar San Buenaventura,CAF San Buenaventura,San Buenaventura,Consultorio de Atención Familiar,CAF,Primer Nivel,No Aplica,ISSSTE,Coahuila,San Buenaventura,Coahuila,Calle,Prof. Óscar Flores Tapia,450,,Fraccionamiento,San Andrés,25504,"Calle Prof. Óscar Flores Tapia 450, Fraccionamiento San Andrés, San Buenaventura, Coahuila, CP. 25504",27.06086157008882,-101.53855207043793,Validada,Anuario Estadístico 2025,
U_ISSSTE_74,CLIST000094,005-207-00,Propia,En Operación,Clínica Hospital Piedras Negras,CH Piedras Negras,Piedras Negras,Clínica Hospital,CH,Segundo Nivel,Primer Nivel,ISSSTE,Coahuila,Piedras Negras,Coahuila,Avenida,Nava-Piedras Negras,S/N,,Colonia,ISSSTE,26070,"Avenida Nava-Piedras Negras S/N, Colonia ISSSTE, Piedras Negras, Coahuila, CP. 26070",28.68614251650214,-100.54384960578047,Validada,Anuario Estadístico 2025,
U_ISSSTE_75,CLIST000024,005-207-01,Destino de Hecho,En Operación,Unidad de Medicina Familiar Cd. Allende,UMF Cd. Allende,Cd. Allende,Unidad de Medicina Familiar,UMF,Primer Nivel,No Aplica,ISSSTE,Coahuila,Allende,Coahuila,Calle,Independencia Oriente,502,,Colonia,Centro,26530,"Calle Independencia Oriente 502, Colonia Centro, Allende, Coahuila, CP. 26530",28.339718276232063,-100.84575614298336,Validada,Anuario Estadístico 2025,
U_ISSSTE_76,CLIST000135,005-207-03,En Proceso de Regularización,En Operación,Unidad de Medicina Familiar Zaragoza,UMF Zaragoza,Zaragoza,Unidad de Medicina Familiar,UMF,Primer Nivel,No Aplica,ISSSTE,Coahuila,Zaragoza,Coahuila,Calle,Hermenegildo Galeana,105,,Colonia,Centro,26450,"Calle Hermenegildo Galeana 105, Colonia Centro, Zaragoza, Coahuila, CP. 26450",28.491605286286834,-100.91993739814961,Validada,Anuario Estadístico 2025,
U_ISSSTE_77,CLIST000012,005-208-00,Propia,En Operación,Clínica de Medicina Familiar Cd. Acuña,CMF Cd. Acuña,Cd. Acuña,Clínica de Medicina Familiar,CMF,Primer Nivel,No Aplica,ISSSTE,Coahuila,Acuña,Coahuila,Calle,Díaz Guerra,185,,Colonia,San Andrés,26260,"Calle Díaz Guerra 185, Colonia San Andrés, Acuña, Coahuila, CP. 26260",29.311255568301622,-100.93029680769163,Validada,Anuario Estadístico 2025,
U_ISSSTE_78,CLIST000193,005-209-00,Propia,En Operación,"Clínica Hospital Dr. Francisco Z Cruz, Nueva Rosita","CH Dr. Francisco Z Cruz, Nueva Rosita","Dr. Francisco Z Cruz, Nueva Rosita",Clínica Hospital,CH,Segundo Nivel,Primer Nivel,ISSSTE,Coahuila,San Juan de Sabinas,Coahuila,Calle,20 de Noviembre,2748,,Colonia,Zaragoza,26860,"Calle 20 de Noviembre 2748, Colonia Zaragoza, San Juan de Sabinas, Coahuila, CP. 26860",27.92985057458195,-101.21235204743351,Validada,Anuario Estadístico 2025,
U_ISSSTE_79,CLIST000070,005-209-01,Propia,En Operación,Unidad de Medicina Familiar Cd. Melchor Muzquiz,UMF Cd. Melchor Muzquiz,Cd. Melchor Muzquiz,Unidad de Medicina Familiar,UMF,Primer Nivel,No Aplica,ISSSTE,Coahuila,Múzquiz,Coahuila,Calle,Heroico Colegio Militar,814,,Colonia,Magisterial,26344,"Calle Heroico Colegio Militar 814, Colonia Magisterial, Múzquiz, Coahuila, CP. 26344",27.87796924118078,-101.5276944304534,Validada,Anuario Estadístico 2025,
U_ISSSTE_80,CLIST000181,005-210-00,Propia,En Operación,"Clínica Hospital Dra. Esperanza Flores Alvarado, Cd. Sabinas","CH Dra. Esperanza Flores Alvarado, Cd. Sabinas","Dra. Esperanza Flores Alvarado, Cd. Sabinas",Clínica Hospital,CH,Segundo Nivel,Primer Nivel,ISSSTE,Coahuila,Sabinas,Coahuila,Calle,Ignacio Manuel Altamirano,765,,Colonia,Prof. Federico Berrueto Ramón,26730,"Calle Ignacio Manuel Altamirano 765, Colonia Prof. Federico Berrueto Ramón, Sabinas, Coahuila, CP. 26730",27.856174405916086,-101.12278084470195,Validada,Anuario Estadístico 2025,
U_ISSSTE_81,CLIST000111,005-211-00,Propia,En Operación,Clínica Hospital San Pedro de las Colonias,CH San Pedro de las Colonias,San Pedro de las Colonias,Clínica Hospital,CH,Segundo Nivel,Primer Nivel,ISSSTE,Coahuila,San Pedro,Coahuila,Calle,de los Granados,2,,Fraccionamiento,La Quinta,27846,"Calle de los Granados 2, Fraccionamiento La Quinta, San Pedro, Coahuila, CP. 27846",25.753583892384533,-102.99625874563192,Validada,Anuario Estadístico 2025,
U_ISSSTE_82,CLIST000041,005-211-01,Propia,En Operación,Unidad de Medicina Familiar Francisco I. Madero,UMF Francisco I. Madero,Francisco I. Madero,Unidad de Medicina Familiar,UMF,Primer Nivel,No Aplica,ISSSTE,Coahuila,Francisco I. Madero,Coahuila,Avenida,Adolfo López Mateos,S/N,,Colonia,Nuevo Linares,27907,"Avenida Adolfo López Mateos S/N, Colonia Nuevo Linares, Francisco I. Madero, Coahuila, CP. 27907",25.76879429473891,-103.27743194194483,Validada,Anuario Estadístico 2025,
U_ISSSTE_83,CLIST000140,005-216-00,Propia,En Operación,Clínica de Medicina Familiar con Especialidades y Quirófano Torreón,CMFEQ Torreón,Torreón,Clínica de Medicina Familiar con Especialidades y Quirófano,CMFEQ,Segundo Nivel,Primer Nivel,ISSSTE,Coahuila,Torreón,Coahuila,Calle,del Mar,395,,Colonia,Torreón Residencial,27268,"Calle del Mar 395, Colonia Torreón Residencial, Torreón, Coahuila, CP. 27268",25.526825984127107,-103.40160089445006,Validada,Anuario Estadístico 2025,
U_ISSSTE_84,CLIST000053,005-216-01,En Proceso de Regularización,En Operación,Unidad de Medicina Familiar Matamoros,UMF Matamoros,Matamoros,Unidad de Medicina Familiar,UMF,Primer Nivel,No Aplica,ISSSTE,Coahuila,Matamoros,Coahuila,Calle,Guillermo Prieto Luján,211,,Colonia,Los Lirios,27446,"Calle Guillermo Prieto Luján 211, Colonia Los Lirios, Matamoros, Coahuila, CP. 27446",25.52854360360903,-103.23396248164217,Validada,Anuario Estadístico 2025,
U_ISSSTE_85,CLIST000333,005-220-00,Propia,En Operación,Hospital General Saltillo,HG Saltillo,Saltillo,Hospital General,HG,Segundo Nivel,No Aplica,ISSSTE,Coahuila,Saltillo,Coahuila,Calle,Fray Landín,S/N,,Colonia,Nuevo Centro Metropolitano,25020,"Calle Fray Landín S/N, Colonia Nuevo Centro Metropolitano, Saltillo, Coahuila, CP. 25020",25.410080096419616,-100.95939693129856,Validada,Anuario Estadístico 2025,
U_ISSSTE_86,CLIST000222,005-220-01,Convenio,En Operación,Consultorio de Atención Familiar General Cepeda,CAF General Cepeda,General Cepeda,Consultorio de Atención Familiar,CAF,Primer Nivel,No Aplica,ISSSTE,Coahuila,General Cepeda,Coahuila,Calle,Francisco I. Madero,215,,Localidad,General Cepeda,25950,"Calle Francisco I. Madero 215, Localidad General Cepeda, General Cepeda, Coahuila, CP. 25950",25.37708629287039,-101.47417134143788,Solicitar Validación,Anuario Estadístico 2025,"Las coordenadas envían a un centro distinto, las coordenadas del CLUES son distintas"
U_ISSSTE_87,CLIST000275,005-220-02,En Proceso de Regularización,En Operación,Consultorio de Atención Familiar UH. FOVISSSTE Chapultepec,CAF UH. FOVISSSTE Chapultepec,UH. FOVISSSTE Chapultepec,Consultorio de Atención Familiar,CAF,Primer Nivel,No Aplica,ISSSTE,Coahuila,Saltillo,Coahuila,Calle,Alfonso Reyes,1026,,Fraccionamiento,Chapultepec 2do Sector,25050,"Calle Alfonso Reyes 1026, Fraccionamiento Chapultepec 2do Sector, Saltillo, Coahuila, CP. 25050",25.399291607332714,-100.9971863807786,Validada,Anuario Estadístico 2025,
U_ISSSTE_88,CLIST000292,005-220-05,En Proceso de Regularización,En Operación,Consultorio de Atención Familiar UHF. Lomas del Bosque,CAF UHF. Lomas del Bosque,UHF. Lomas del Bosque,Consultorio de Atención Familiar,CAF,Primer Nivel,No Aplica,ISSSTE,Coahuila,Saltillo,Coahuila,Calle,Álamos,1195,,Colonia,Lomas del Bosque,25016,"Calle Álamos 1195, Colonia Lomas del Bosque, Saltillo, Coahuila, CP. 25016",25.4222141298995,-100.93384090548948,Validada,Anuario Estadístico 2025,
U_ISSSTE_89,CLIST000263,005-220-06,Convenio,En Operación,Consultorio de Atención Familiar Ramos Arizpe,CAF Ramos Arizpe,Ramos Arizpe,Consultorio de Atención Familiar,CAF,Primer Nivel,No Aplica,ISSSTE,Coahuila,Ramos Arizpe,Coahuila,Calle,Gral. Charles,119,,Colonia,Centro,25900,"Calle Gral. Charles 119, Colonia Centro, Ramos Arizpe, Coahuila, CP. 25900",25.539921435061544,-100.95197401465384,Validada,Anuario Estadístico 2025,
U_ISSSTE_90,CLIST000082,005-220-07,Propia,En Operación,Unidad de Medicina Familiar Parras de la Fuente,UMF Parras de la Fuente,Parras de la Fuente,Unidad de Medicina Familiar,UMF,Primer Nivel,No Aplica,ISSSTE,Coahuila,Parras,Coahuila,Boulevard,Oscar Flores Tapia,S/N,,Fraccionamiento,Estrella,27980,"Boulevard Oscar Flores Tapia S/N, Fraccionamiento Estrella, Parras, Coahuila, CP. 27980",25.44398602237582,-102.17475005574967,Validada,Anuario Estadístico 2025,
U_ISSSTE_91,CLIST000106,005-221-00,Propia,En Operación,Clínica de Medicina Familiar Saltillo,CMF Saltillo,Saltillo,Clínica de Medicina Familiar,CMF,Primer Nivel,No Aplica,ISSSTE,Coahuila,Saltillo,Coahuila,Calle,Francisco Murguía,405,,Colonia,Centro,25000,"Calle Francisco Murguía 405, Colonia Centro, Saltillo, Coahuila, CP. 25000",25.430104936438727,-101.0118812336553,Validada,Anuario Estadístico 2025,
U_ISSSTE_92,CMIST000010,006-204-00,Propia,En Operación,"Clínica Hospital Dr. Miguel Trejo Ochoa, Colima","CH Dr. Miguel Trejo Ochoa, Colima","Dr. Miguel Trejo Ochoa, Colima",Clínica Hospital,CH,Segundo Nivel,Primer Nivel,ISSSTE,Colima,Colima,Colima,Calle,Ignacio Sandoval,867,,Colonia,Lomas de Circunvalación,28010,"Calle Ignacio Sandoval 867, Colonia Lomas de Circunvalación, Colima, Colima, CP. 28010",19.251122164249615,-103.7136875934688,Validada,Anuario Estadístico 2025,
U_ISSSTE_93,CMIST000046,006-204-01,Convenio,En Operación,Consultorio de Atención Familiar Armería,CAF Armería,Armería,Consultorio de Atención Familiar,CAF,Primer Nivel,No Aplica,ISSSTE,Colima,Armería,Colima,Calle,Jalisco,16,,Colonia,Centro,28300,"Calle Jalisco 16, Colonia Centro, Armería, Colima, CP. 28300",18.93865226672,-103.96470256395067,Solicitar Validación,Anuario Estadístico 2025,
U_ISSSTE_94,CMIST000051,006-204-02,Convenio,En Operación,Consultorio de Atención Familiar Minatitlán,CAF Minatitlán,Minatitlán,Consultorio de Atención Familiar,CAF,Primer Nivel,No Aplica,ISSSTE,Colima,Minatitlán,Colima,Calle,Corregidora,20A,,Colonia,Centro,28750,"Calle Corregidora 20A, Colonia Centro, Minatitlán, Colima, CP. 28750",19.385921330442983,-104.05016511473646,Validada,Anuario Estadístico 2025,
U_ISSSTE_95,CMIST000034,006-204-03,Propia,En Operación,Unidad de Medicina Familiar Tecomán,UMF Tecomán,Tecomán,Unidad de Medicina Familiar,UMF,Primer Nivel,No Aplica,ISSSTE,Colima,Tecomán,Colima,Calle,Antonio Bardosa Held,492,,Colonia,Estatuto Jurídico,28160,"Calle Antonio Bardosa Held 492, Colonia Estatuto Jurídico, Tecomán, Colima, CP. 28160",18.90902853821491,-103.86059684430687,Validada,Anuario Estadístico 2025,
U_ISSSTE_96,CMIST000022,006-205-00,Propia,En Operación,Clínica Hospital Manzanillo,CH Manzanillo,Manzanillo,Clínica Hospital,CH,Segundo Nivel,Primer Nivel,ISSSTE,Colima,Manzanillo,Colima,Avenida,Parotas,S/N,,Colonia,Valle de las Garzas,28219,"Avenida Parotas S/N, Colonia Valle de las Garzas, Manzanillo, Colima, CP. 28219",19.089216215194778,-104.29470273000082,Validada,Anuario Estadístico 2025,
U_ISSSTE_97,CSIST000251,007-204-00,Propia,En Operación,"Hospital General Dr. Belisario Domínguez, Tuxtla Gutiérrez.","HG Dr. Belisario Domínguez, Tuxtla Gutiérrez.","Dr. Belisario Domínguez, Tuxtla Gutiérrez.",Hospital General,HG,Segundo Nivel,No Aplica,ISSSTE,Chiapas,Tuxtla Gutiérrez,Chiapas,Calle,Libramiento Norte-Oriente,49a,,Colonia,ISSSTE,29045,"Calle Libramiento Norte-Oriente 49a, Colonia ISSSTE, Tuxtla Gutiérrez, Chiapas, CP. 29045",16.748595498915147,-93.07442782907371,Validada,Anuario Estadístico 2025,
U_ISSSTE_98,CSIST000210,007-205-00,Propia,En Operación,"Clínica Hospital Dr. Roberto Nettel F., Tapachula","CH Dr. Roberto Nettel F., Tapachula","Dr. Roberto Nettel F., Tapachula",Clínica Hospital,CH,Segundo Nivel,Primer Nivel,ISSSTE,Chiapas,Tapachula,Chiapas,Avenida,Tuxtepec,13,,Colonia,Guadalupe,30770,"Avenida Tuxtepec 13, Colonia Guadalupe, Tapachula, Chiapas, CP. 30770",14.89938307032193,-92.24939510123754,Validada,Anuario Estadístico 2025,
U_ISSSTE_99,CSIST000041,007-205-01,Propia,En Operación,Unidad de Medicina Familiar Cacahoatán,UMF Cacahoatán,Cacahoatán,Unidad de Medicina Familiar,UMF,Primer Nivel,No Aplica,ISSSTE,Chiapas,Cacahoatán,Chiapas,Avenida,Novena Norte,S/N,,Colonia,Belisario Domínguez,30890,"Avenida Novena Norte S/N, Colonia Belisario Domínguez, Cacahoatán, Chiapas, CP. 30890",14.996210353039862,-92.16175064001848,Validada,Anuario Estadístico 2025,
U_ISSSTE_100,CSIST000205,007-205-02,Propia,En Operación,Unidad de Medicina Familiar Cd. Hidalgo,UMF Cd. Hidalgo,Cd. Hidalgo,Unidad de Medicina Familiar,UMF,Primer Nivel,No Aplica,ISSSTE,Chiapas,Suchiate,Chiapas,Calle,Segunda Oriente,S/N,,Colonia,Centro,30840,"Calle Segunda Oriente S/N, Colonia Centro, Suchiate, Chiapas, CP. 30840",14.678020232943162,-92.14938450033918,Validada,Anuario Estadístico 2025,
U_ISSSTE_101,CSIST000106,007-205-03,Propia,En Operación,Unidad de Medicina Familiar Huixtla,UMF Huixtla,Huixtla,Unidad de Medicina Familiar,UMF,Primer Nivel,No Aplica,ISSSTE,Chiapas,Huixtla,Chiapas,Avenida,Miguel Alemán Sur,10,,Colonia,Revolucionaria,30640,"Avenida Miguel Alemán Sur 10, Colonia Revolucionaria, Huixtla, Chiapas, CP. 30640",15.133918615392254,-92.46071555818175,Validada,Anuario Estadístico 2025,
U_ISSSTE_102,CSIST000123,007-205-04,Propia,En Operación,Unidad de Medicina Familiar Mapastepec,UMF Mapastepec,Mapastepec,Unidad de Medicina Familiar,UMF,Primer Nivel,No Aplica,ISSSTE,Chiapas,Mapastepec,Chiapas,Calle,Diecinueve Poniente,1012,,Barrio,Malucal,30560,"Calle Diecinueve Poniente 1012, Barrio Malucal, Mapastepec, Chiapas, CP. 30560",15.45062624718841,-92.88989865649907,Validada,Anuario Estadístico 2025,
U_ISSSTE_103,CSIST000135,007-205-05,Propia,En Operación,Unidad de Medicina Familiar Motozintla de Mendoza,UMF Motozintla de Mendoza,Motozintla de Mendoza,Unidad de Medicina Familiar,UMF,Primer Nivel,No Aplica,ISSSTE,Chiapas,Motozintla,Chiapas,Calle,Octava Poniente,225,,Colonia,Emiliano Zapata,30900,"Calle Octava Poniente 225, Colonia Emiliano Zapata, Motozintla, Chiapas, CP. 30900",15.368031714664898,-92.24666176286773,Validada,Anuario Estadístico 2025,
U_ISSSTE_104,CSIST000012,007-205-06,Propia,En Operación,Unidad de Medicina Familiar Acapetahua,UMF Acapetahua,Acapetahua,Unidad de Medicina Familiar,UMF,Primer Nivel,No Aplica,ISSSTE,Chiapas,Acapetahua,Chiapas,Calle,Primera Norte Oriente,22,,Colonia,Chalaca,30580,"Calle Primera Norte Oriente 22, Colonia Chalaca, Acapetahua, Chiapas, CP. 30580",15.286936221404149,-92.68653877145714,Validada,Anuario Estadístico 2025,
U_ISSSTE_105,CSIST000403,007-205-07,Subrogada,En Operación,Consultorio de Atención Familiar Pijijiapan,CAF Pijijiapan,Pijijiapan,Consultorio de Atención Familiar,CAF,Primer Nivel,No Aplica,ISSSTE,Chiapas,Pijijiapan,Chiapas,Calle,Poniente Norte,6,,Colonia,El Arenal,30540,"Calle Poniente Norte 6, Colonia El Arenal, Pijijiapan, Chiapas, CP. 30540",15.692732769687597,-93.21057482166465,Solicitar Validación,Anuario Estadístico 2025,Las coordenadas envían a un IMSS Bienestar
U_ISSSTE_106,CSIST000193,007-206-00,Propia,En Operación,Clínica Hospital San Cristóbal de las Casas,CH San Cristóbal de las Casas,San Cristóbal de las Casas,Clínica Hospital,CH,Segundo Nivel,Primer Nivel,ISSSTE,Chiapas,San Cristóbal de las Casas,Chiapas,Calle,José María Morelos,57,,Barrio,Santa Martha,29277,"Calle José María Morelos 57, Barrio Santa Martha, San Cristóbal de las Casas, Chiapas, CP. 29277",16.725529117692172,-92.64665052513367,Validada,Anuario Estadístico 2025,
U_ISSSTE_107,CSIST000140,007-206-01,Propia,En Operación,Unidad de Medicina Familiar Ocosingo,UMF Ocosingo,Ocosingo,Unidad de Medicina Familiar,UMF,Primer Nivel,No Aplica,ISSSTE,Chiapas,Ocosingo,Chiapas,Calle,Cuarta Oriente Norte,2,,Barrio,Santa Lucía,29950,"Calle Cuarta Oriente Norte 2, Barrio Santa Lucía, Ocosingo, Chiapas, CP. 29950",16.911188577874274,-92.09142189501115,Validada,Anuario Estadístico 2025,
U_ISSSTE_108,CSIST000275,007-206-03,Propia,En Operación,Unidad de Medicina Familiar Yajalón,UMF Yajalón,Yajalón,Unidad de Medicina Familiar,UMF,Primer Nivel,No Aplica,ISSSTE,Chiapas,Yajalón,Chiapas,Calle,Primera Oriente Sur,140,,Colonia,Centro,29930,"Calle Primera Oriente Sur 140, Colonia Centro, Yajalón, Chiapas, CP. 29930",17.17225526312665,-92.33375333767184,Validada,Anuario Estadístico 2025,
U_ISSSTE_109,CSIST000181,007-206-04,Propia,En Operación,Unidad de Medicina Familiar Salto de Agua,UMF Salto de Agua,Salto de Agua,Unidad de Medicina Familiar,UMF,Primer Nivel,No Aplica,ISSSTE,Chiapas,Salto de Agua,Chiapas,Calle,Vicente Guerrero,38,,Colonia,Centro,29900,"Calle Vicente Guerrero 38, Colonia Centro, Salto de Agua, Chiapas, CP. 29900",17.554357411792296,-92.33975895498537,Validada,Anuario Estadístico 2025,
U_ISSSTE_110,CSIST000350,007-206-05,Subrogada,En Operación,Consultorio de Atención Familiar Altamirano,CAF Altamirano,Altamirano,Consultorio de Atención Familiar,CAF,Primer Nivel,No Aplica,ISSSTE,Chiapas,Altamirano,Chiapas,Avenida,20 de Noviembre,S/N,,Barrio,Camino Altamirano,31190,"Avenida 20 de Noviembre S/N, Barrio Camino Altamirano, Altamirano, Chiapas, CP. 31190",16.72859258471505,-92.04070291705591,Validada,Anuario Estadístico 2025,
U_ISSSTE_111,CSIST000065,007-207-00,Propia,En Operación,Clínica Hospital Comitán de Domínguez,CH Comitán de Domínguez,Comitán de Domínguez,Clínica Hospital,CH,Segundo Nivel,Primer Nivel,ISSSTE,Chiapas,Comitán de Domínguez,Chiapas,Calle,de Abasolo,S/N,,Colonia,Cumpata,30099,"Calle de Abasolo S/N, Colonia Cumpata, Comitán de Domínguez, Chiapas, CP. 30099",16.230999382179025,-92.13654656635872,Validada,Anuario Estadístico 2025,
U_ISSSTE_112,CSIST000094,007-207-01,Propia,En Operación,Unidad de Medicina Familiar Frontera Comalapa,UMF Frontera Comalapa,Frontera Comalapa,Unidad de Medicina Familiar,UMF,Primer Nivel,No Aplica,ISSSTE,Chiapas,Frontera Comalapa,Chiapas,Avenida,Tercera Poniente Norte,238,,Colonia,Centro,30140,"Avenida Tercera Poniente Norte 238, Colonia Centro, Frontera Comalapa, Chiapas, CP. 30140",15.662408488709145,-92.14239661263925,Validada,Anuario Estadístico 2025,
U_ISSSTE_113,CSIST000391,007-207-02,Propia,En Operación,Unidad de Medicina Familiar Las Margaritas,UMF Las Margaritas,Las Margaritas,Unidad de Medicina Familiar,UMF,Primer Nivel,No Aplica,ISSSTE,Chiapas,Las Margaritas,Chiapas,Calle,Quinta Sur Poniente,19,,Colonia,Centro,30187,"Calle Quinta Sur Poniente 19, Colonia Centro, Las Margaritas, Chiapas, CP. 30187",16.311622934340242,-91.98100809048029,Validada,Anuario Estadístico 2025,
U_ISSSTE_114,CSIST000246,007-208-00,Propia,En Operación,Clínica de Medicina Familiar Tuxtla Gutiérrez,CMF Tuxtla Gutiérrez,Tuxtla Gutiérrez,Clínica de Medicina Familiar,CMF,Primer Nivel,No Aplica,ISSSTE,Chiapas,Tuxtla Gutiérrez,Chiapas,Calle,Periférico Sur Poniente,1515-B,,Colonia,Penipak,29060,"Calle Periférico Sur Poniente 1515-B, Colonia Penipak, Tuxtla Gutiérrez, Chiapas, CP. 29060",16.749755128440697,-93.1303822845907,Validada,Anuario Estadístico 2025,
U_ISSSTE_115,CSIST000024,007-208-01,En Proceso de Regularización,En Operación,Unidad de Medicina Familiar Arriaga,UMF Arriaga,Arriaga,Unidad de Medicina Familiar,UMF,Primer Nivel,No Aplica,ISSSTE,Chiapas,Arriaga,Chiapas,Avenida,Veinticuatro Oriente,S/N,,Colonia,Buenos Aires II,30453,"Avenida Veinticuatro Oriente S/N, Colonia Buenos Aires II, Arriaga, Chiapas, CP. 30453",16.24111368287259,-93.88784992428263,Validada,Anuario Estadístico 2025,
U_ISSSTE_116,CSIST000036,007-208-02,Propia,En Operación,Unidad de Medicina Familiar Bochil,UMF Bochil,Bochil,Unidad de Medicina Familiar,UMF,Primer Nivel,No Aplica,ISSSTE,Chiapas,Bochil,Chiapas,Calle,Tercera Oriente Norte,59,,Colonia,Orizaba,29770,"Calle Tercera Oriente Norte 59, Colonia Orizaba, Bochil, Chiapas, CP. 29770",16.99575438398584,-92.88700038610907,Validada,Anuario Estadístico 2025,
U_ISSSTE_117,CSIST000053,007-208-03,Propia,En Operación,Unidad de Medicina Familiar Cintalapa de Figueroa,UMF Cintalapa de Figueroa,Cintalapa de Figueroa,Unidad de Medicina Familiar,UMF,Primer Nivel,No Aplica,ISSSTE,Chiapas,Cintalapa de Figueroa,Chiapas,Avenida,Tercera Sur Poniente,737,,Colonia,Santa Cecilia,30400,"Avenida Tercera Sur Poniente 737, Colonia Santa Cecilia, Cintalapa de Figueroa, Chiapas, CP. 30400",16.694612320440193,-93.71470063133499,Validada,Anuario Estadístico 2025,
U_ISSSTE_118,CSIST000070,007-208-05,Propia,En Operación,Unidad de Medicina Familiar Copainalá,UMF Copainalá,Copainalá,Unidad de Medicina Familiar,UMF,Primer Nivel,No Aplica,ISSSTE,Chiapas,Copainalá,Chiapas,Calle,Tecpatan,S/N,,Colonia,Santa Ana,29620,"Calle Tecpatan S/N, Colonia Santa Ana, Copainalá, Chiapas, CP. 29620",17.094509311166295,-93.21361217903248,Validada,Anuario Estadístico 2025,
U_ISSSTE_119,CSIST000082,007-208-06,Propia,En Operación,Unidad de Medicina Familiar Chiapa de Corzo,UMF Chiapa de Corzo,Chiapa de Corzo,Unidad de Medicina Familiar,UMF,Primer Nivel,No Aplica,ISSSTE,Chiapas,Chiapa de Corzo,Chiapas,Calle,12 de Agosto,2,,Barrio,Santa Elena,29160,"Calle 12 de Agosto 2, Barrio Santa Elena, Chiapa de Corzo, Chiapas, CP. 29160",16.700462496258968,-93.0095220890064,Validada,Anuario Estadístico 2025,
U_ISSSTE_120,CSIST000111,007-208-08,Propia,En Operación,Unidad de Medicina Familiar Jiquipilas,UMF Jiquipilas,Jiquipilas,Unidad de Medicina Familiar,UMF,Primer Nivel,No Aplica,ISSSTE,Chiapas,Jiquipilas,Chiapas,Avenida,Central Oriente,92,,Barrio,San Sebastián,30430,"Avenida Central Oriente 92, Barrio San Sebastián, Jiquipilas, Chiapas, CP. 30430",16.661685033004822,-93.64257162573732,Validada,Anuario Estadístico 2025,
U_ISSSTE_121,CSIST000152,007-208-09,Propia,En Operación,Unidad de Medicina Familiar Ocozocoautla de Espinosa,UMF Ocozocoautla de Espinosa,Ocozocoautla de Espinosa,Unidad de Medicina Familiar,UMF,Primer Nivel,No Aplica,ISSSTE,Chiapas,Ocozocoautla de Espinosa,Chiapas,Avenida,Séptima Norte Poniente,S/N,,Colonia,Cruz Blanca,29140,"Avenida Séptima Norte Poniente S/N, Colonia Cruz Blanca, Ocozocoautla de Espinosa, Chiapas, CP. 29140",16.767009722295782,-93.37995477297649,Validada,Anuario Estadístico 2025,
U_ISSSTE_122,CSIST000176,007-208-11,Propia,En Operación,Unidad de Medicina Familiar Pichucalco,UMF Pichucalco,Pichucalco,Unidad de Medicina Familiar,UMF,Primer Nivel,No Aplica,ISSSTE,Chiapas,Pichucalco,Chiapas,Calle,Ponciano Rojas,25,,Colonia,Centro,29520,"Calle Ponciano Rojas 25, Colonia Centro, Pichucalco, Chiapas, CP. 29520",17.51381714966564,-93.11860011179391,Validada,Anuario Estadístico 2025,
U_ISSSTE_123,CSIST000222,007-208-16,Propia,En Operación,Unidad de Medicina Familiar Tapilula,UMF Tapilula,Tapilula,Unidad de Medicina Familiar,UMF,Primer Nivel,No Aplica,ISSSTE,Chiapas,Tapilula,Chiapas,Calle,Segunda Sur Oriente,S/N,,Colonia,Centro,29730,"Calle Segunda Sur Oriente S/N, Colonia Centro, Tapilula, Chiapas, CP. 29730",17.24718299206812,-93.01594549283801,Validada,Anuario Estadístico 2025,
U_ISSSTE_124,CSIST000234,007-208-17,Propia,En Operación,Unidad de Medicina Familiar Tonalá,UMF Tonalá,Tonalá,Unidad de Medicina Familiar,UMF,Primer Nivel,No Aplica,ISSSTE,Chiapas,Tonalá,Chiapas,Calle,Francisco I. Madero,S/N,,Colonia,Las Vegas,30500,"Calle Francisco I. Madero S/N, Colonia Las Vegas, Tonalá, Chiapas, CP. 30500",16.08140072259703,-93.76611136649939,Validada,Anuario Estadístico 2025,
U_ISSSTE_125,CSIST000304,007-208-18,Subrogada,En Operación,Consultorio de Atención Familiar Venustiano Carranza,CAF Venustiano Carranza,Venustiano Carranza,Consultorio de Atención Familiar,CAF,Primer Nivel,No Aplica,ISSSTE,Chiapas,Venustiano Carranza,Chiapas,Avenida,Primera Norte Oriente,65,,Colonia,Centro,30202,"Avenida Primera Norte Oriente 65, Colonia Centro, Venustiano Carranza, Chiapas, CP. 30202",16.33817390362307,-92.56007124274386,Solicitar Validación,Anuario Estadístico 2025,"Las coordenadas envían a una farmacia, pero no existe forma de confirmar la presencia de una caf"
U_ISSSTE_126,CSIST000263,007-208-20,Propia,En Operación,Unidad de Medicina Familiar Villa Flores,UMF Villa Flores,Villa Flores,Unidad de Medicina Familiar,UMF,Primer Nivel,No Aplica,ISSSTE,Chiapas,Villaflores,Chiapas,Calle,Central,188,,Colonia,Santa Catarina,30476,"Calle Central 188, Colonia Santa Catarina, Villaflores, Chiapas, CP. 30476",16.24244031147463,-93.27221484276109,Validada,Anuario Estadístico 2025,
U_ISSSTE_127,CSIST000432,007-208-22,Convenio,En Operación,Consultorio Médico en Centro de Trabajo Palacio Federal (Tuxtla Gutiérrez),CMCT Palacio Federal (Tuxtla Gutiérrez),Palacio Federal (Tuxtla Gutiérrez),Consultorio Médico en Centro de Trabajo,CMCT,Primer Nivel,No Aplica,ISSSTE,Chiapas,Tuxtla Gutiérrez,Chiapas,Calle,Segunda Oriente Norte,227 (3er Piso),,Colonia,Centro,29000,"Calle Segunda Oriente Norte 227 (3er Piso), Colonia Centro, Tuxtla Gutiérrez, Chiapas, CP. 29000",16.754418434037042,-93.11458840092082,Validada,Anuario Estadístico 2025,
U_ISSSTE_128,CSIST000444,007-208-23,Convenio,En Operación,Consultorio Médico en Centro de Trabajo SAGARPA,CMCT SAGARPA,SAGARPA,Consultorio Médico en Centro de Trabajo,CMCT,Primer Nivel,No Aplica,ISSSTE,Chiapas,Tuxtla Gutiérrez,Chiapas,Carretera,a Chiacoasen,Km. 0.35,,Fraccionamiento,Los Laguitos INFONAVIT,29023,"Carretera a Chiacoasen Km. 0.35, Fraccionamiento Los Laguitos INFONAVIT, Tuxtla Gutiérrez, Chiapas, CP. 29023",16.762027044233857,-93.14820311212752,Validada,Anuario Estadístico 2025,
U_ISSSTE_129,CSIST000456,007-208-24,Convenio,En Operación,Consultorio Médico en Centro de Trabajo Bienestar,CMCT Bienestar,Bienestar,Consultorio Médico en Centro de Trabajo,CMCT,Primer Nivel,No Aplica,ISSSTE,Chiapas,Tuxtla Gutiérrez,Chiapas,Avenida,Central Oriente,1228,,Colonia,Centro,29000,"Avenida Central Oriente 1228, Colonia Centro, Tuxtla Gutiérrez, Chiapas, CP. 29000",16.751964916718585,-93.1066070278645,Validada,Anuario Estadístico 2025,
U_ISSSTE_130,CSIST000461,007-208-25,Convenio,En Operación,Consultorio Médico en Centro de Trabajo SECH (SEF),CMCT SECH (SEF),SECH (SEF),Consultorio Médico en Centro de Trabajo,CMCT,Primer Nivel,No Aplica,ISSSTE,Chiapas,Tuxtla Gutiérrez,Chiapas,Avenida,Mayor Julio Sabines,S/N,,Colonia,24 de Junio,29047,"Avenida Mayor Julio Sabines S/N, Colonia 24 de Junio, Tuxtla Gutiérrez, Chiapas, CP. 29047",16.772660873928157,-93.09166196069617,Solicitar Validación,Anuario Estadístico 2025,Inconsistencias en CLUES
U_ISSSTE_131,CSIST000321,007-208-26,Subrogada,En Operación,Consultorio de Atención Familiar Reforma,CAF Reforma,Reforma,Consultorio de Atención Familiar,CAF,Primer Nivel,No Aplica,ISSSTE,Chiapas,Reforma,Chiapas,Calle,Treinta y Dos,S/N,,Colonia,Zona VI,29500,"Calle Treinta y Dos S/N, Colonia Zona VI, Reforma, Chiapas, CP. 29500",17.85266028638636,-93.15808860196735,Validada,Anuario Estadístico 2025,
U_ISSSTE_132,CSIST000473,007-208-28,Convenio,En Operación,Consultorio de Atención Familiar UH. FOVISSSTE Paraíso,CAF UH. FOVISSSTE Paraíso,UH. FOVISSSTE Paraíso,Consultorio de Atención Familiar,CAF,Primer Nivel,No Aplica,ISSSTE,Chiapas,Tuxtla Gutiérrez,Chiapas,Andador,Vía Láctea,S/N,,Unidad Habitacional,FOVISSSTE Paraíso II,29039,"Andador Vía Láctea S/N, Unidad Habitacional FOVISSSTE Paraíso II, Tuxtla Gutiérrez, Chiapas, CP. 29039",16.771751034214667,-93.12134530644445,Validada,Anuario Estadístico 2025,Google Maps no disponible en la zona
U_ISSSTE_133,CSIST000420,007-208-30,Convenio,En Operación,Consultorio de Atención Familiar Simojovel,CAF Simojovel,Simojovel,Consultorio de Atención Familiar,CAF,Primer Nivel,No Aplica,ISSSTE,Chiapas,Simojovel,Chiapas,Avenida,Emiliano Zapata Oriente,S/N,,Barrio,La Represa,29820,"Avenida Emiliano Zapata Oriente S/N, Barrio La Represa, Simojovel, Chiapas, CP. 29820",17.14270472820861,-92.70969559830164,Solicitar Validación,Anuario Estadístico 2025,Google Maps no disponible en la zona. Ubicación de CLUES
U_ISSSTE_134,CSIST000362,007-208-32,Convenio,En Operación,Consultorio de Atención Familiar Berriozábal,CAF Berriozábal,Berriozábal,Consultorio de Atención Familiar,CAF,Primer Nivel,No Aplica,ISSSTE,Chiapas,Berriozábal,Chiapas,Avenida,Central Poniente,133,,Colonia,San Sebastián,29130,"Avenida Central Poniente 133, Colonia San Sebastián, Berriozábal, Chiapas, CP. 29130",16.79973612041338,-93.2736055788708,Solicitar Validación,Anuario Estadístico 2025,"Las coordenadas envían a una unidad médica, pero no existe forma de confirmar la presencia de una caf"
U_ISSSTE_135,CSIST000490,007-208-33,Convenio,En Operación,Consultorio de Atención Familiar Villa Corzo,CAF Villa Corzo,Villa Corzo,Consultorio de Atención Familiar,CAF,Primer Nivel,No Aplica,ISSSTE,Chiapas,Villa Corzo,Chiapas,Avenida,La Lomita,22,,Barrio,ETA,30520,"Avenida La Lomita 22, Barrio ETA, Villa Corzo, Chiapas, CP. 30520",16.188669065295393,-93.26328289987774,Solicitar Validación,Anuario Estadístico 2025,"Las coordenadas envían a una unidad médica, pero no existe forma de confirmar la presencia de una caf"
U_ISSSTE_136,CSIST000514,007-211-00,Propia,En Operación,Clínica Hospital Palenque,CH Palenque ,Palenque,Clínica Hospital,CH,Segundo Nivel,Primer Nivel,ISSSTE,Chiapas,Palenque,Chiapas,Carretera,Palenque-Pakal-Ná,S/N,,Colonia,Pakal-Ná,29960,"Carretera Palenque-Pakal-Ná S/N, Colonia Pakal-Ná, Palenque, Chiapas, CP. 29960",17.53741635643189,-91.9921114346949,Validada,Anuario Estadístico 2025,
U_ISSSTE_137,CHIST000030,008-204-00,Propia,En Operación,"Hospital General Presidente Gral. Lázaro Cárdenas, Chihuahua","HG Presidente Gral. Lázaro Cárdenas, Chihuahua","Presidente Gral. Lázaro Cárdenas, Chihuahua",Hospital General,HG,Segundo Nivel,No Aplica,ISSSTE,Chihuahua,Chihuahua,Chihuahua,Avenida,de las Américas,720,,Colonia,Ángel Trias,31160,"Avenida de las Américas 720, Colonia Ángel Trias, Chihuahua, Chihuahua, CP. 31160",28.660171548510075,-106.09631836924571,Validada,Anuario Estadístico 2025,
U_ISSSTE_138,CHIST000310,008-204-01,Subrogada,En Operación,Consultorio de Atención Familiar Dr. Belisario Domínguez,CAF Dr. Belisario Domínguez,Dr. Belisario Domínguez,Consultorio de Atención Familiar,CAF,Primer Nivel,No Aplica,ISSSTE,Chihuahua,Dr. Belisario Domínguez,Chihuahua,Calle,"""Desconocida""",S/N,,Colonia,Belisario Domínguez,33140,"Calle ""Desconocida"" S/N, Colonia Belisario Domínguez, Dr. Belisario Domínguez, Chihuahua, CP. 33140",28.155009997260517,-106.47699949976442,Solicitar Validación,Anuario Estadístico 2025,Google Maps no disponible en la zona. Ubicación de CLUES
U_ISSSTE_139,CHIST000182,008-204-04,Convenio,En Operación,Consultorio de Atención Familiar Villa Aldama,CAF Villa Aldama,Villa Aldama,Consultorio de Atención Familiar,CAF,Primer Nivel,No Aplica,ISSSTE,Chihuahua,Aldama,Chihuahua,Avenida,División del Norte,S/N,,Colonia,El Arbolito,32918,"Avenida División del Norte S/N, Colonia El Arbolito, Aldama, Chihuahua, CP. 32918",28.829357615075857,-105.92252142185094,Solicitar Validación,Anuario Estadístico 2025,Las coordenadas envian a un centro de salud
U_ISSSTE_140,CHIST000153,008-204-08,Propia,En Operación,Unidad de Medicina Familiar Ojinaga,UMF Ojinaga,Ojinaga,Unidad de Medicina Familiar,UMF,Primer Nivel,No Aplica,ISSSTE,Chihuahua,Ojinaga,Chihuahua,Calle,Internacional,300,,Fraccionamiento,Progreso,32882,"Calle Internacional 300, Fraccionamiento Progreso, Ojinaga, Chihuahua, CP. 32882",29.560054556144976,-104.40335496207537,Validada,Anuario Estadístico 2025,
U_ISSSTE_141,CHIST000112,008-205-00,Propia,En Operación,Hospital General Cd. Juárez,HG Cd. Juárez,Cd. Juárez,Hospital General,HG,Segundo Nivel,No Aplica,ISSSTE,Chihuahua,Juárez,Chihuahua,Calle,Reyes Estrada,4,,Colonia,La Plata,32315,"Calle Reyes Estrada 4, Colonia La Plata, Juárez, Chihuahua, CP. 32315",31.742916471180312,-106.44810063615314,Validada,Anuario Estadístico 2025,
U_ISSSTE_142,CHIST000515,008-206-00,Propia,En Operación,Clínica Hospital Cd. Delicias,CH Cd. Delicias,Cd. Delicias,Clínica Hospital,CH,Segundo Nivel,Primer Nivel,ISSSTE,Chihuahua,Delicias,Chihuahua,Avenida,de las Moras,300,,Colonia,Altavista,33066,"Avenida de las Moras 300, Colonia Altavista, Delicias, Chihuahua, CP. 33066",28.155922482429855,-105.4466952657571,Validada,Anuario Estadístico 2025,
U_ISSSTE_143,CHIST000095,008-207-00,Propia,En Operación,Clínica Hospital Hidalgo del Parral,CH Hidalgo del Parral,Hidalgo del Parral,Clínica Hospital,CH,Segundo Nivel,Primer Nivel,ISSSTE,Chihuahua,Hidalgo del Parral,Chihuahua,Calle,Francisco Miranda,8,,Colonia,Las Américas,33880,"Calle Francisco Miranda 8, Colonia Las Américas, Hidalgo del Parral, Chihuahua, CP. 33880",26.922213224187786,-105.66598684155704,Validada,Anuario Estadístico 2025,
U_ISSSTE_144,CHIST000223,008-207-01,Subrogada,En Operación,Consultorio de Atención Familiar Balleza,CAF Balleza,Balleza,Consultorio de Atención Familiar,CAF,Primer Nivel,No Aplica,ISSSTE,Chihuahua,Balleza,Chihuahua,Calle,Adolfo Ruíz Cortines,S/N,,Colonia,Raúl Fernández,33560,"Calle Adolfo Ruíz Cortines S/N, Colonia Raúl Fernández, Balleza, Chihuahua, CP. 33560",26.949598636057903,-106.35095060352107,Solicitar Validación,Anuario Estadístico 2025,"Datos insuficientes para localizar la CAF, coordenadas aproximadas"
U_ISSSTE_145,CHIST000334,008-207-03,Convenio,En Operación,Consultorio de Atención Familiar Guadalupe y Calvo,CAF Guadalupe y Calvo,Guadalupe y Calvo,Consultorio de Atención Familiar,CAF,Primer Nivel,No Aplica,ISSSTE,Chihuahua,Guadalupe y Calvo,Chihuahua,Avenida,Presa de las Vírgenes,S/N,,Colonia,Santo Niño,33470,"Avenida Presa de las Vírgenes S/N, Colonia Santo Niño, Guadalupe y Calvo, Chihuahua, CP. 33470",26.08691428011638,-106.96200431458273,Solicitar Validación,Anuario Estadístico 2025,Google Maps no disponible en la zona. Ubicación de CLUES
U_ISSSTE_146,CHIST000066,008-207-04,Propia,En Operación,Unidad de Medicina Familiar Guachochi,UMF Guachochi,Guachochi,Unidad de Medicina Familiar,UMF,Primer Nivel,No Aplica,ISSSTE,Chihuahua,Guachochi,Chihuahua,Calle,Pascual Orozco,S/N,,Colonia,Los Pinos,33184,"Calle Pascual Orozco S/N, Colonia Los Pinos, Guachochi, Chihuahua, CP. 33184",26.81709734270101,-107.07251790841148,Validada,Anuario Estadístico 2025,
U_ISSSTE_147,CHIST000450,008-207-05,Subrogada,En Operación,Consultorio de Atención Familiar San Francisco del Oro,CAF San Francisco del Oro,San Francisco del Oro,Consultorio de Atención Familiar,CAF,Primer Nivel,No Aplica,ISSSTE,Chihuahua,San Francisco del Oro,Chihuahua,Calle,Zacatecas,S/N,,Colonia,Zacatecas,33500,"Calle Zacatecas S/N, Colonia Zacatecas, San Francisco del Oro, Chihuahua, CP. 33500",26.86995361000805,-105.84820641367878,Solicitar Validación,Anuario Estadístico 2025,"Google Maps indica que se trata del CAF, pero no existen datos suficientes"
U_ISSSTE_148,CHIST000462,008-207-06,Subrogada,En Operación,Consultorio de Atención Familiar Santa Bárbara,CAF Santa Bárbara,Santa Bárbara,Consultorio de Atención Familiar,CAF,Primer Nivel,No Aplica,ISSSTE,Chihuahua,Santa Bárbara,Chihuahua,Calle,Ricardo Flores Magón,73,,Colonia,Centro,33580,"Calle Ricardo Flores Magón 73, Colonia Centro, Santa Bárbara, Chihuahua, CP. 33580",26.803348649241226,-105.81900832602942,Solicitar Validación,Anuario Estadístico 2025,Inconsistencias en las coordenadas del CLUES
U_ISSSTE_149,CHIST000194,008-207-07,Subrogada,En Operación,Consultorio de Atención Familiar Valle de Allende,CAF Valle de Allende,Valle de Allende,Consultorio de Atención Familiar,CAF,Primer Nivel,No Aplica,ISSSTE,Chihuahua,Allende,Chihuahua,Calle,5 de Mayo,S/N,,Colonia,Centro,33920,"Calle 5 de Mayo S/N, Colonia Centro, Allende, Chihuahua, CP. 33920",26.93628290572257,-105.39454257555872,Validada,Anuario Estadístico 2025,
U_ISSSTE_150,CHIST000491,008-207-08,Subrogada,En Operación,Consultorio de Atención Familiar Valle de Zaragoza,CAF Valle de Zaragoza,Valle de Zaragoza,Consultorio de Atención Familiar,CAF,Primer Nivel,No Aplica,ISSSTE,Chihuahua,Valle de Zaragoza,Chihuahua,Calle,Nicolás Bravo,S/N,,Colonia,Centro,33650,"Calle Nicolás Bravo S/N, Colonia Centro, Valle de Zaragoza, Chihuahua, CP. 33650",27.449576128520157,-105.80875645225039,Solicitar Validación,Anuario Estadístico 2025,"Las coordenadas envían a una farmacia, pero no existe forma de confirmar la presencia de una caf"
U_ISSSTE_151,CHIST000136,008-207-09,Propia,En Operación,Unidad de Medicina Familiar Villa Matamoros,UMF Villa Matamoros,Villa Matamoros,Unidad de Medicina Familiar,UMF,Primer Nivel,No Aplica,ISSSTE,Chihuahua,Matamoros,Chihuahua,Calle,Segunda del Porvenir,53,,Localidad,Villa Matamoros,33960,"Calle Segunda del Porvenir 53, Localidad Villa Matamoros, Matamoros, Chihuahua, CP. 33960",26.761712243015438,-105.58700094246834,Solicitar Validación,Anuario Estadístico 2025,Las coordenadas apuntan a un sitio donde no es posible identificar la UMF
U_ISSSTE_152,CHIST000100,008-207-13,Propia,En Operación,Unidad de Medicina Familiar Cd. Jiménez,UMF Cd. Jiménez,Cd. Jiménez,Unidad de Medicina Familiar,UMF,Primer Nivel,No Aplica,ISSSTE,Chihuahua,Jiménez,Chihuahua,Calle,Sor Juana Inés de la Cruz,425,,Colonia,Centro,33983,"Calle Sor Juana Inés de la Cruz 425, Colonia Centro, Jiménez, Chihuahua, CP. 33983",27.134841215536596,-104.91259032113592,Validada,Anuario Estadístico 2025,
U_ISSSTE_153,CHIST000025,008-210-00,Propia,En Operación,Clínica Hospital Cd. Cuauhtémoc,CH Cd. Cuauhtémoc,Cd. Cuauhtémoc,Clínica Hospital,CH,Segundo Nivel,Primer Nivel,ISSSTE,Chihuahua,Cuauhtémoc,Chihuahua,Calle,Nogales,4050,,Colonia,Burocratas,31560,"Calle Nogales 4050, Colonia Burocratas, Cuauhtémoc, Chihuahua, CP. 31560",28.415657016295015,-106.84148762666473,Validada,Anuario Estadístico 2025,
U_ISSSTE_154,CHIST000474,008-210-01,Subrogada,En Operación,Consultorio de Atención Familiar Bahuichivo,CAF Bahuichivo,Bahuichivo,Consultorio de Atención Familiar,CAF,Primer Nivel,No Aplica,ISSSTE,Chihuahua,Urique,Chihuahua,Calle,"""Desconocida""",S/N,,Localidad,Bahuichivo,33431,"Calle ""Desconocida"" S/N, Localidad Bahuichivo, Urique, Chihuahua, CP. 33431",27.410787176671803,-108.0685546147036,Solicitar Validación,Anuario Estadístico 2025,Google Maps no disponible en la Zona. Las coordenadas originales mandan a un Banco Bienestar. Se hizo uso de la farmacia más cercana a falta de datos precisos (direccion y coordenadas)
U_ISSSTE_155,CHIST000404,008-210-03,Subrogada,En Operación,Consultorio de Atención Familiar El Terrero,CAF El Terrero,El Terrero,Consultorio de Atención Familiar,CAF,Primer Nivel,No Aplica,ISSSTE,Chihuahua,Namiquipa,Chihuahua,Avenida,Morelos,107,,Localidad,El Terrero,31960,"Avenida Morelos 107, Localidad El Terrero, Namiquipa, Chihuahua, CP. 31960",29.183073675837342,-107.3892700855395,Solicitar Validación,Anuario Estadístico 2025,Las coordenadas envían a una clínica
U_ISSSTE_156,CHIST000305,008-210-04,Subrogada,En Operación,Consultorio de Atención Familiar Chínipas,CAF Chínipas,Chínipas,Consultorio de Atención Familiar,CAF,Primer Nivel,No Aplica,ISSSTE,Chihuahua,Chínipas,Chihuahua,Calle,Morelos,181,,Colonia,Centro,33360,"Calle Morelos 181, Colonia Centro, Chínipas, Chihuahua, CP. 33360",27.396562588474108,-108.53897276523183,Solicitar Validación,Anuario Estadístico 2025,Las coordenadas son inconsistentes. Google Maps no disponible en la zona. Se hace uso de las coordenadas del Centro de Salud de la localidad
U_ISSSTE_157,CHIST000240,008-210-06,Rentada,En Operación,Consultorio de Atención Familiar San Juanito,CAF San Juanito,San Juanito,Consultorio de Atención Familiar,CAF,Primer Nivel,No Aplica,ISSSTE,Chihuahua,Bocoyna,Chihuahua,Calle,Francisco I. Madero,S/N,,Colonia,Centro,32210,"Calle Francisco I. Madero S/N, Colonia Centro, Bocoyna, Chihuahua, CP. 32210",27.968928263247236,-107.60200451769165,Solicitar Validación,Anuario Estadístico 2025,Inconsistencias en las coordenadas del CLUES. No existe forma de confirmar la presencia de un CAF
U_ISSSTE_158,CHIST000392,008-210-09,Subrogada,En Operación,Consultorio de Atención Familiar Matachí,CAF Matachí,Matachí,Consultorio de Atención Familiar,CAF,Primer Nivel,No Aplica,ISSSTE,Chihuahua,Matachí,Chihuahua,Calle,Séptima,505,,Colonia,Centro,31990,"Calle Séptima 505, Colonia Centro, Matachí, Chihuahua, CP. 31990",28.845878333518154,-107.75906939472416,Solicitar Validación,Anuario Estadístico 2025,Google Maps no disponible en la zona. Coordenadas según clues
U_ISSSTE_159,CHIST000071,008-210-10,Propia,En Operación,Unidad de Medicina Familiar Adolfo López Mateos (La Junta),UMF Adolfo López Mateos (La Junta),Adolfo López Mateos (La Junta),Unidad de Medicina Familiar,UMF,Primer Nivel,No Aplica,ISSSTE,Chihuahua,Guerrero,Chihuahua,Calle,Felipe Ángeles,S/N,,Colonia,Benito Juárez,31690,"Calle Felipe Ángeles S/N, Colonia Benito Juárez, Guerrero, Chihuahua, CP. 31690",28.471558836025196,-107.32748443660188,Validada,Anuario Estadístico 2025,
U_ISSSTE_160,CHIST000083,008-210-11,Propia,En Operación,Unidad de Medicina Familiar Cd. Guerrero,UMF Cd. Guerrero,Cd. Guerrero,Unidad de Medicina Familiar,UMF,Primer Nivel,No Aplica,ISSSTE,Chihuahua,Guerrero,Chihuahua,Calle,Francisco Javier Mina,600,,Colonia,Centro,31680,"Calle Francisco Javier Mina 600, Colonia Centro, Guerrero, Chihuahua, CP. 31680",28.54562401504362,-107.48021720156119,Validada,Anuario Estadístico 2025,
U_ISSSTE_161,CHIST000124,008-210-13,Propia,En Operación,Unidad de Medicina Familiar Madera,UMF Madera,Madera,Unidad de Medicina Familiar,UMF,Primer Nivel,No Aplica,ISSSTE,Chihuahua,Madera,Chihuahua,Calle,Veintitres A,506,,Barrio,El Estadio,31940,"Calle Veintitres A 506, Barrio El Estadio, Madera, Chihuahua, CP. 31940",29.192661451978022,-108.15020849755486,Validada,Anuario Estadístico 2025,
U_ISSSTE_162,CHIST000346,008-210-16,Subrogada,En Operación,Consultorio de Atención Familiar Tomochi,CAF Tomochi,Tomochi,Consultorio de Atención Familiar,CAF,Primer Nivel,No Aplica,ISSSTE,Chihuahua,Guerrero,Chihuahua,Carretera,Gran Visión,S/N,,Pueblo,Tomochi,31691,"Carretera Gran Visión S/N, Pueblo Tomochi, Guerrero, Chihuahua, CP. 31691",28.352722407397547,-107.83900723609054,Solicitar Validación,Anuario Estadístico 2025,"Coordenadas de Clues, no existe forma de confirmar la existencia de un CAF"
U_ISSSTE_163,PENDIENTE,008-210-17,Subrogada,En Operación,Consultorio de Atención Familiar Gómez Farias,CAF Gómez Farias,Gómez Farias,Consultorio de Atención Familiar,CAF,Primer Nivel,No Aplica,ISSSTE,Chihuahua,Gómez Farías,Chihuahua,Calle,Socorro Rivera,509,,Colonia,Centro,31900,"Calle Socorro Rivera 509, Colonia Centro, Gómez Farías, Chihuahua, CP. 31900",29.360060435356882,-107.73791584274515,Validada,Anuario Estadístico 2025,
U_ISSSTE_164,CHIST000416,008-210-18,Subrogada,En Operación,Consultorio de Atención Familiar Óscar Soto Maynez,CAF Óscar Soto Maynez,Óscar Soto Maynez,Consultorio de Atención Familiar,CAF,Primer Nivel,No Aplica,ISSSTE,Chihuahua,Namiquipa,Chihuahua,Calle,12 de Agosto,507,,Colonia,Centro,31963,"Calle 12 de Agosto 507, Colonia Centro, Namiquipa, Chihuahua, CP. 31963",29.034746567660655,-107.47089310705532,Validada,Anuario Estadístico 2025,
U_ISSSTE_165,CHIST000276,008-210-19,Subrogada,En Operación,Consultorio de Atención Familiar Carichí,CAF Carichí,Carichí,Consultorio de Atención Familiar,CAF,Primer Nivel,No Aplica,ISSSTE,Chihuahua,Carichí,Chihuahua,Calle,Yermo y Parres,S/N,,Colonia,Praga,33280,"Calle Yermo y Parres S/N, Colonia Praga, Carichí, Chihuahua, CP. 33280",27.91642048510485,-107.05316662214008,Solicitar Validación,Anuario Estadístico 2025,"Las coordenadas envían a una farmacia, pero no existe forma de confirmar la presencia de una caf"
U_ISSSTE_166,CHIST000235,008-210-20,Subrogada,En Operación,Consultorio de Atención Familiar Creel,CAF Creel,Creel,Consultorio de Atención Familiar,CAF,Primer Nivel,No Aplica,ISSSTE,Chihuahua,Bocoyna,Chihuahua,Avenida,Gran Visión,720,,Colonia,Centro,33200,"Avenida Gran Visión 720, Colonia Centro, Bocoyna, Chihuahua, CP. 33200",27.76223416705411,-107.63679829656084,Solicitar Validación,Anuario Estadístico 2025,Las coordenadas envían a Cruz Roja
U_ISSSTE_167,CHIST000380,008-210-21,Subrogada,En Operación,Consultorio de Atención Familiar El Largo Maderal,CAF El Largo Maderal,El Largo Maderal,Consultorio de Atención Familiar,CAF,Primer Nivel,No Aplica,ISSSTE,Chihuahua,Madera,Chihuahua,Calle,"""Desconocida""",S/N,,Localidad,El Largo Maderal,31956,"Calle ""Desconocida"" S/N, Localidad El Largo Maderal, Madera, Chihuahua, CP. 31956",29.688527921159615,-108.27600790032314,Solicitar Validación,Anuario Estadístico 2025,Google Maps no disponible en la zona
U_ISSSTE_168,CHIST000486,008-210-23,Subrogada,En Operación,Consultorio de Atención Familiar San Rafael Urique,CAF San Rafael Urique,San Rafael Urique,Consultorio de Atención Familiar,CAF,Primer Nivel,No Aplica,ISSSTE,Chihuahua,Urique,Chihuahua,Calle,"""Desconocida""",S/N,,Localidad,San Rafael Urique,33430,"Calle ""Desconocida"" S/N, Localidad San Rafael Urique, Urique, Chihuahua, CP. 33430",27.489187575818647,-107.88803000525478,Solicitar Validación,Anuario Estadístico 2025,Google Maps no disponible en la zona
U_ISSSTE_169,CHIST000520,008-210-25,Subrogada,En Operación,Consultorio de Atención Familiar Témoris,CAF Témoris,Témoris,Consultorio de Atención Familiar,CAF,Primer Nivel,No Aplica,ISSSTE,Chihuahua,Guazapares,Chihuahua,Calle,Benito Juárez,85,,Colonia,Centro,33380,"Calle Benito Juárez 85, Colonia Centro, Guazapares, Chihuahua, CP. 33380",27.27703767392208,-108.27890370513221,Solicitar Validación,Anuario Estadístico 2025,Google Maps no disponible en la zona
U_ISSSTE_170,CHIST000363,008-211-00,Propia,En Operación,Clínica de Medicina Familiar Cd. Juárez,CMF Cd. Juárez,Cd. Juárez,Clínica de Medicina Familiar,CMF,Primer Nivel,No Aplica,ISSSTE,Chihuahua,Juárez,Chihuahua,Calle,Yepomera,5732,,Fraccionamiento,Hacienda de las Torres Universidad,32576,"Calle Yepomera 5732, Fraccionamiento Hacienda de las Torres Universidad, Juárez, Chihuahua, CP. 32576",31.594317053728513,-106.39880434984987,Validada,Anuario Estadístico 2025,
U_ISSSTE_171,CHIST000211,008-211-01,Subrogada,En Operación,Consultorio de Atención Familiar Ascensión,CAF Ascensión,Ascensión,Consultorio de Atención Familiar,CAF,Primer Nivel,No Aplica,ISSSTE,Chihuahua,Ascensión,Chihuahua,Calle,San Luis,1155,,Colonia,Centro,31820,"Calle San Luis 1155, Colonia Centro, Ascensión, Chihuahua, CP. 31820",31.094008004962525,-108.0008223208192,Solicitar Validación,Anuario Estadístico 2025,Google Maps no disponible en la zona. Inconsistencias en Clues. Coordenadas aproximadas según los datos de Clues
U_ISSSTE_172,CHIST000445,008-211-03,Subrogada,En Operación,Consultorio de Atención Familiar Praxedis G. Guerrero,CAF Praxedis G. Guerrero,Praxedis G. Guerrero,Consultorio de Atención Familiar,CAF,Primer Nivel,No Aplica,ISSSTE,Chihuahua,Praxedis G. Guerrero,Chihuahua,Calle,Villa Guerrero,S/N,,Colonia,Centro,32780,"Calle Villa Guerrero S/N, Colonia Centro, Praxedis G. Guerrero, Chihuahua, CP. 32780",31.370518132548618,-106.00699926209936,Solicitar Validación,Anuario Estadístico 2025,Google Maps desactualizado. Las coordenadas no permiten identificar con precisión el CAF
U_ISSSTE_173,CHIST000206,008-211-04,Subrogada,En Operación,Consultorio de Atención Familiar Gral. Rodrigo M. Quevedo (Palomas),CAF Gral. Rodrigo M. Quevedo (Palomas),Gral. Rodrigo M. Quevedo (Palomas),Consultorio de Atención Familiar,CAF,Primer Nivel,No Aplica,ISSSTE,Chihuahua,Ascensión,Chihuahua,Calle,Lerdo,1818,,Colonia,Centro,31830,"Calle Lerdo 1818, Colonia Centro, Ascensión, Chihuahua, CP. 31830",31.78079446985621,-107.63207386562726,Solicitar Validación,Anuario Estadístico 2025,Las coordenadas del Clues no son exactas. Se muestran cordenadas del Centro de Salud más cercano
U_ISSSTE_174,CHIST000141,008-211-05,Propia,En Operación,Unidad de Medicina Familiar Nuevo Casas Grandes,UMF Nuevo Casas Grandes,Nuevo Casas Grandes,Unidad de Medicina Familiar,UMF,Primer Nivel,No Aplica,ISSSTE,Chihuahua,Nuevo Casas Grandes,Chihuahua,Calle,del Prado,S/N,,Colonia,Centro,31700,"Calle del Prado S/N, Colonia Centro, Nuevo Casas Grandes, Chihuahua, CP. 31700",30.422644377804644,-107.90352219105378,Validada,Anuario Estadístico 2025,
U_ISSSTE_175,CHIST000170,008-211-06,Subrogada,En Operación,Consultorio de Atención Familiar Villa Ahumada,CAF Villa Ahumada,Villa Ahumada,Consultorio de Atención Familiar,CAF,Primer Nivel,No Aplica,ISSSTE,Chihuahua,Ahumada,Chihuahua,Avenida,Miguel Ahumada,307,,Colonia,Centro,32800,"Avenida Miguel Ahumada 307, Colonia Centro, Ahumada, Chihuahua, CP. 32800",30.617286494094472,-106.51398805580433,Solicitar Validación,Anuario Estadístico 2025,Las coordenadas no concuerdan con la dirección de Clues
U_ISSSTE_176,CHIST000264,008-211-07,Convenio,En Operación,Consultorio de Atención Familiar Ricardo Flores Magón,CAF Ricardo Flores Magón,Ricardo Flores Magón,Consultorio de Atención Familiar,CAF,Primer Nivel,No Aplica,ISSSTE,Chihuahua,Buenaventura,Chihuahua,Carretera,Federal Diez,20,,Localidad,Ricardo Flores Magón,31880,"Carretera Federal Diez 20, Localidad Ricardo Flores Magón, Buenaventura, Chihuahua, CP. 31880",29.943183678248438,-106.96399635940958,Solicitar Validación,Anuario Estadístico 2025,Las coordenadas son inconsistentes. Se hace uso de las coordenadas del centro de salud más cercano
U_ISSSTE_177,CHIST000252,008-211-08,Subrogada,En Operación,Consultorio de Atención Familiar Valle de San Buenaventura,CAF Valle de San Buenaventura,Valle de San Buenaventura,Consultorio de Atención Familiar,CAF,Primer Nivel,No Aplica,ISSSTE,Chihuahua,Buenaventura,Chihuahua,Calle,Anáhuac,605,,Colonia,Centro,31890,"Calle Anáhuac 605, Colonia Centro, Buenaventura, Chihuahua, CP. 31890",29.84136001613835,-107.47045657018988,Solicitar Validación,Anuario Estadístico 2025,"Datos insuficientes para localizar la CAF, coordenadas aproximadas"
U_ISSSTE_178,CHIST000351,008-211-09,Subrogada,En Operación,Consultorio de Atención Familiar Ignacio Zaragoza,CAF Ignacio Zaragoza,Ignacio Zaragoza,Consultorio de Atención Familiar,CAF,Primer Nivel,No Aplica,ISSSTE,Chihuahua,Ignacio Zaragoza,Chihuahua,Calle,Prolongación Josefa Ortíz de Domínguez,S/N,,Localidad,Ignacio Zaragoza,31920,"Calle Prolongación Josefa Ortíz de Domínguez S/N, Localidad Ignacio Zaragoza, Ignacio Zaragoza, Chihuahua, CP. 31920",29.63676840100859,-107.75355892398511,Solicitar Validación,Anuario Estadístico 2025,Inconsistencias en el Clues. Se usaron las coordenadas del centro de salud más cercano
U_ISSSTE_179,CHIST000054,008-213-00,Propia,En Operación,Clínica de Medicina Familiar Cd. Delicias,CMF Cd. Delicias,Cd. Delicias,Clínica de Medicina Familiar,CMF,Primer Nivel,No Aplica,ISSSTE,Chihuahua,Delicias,Chihuahua,Avenida,"Doce ""A"" Sur",902,,Fraccionamiento,Los Ángeles,33076,"Avenida Doce ""A"" Sur 902, Fraccionamiento Los Ángeles, Delicias, Chihuahua, CP. 33076",28.17852691294629,-105.4731750956816,Validada,Anuario Estadístico 2025,
U_ISSSTE_180,CHIST000165,008-213-02,Propia,En Operación,Unidad de Medicina Familiar Saucillo,UMF Saucillo,Saucillo,Unidad de Medicina Familiar,UMF,Primer Nivel,No Aplica,ISSSTE,Chihuahua,Saucillo,Chihuahua,Avenida,Trece A,10,,Colonia,Centro,33620,"Avenida Trece A 10, Colonia Centro, Saucillo, Chihuahua, CP. 33620",28.03500835040684,-105.29311222469468,Validada,Anuario Estadístico 2025,
U_ISSSTE_181,CHIST000013,008-213-03,Propia,En Operación,Unidad de Medicina Familiar Cd. Camargo,UMF Cd. Camargo,Cd. Camargo,Unidad de Medicina Familiar,UMF,Primer Nivel,No Aplica,ISSSTE,Chihuahua,Camargo,Chihuahua,Calle,Cuarta,S/N,,Colonia,La Quinta Gracia,33737,"Calle Cuarta S/N, Colonia La Quinta Gracia, Camargo, Chihuahua, CP. 33737",27.660441879930346,-105.16759554647625,Validada,Anuario Estadístico 2025,
U_ISSSTE_182,CHIST000293,008-217-00,Propia,En Operación,Clínica de Medicina Familiar Chihuahua,CMF Chihuahua,Chihuahua,Clínica de Medicina Familiar,CMF,Primer Nivel,No Aplica,ISSSTE,Chihuahua,Chihuahua,Chihuahua,Calle,Ahuehuete,505,,Colonia,Ángel Trias,31203,"Calle Ahuehuete 505, Colonia Ángel Trias, Chihuahua, Chihuahua, CP. 31203",28.658012918562434,-106.09913788053406,Validada,Anuario Estadístico 2025,
U_ISSSTE_183,DGIST000042,010-204-00,Propia,En Operación,"Hospital General Dr. Santiago Ramon y Cajal, Dgo.","HG Dr. Santiago Ramon y Cajal, Dgo.","Dr. Santiago Ramon y Cajal, Dgo.",Hospital General,HG,Segundo Nivel,No Aplica,ISSSTE,Durango,Durango,Durango,Calle,Predio Canoas,S/N,,Colonia,Obrera,34077,"Calle Predio Canoas S/N, Colonia Obrera, Durango, Durango, CP. 34077",24.029425563205866,-104.68160248628271,Validada,Anuario Estadístico 2025,
U_ISSSTE_184,DGIST000346,010-205-00,Propia,En Operación,Clínica de Medicina Familiar Cd. Lerdo,CMF Cd. Lerdo,Cd. Lerdo,Clínica de Medicina Familiar,CMF,Primer Nivel,No Aplica,ISSSTE,Durango,Lerdo,Durango,Calzada,José Santos Valdéz,270,,Colonia,Magisterial,35168,"Calzada José Santos Valdéz 270, Colonia Magisterial, Lerdo, Durango, CP. 35168",25.555390695049187,-103.50916342156097,Validada,Anuario Estadístico 2025,
U_ISSSTE_185,DGIST000054,010-206-00,Propia,En Operación,Clínica Hospital Gómez Palacio,CH Gómez Palacio,Gómez Palacio,Clínica Hospital,CH,Segundo Nivel,Primer Nivel,ISSSTE,Durango,Gómez Palacio,Durango,Boulevard,Miguel Alemán,S/N,,Colonia,Centro,35050,"Boulevard Miguel Alemán S/N, Colonia Centro, Gómez Palacio, Durango, CP. 35050",25.55450650400878,-103.50770052249646,Validada,Anuario Estadístico 2025,
U_ISSSTE_186,DGIST000025,010-206-01,En Proceso de Regularización,En Operación,Unidad de Medicina Familiar Cuencamé,UMF Cuencamé,Cuencamé,Unidad de Medicina Familiar,UMF,Primer Nivel,No Aplica,ISSSTE,Durango,Cuencamé,Durango,Calle,Aquiles Serdán,200,,Colonia,Las Alamedas,35800,"Calle Aquiles Serdán 200, Colonia Las Alamedas, Cuencamé, Durango, CP. 35800",24.86760576231334,-103.69657096974572,Validada,Anuario Estadístico 2025,
U_ISSSTE_187,DGIST000136,010-206-03,Propia,En Operación,Unidad de Medicina Familiar Rodeo,UMF Rodeo,Rodeo,Unidad de Medicina Familiar,UMF,Primer Nivel,No Aplica,ISSSTE,Durango,Rodeo,Durango,Calle,Durango,S/N,,Colonia,Industrial,35760,"Calle Durango S/N, Colonia Industrial, Rodeo, Durango, CP. 35760",25.174636694686573,-104.5548967644172,Validada,Anuario Estadístico 2025,
U_ISSSTE_188,DGIST000100,010-206-05,Propia,En Operación,Unidad de Medicina Familiar Las Nieves,UMF Las Nieves,Las Nieves,Unidad de Medicina Familiar,UMF,Primer Nivel,No Aplica,ISSSTE,Durango,Ocampo,Durango,Calle,Tomás Urbina,401,,Colonia,Centro,35381,"Calle Tomás Urbina 401, Colonia Centro, Ocampo, Durango, CP. 35381",26.395542508844773,-105.3951298215141,Validada,Anuario Estadístico 2025,
U_ISSSTE_189,DGIST000071,010-206-06,Propia,En Operación,Unidad de Medicina Familiar Mapimí,UMF Mapimí,Mapimí,Unidad de Medicina Familiar,UMF,Primer Nivel,No Aplica,ISSSTE,Durango,Mapimí,Durango,Calle,Ignacio Zaragoza,3,,Colonia,Centro,35200,"Calle Ignacio Zaragoza 3, Colonia Centro, Mapimí, Durango, CP. 35200",25.83157307985908,-103.84852523870572,Validada,Anuario Estadístico 2025,
U_ISSSTE_190,DGIST000083,010-206-07,Propia,En Operación,Unidad de Medicina Familiar Paso Nacional,UMF Paso Nacional,Paso Nacional,Unidad de Medicina Familiar,UMF,Primer Nivel,No Aplica,ISSSTE,Durango,Nazas,Durango,Calle,Venustiano Carranza,S/N,,Colonia,Centro,35713,"Calle Venustiano Carranza S/N, Colonia Centro, Nazas, Durango, CP. 35713",25.261771290101432,-104.01913668501678,Validada,Anuario Estadístico 2025,
U_ISSSTE_191,DGIST000380,010-206-08,Subrogada,En Operación,Consultorio de Atención Familiar Peñón Blanco,CAF Peñón Blanco,Peñón Blanco,Consultorio de Atención Familiar,CAF,Primer Nivel,No Aplica,ISSSTE,Durango,Peñón Blanco,Durango,Carretera,Estatal 316 (Durango-Yerbanís),S/N,,Localidad,Peñón Blanco,34764,"Carretera Estatal 316 (Durango-Yerbanís) S/N, Localidad Peñón Blanco, Peñón Blanco, Durango, CP. 34764",24.78863838522305,-104.02272835166133,Solicitar Validación,Anuario Estadístico 2025,Las coordenadas del Clues no son exactas. Se muestran cordenadas del Centro de Salud más cercano
U_ISSSTE_192,DGIST000416,010-206-09,Subrogada,En Operación,Consultorio de Atención Familiar San Juan de Guadalupe,CAF San Juan de Guadalupe,San Juan de Guadalupe,Consultorio de Atención Familiar,CAF,Primer Nivel,No Aplica,ISSSTE,Durango,San Juan de Guadalupe,Durango,Calle,Allende,30,,Localidad,San Juan de Guadalupe,35900,"Calle Allende 30, Localidad San Juan de Guadalupe, San Juan de Guadalupe, Durango, CP. 35900",24.63203387616711,-102.78012937967236,Solicitar Validación,Anuario Estadístico 2025,"Las coordenadas envían a un edificio, pero no es posible verificar la presencia del CAF"
U_ISSSTE_193,DGIST000112,010-206-10,Propia,En Operación,Unidad de Medicina Familiar Santa María del Oro,UMF Santa María del Oro,Santa María del Oro,Unidad de Medicina Familiar,UMF,Primer Nivel,No Aplica,ISSSTE,Durango,El Oro,Durango,Avenida,Juárez,S/N,,Colonia,Centro,35690,"Avenida Juárez S/N, Colonia Centro, El Oro, Durango, CP. 35690",25.95729831723327,-105.36636250206377,Validada,Anuario Estadístico 2025,
U_ISSSTE_194,DGIST000170,010-206-11,Propia,En Operación,Unidad de Medicina Familiar Tlahualilo de Zaragoza,UMF Tlahualilo de Zaragoza,Tlahualilo de Zaragoza,Unidad de Medicina Familiar,UMF,Primer Nivel,No Aplica,ISSSTE,Durango,Tlahualilo,Durango,Calle,Aguascalientes,142,,Colonia,Zaragoza,35257,"Calle Aguascalientes 142, Colonia Zaragoza, Tlahualilo, Durango, CP. 35257",26.10483564780058,-103.4390252505424,Validada,Anuario Estadístico 2025,
U_ISSSTE_195,DGIST000363,010-206-12,Subrogada,En Operación,Consultorio de Atención Familiar Cd. Juárez,CAF Cd. Juárez,Cd. Juárez,Consultorio de Atención Familiar,CAF,Primer Nivel,No Aplica,ISSSTE,Durango,Lerdo,Durango,Calle,José María Morelos y Pavón,600,,Colonia,Centro,35180,"Calle José María Morelos y Pavón 600, Colonia Centro, Lerdo, Durango, CP. 35180",25.487993962298518,-103.59433670049306,Solicitar Validación,Anuario Estadístico 2025,Las coordenadas son inconsistentes con los datos del clues. Se hace uso de las coordenadas de un Centro comunitario de la zona
U_ISSSTE_196,DGIST000404,010-206-13,Subrogada,En Operación,Consultorio de Atención Familiar Santa Clara,CAF Santa Clara,Santa Clara,Consultorio de Atención Familiar,CAF,Primer Nivel,No Aplica,ISSSTE,Durango,Santa Clara,Durango,Calle,Constitución,10-B,,Colonia,Poanas,35883,"Calle Constitución 10-B, Colonia Poanas, Santa Clara, Durango, CP. 35883",24.47759174040412,-103.35632328287555,Solicitar Validación,Anuario Estadístico 2025,Coordenadas aproximadas. Google Maps no disponible en la zona
U_ISSSTE_197,DGIST000351,010-206-14,Subrogada,En Operación,Consultorio de Atención Familiar Bermejillo,CAF Bermejillo,Bermejillo,Consultorio de Atención Familiar,CAF,Primer Nivel,No Aplica,ISSSTE,Durango,Mapimí,Durango,Calle,Sor Juana Inés de la Cruz,344,,Pueblo,Bermejillo,35230,"Calle Sor Juana Inés de la Cruz 344, Pueblo Bermejillo, Mapimí, Durango, CP. 35230",25.885997781964193,-103.62256002960811,Solicitar Validación,Anuario Estadístico 2025,Las coordenadas envían a un DIF
U_ISSSTE_198,DGIST000433,010-206-15,Subrogada,En Operación,Consultorio de Atención Familiar General Simón Bolívar,CAF General Simón Bolívar,General Simón Bolívar,Consultorio de Atención Familiar,CAF,Primer Nivel,No Aplica,ISSSTE,Durango,General Simón Bolívar,Durango,Calle,Mariano Matamoros,S/N,,Ciudad,Gral. Simón Bolívar,35950,"Calle Mariano Matamoros S/N, Ciudad Gral. Simón Bolívar, General Simón Bolívar, Durango, CP. 35950",24.686817536202792,-103.22590276040015,Solicitar Validación,Anuario Estadístico 2025,Las coordenadas no permiten identificar la presencia de un CAF
U_ISSSTE_199,DGIST000450,010-206-16,Subrogada,En Operación,Consultorio de Atención Familiar San Bernardo,CAF San Bernardo,San Bernardo,Consultorio de Atención Familiar,CAF,Primer Nivel,No Aplica,ISSSTE,Durango,San Bernardo,Durango,Calle,Libertad,11,,Barrio,Libertad,35490,"Calle Libertad 11, Barrio Libertad, San Bernardo, Durango, CP. 35490",26.002643851526575,-105.52489070740067,Solicitar Validación,Anuario Estadístico 2025,Coordenadas aproximadas. Google Maps no disponible en la zona
U_ISSSTE_200,DGIST000030,010-207-00,Propia,En Operación,Clínica de Medicina Familiar Durango,CMF Durango,Durango,Clínica de Medicina Familiar,CMF,Primer Nivel,No Aplica,ISSSTE,Durango,Durango,Durango,Calle,Velino M. Preza,202,,Colonia,Silvestre Dorador,34077,"Calle Velino M. Preza 202, Colonia Silvestre Dorador, Durango, Durango, CP. 34077",24.0290153127099,-104.68191258270149,Validada,Anuario Estadístico 2025,
U_ISSSTE_201,DGIST000013,010-207-01,Propia,En Operación,Unidad de Medicina Familiar Canatlán de las Manzanas,UMF Canatlán de las Manzanas,Canatlán de las Manzanas,Unidad de Medicina Familiar,UMF,Primer Nivel,No Aplica,ISSSTE,Durango,Canatlán,Durango,Calle,Morelos,S/N,,Colonia,Valenzuela,34455,"Calle Morelos S/N, Colonia Valenzuela, Canatlán, Durango, CP. 34455",24.520927790329303,-104.7776300942579,Validada,Anuario Estadístico 2025,
U_ISSSTE_202,DGIST000206,010-207-02,Subrogada,En Operación,Consultorio de Atención Familiar Canelas,CAF Canelas,Canelas,Consultorio de Atención Familiar,CAF,Primer Nivel,No Aplica,ISSSTE,Durango,Canelas,Durango,Calle,5 de Mayo,S/N,,Localidad,Canelas,34500,"Calle 5 de Mayo S/N, Localidad Canelas, Canelas, Durango, CP. 34500",25.12191841169038,-106.54541102696133,Validada,Anuario Estadístico 2025,
U_ISSSTE_203,DGIST000124,010-207-03,Propia,En Operación,Unidad de Medicina Familiar El Salto,UMF El Salto,El Salto,Unidad de Medicina Familiar,UMF,Primer Nivel,No Aplica,ISSSTE,Durango,Pueblo Nuevo,Durango,Calle,Leona Vicario,25,,Colonia,Insurgentes,34942,"Calle Leona Vicario 25, Colonia Insurgentes, Pueblo Nuevo, Durango, CP. 34942",23.786644538015068,-105.36240983403378,Validada,Anuario Estadístico 2025,
U_ISSSTE_204,DGIST000223,010-207-04,Subrogada,En Operación,Consultorio de Atención Familiar Francisco I. Madero,CAF Francisco I. Madero,Francisco I. Madero,Consultorio de Atención Familiar,CAF,Primer Nivel,No Aplica,ISSSTE,Durango,Pánuco de Coronado,Durango,Calzada,Pino Suárez,S/N,,Colonia,Centro,34780,"Calzada Pino Suárez S/N, Colonia Centro, Pánuco de Coronado, Durango, CP. 34780",24.399587285562404,-104.31825679706967,Validada,Anuario Estadístico 2025,Coordenadas envían a un DIF
U_ISSSTE_205,DGIST000066,010-207-05,Propia,En Operación,Unidad de Medicina Familiar Guadalupe Victoria,UMF Guadalupe Victoria,Guadalupe Victoria,Unidad de Medicina Familiar,UMF,Primer Nivel,No Aplica,ISSSTE,Durango,Guadalupe Victoria,Durango,Avenida,Niños Heroes de Chapultepec,S/N,,Colonia,Centro,34707,"Avenida Niños Heroes de Chapultepec S/N, Colonia Centro, Guadalupe Victoria, Durango, CP. 34707",24.43934440522663,-104.12255803257615,Validada,Anuario Estadístico 2025,
U_ISSSTE_206,DGIST000235,010-207-06,Subrogada,En Operación,Consultorio de Atención Familiar Guanaceví,CAF Guanaceví,Guanaceví,Consultorio de Atención Familiar,CAF,Primer Nivel,No Aplica,ISSSTE,Durango,Guanaceví,Durango,Calle,Ocampo,S/N,,Barrio,de la Iglesia,35400,"Calle Ocampo S/N, Barrio de la Iglesia, Guanaceví, Durango, CP. 35400",25.93251046074769,-105.95680638049063,Validada,Anuario Estadístico 2025,
U_ISSSTE_207,DGIST000445,010-207-07,Propia,En Operación,Unidad de Medicina Familiar José Guadalupe Aguilera,UMF José Guadalupe Aguilera,José Guadalupe Aguilera,Unidad de Medicina Familiar,UMF,Primer Nivel,No Aplica,ISSSTE,Durango,Canatlán,Durango,Calle,Aldama,S/N,,Colonia,Centro,34465,"Calle Aldama S/N, Colonia Centro, Canatlán, Durango, CP. 34465",24.45081560405019,-104.70774143182393,Validada,Anuario Estadístico 2025,
U_ISSSTE_208,DGIST000095,010-207-08,Propia,En Operación,Unidad de Medicina Familiar Nombre de Dios,UMF Nombre de Dios,Nombre de Dios,Unidad de Medicina Familiar,UMF,Primer Nivel,No Aplica,ISSSTE,Durango,Nombre de Dios,Durango,Calle,Guardarraya,S/N,,Colonia,Centro,34840,"Calle Guardarraya S/N, Colonia Centro, Nombre de Dios, Durango, CP. 34840",23.8487790755361,-104.24529706199272,Validada,Anuario Estadístico 2025,
U_ISSSTE_209,DGIST000194,010-207-09,Propia,En Operación,Unidad de Medicina Familiar Nuevo Ideal,UMF Nuevo Ideal,Nuevo Ideal,Unidad de Medicina Familiar,UMF,Primer Nivel,No Aplica,ISSSTE,Durango,Nuevo Ideal,Durango,Calle,Francisco I. Madero,S/N,,Colonia,Centro,34410,"Calle Francisco I. Madero S/N, Colonia Centro, Nuevo Ideal, Durango, CP. 34410",24.886124809397934,-105.07480609914148,Validada,Anuario Estadístico 2025,
U_ISSSTE_210,DGIST000141,010-207-10,Propia,En Operación,Unidad de Medicina Familiar San Juan del Río,UMF San Juan del Río,San Juan del Río,Unidad de Medicina Familiar,UMF,Primer Nivel,No Aplica,ISSSTE,Durango,San Juan del Río,Durango,Calle,Dorados de Villa,S/N,,Fraccionamiento,Centauro del Norte,34485,"Calle Dorados de Villa S/N, Fraccionamiento Centauro del Norte, San Juan del Río, Durango, CP. 34485",24.778505019750025,-104.46677122483963,Validada,Anuario Estadístico 2025,
U_ISSSTE_211,DGIST000281,010-207-11,Subrogada,En Operación,Consultorio de Atención Familiar San Lucas de Ocampo,CAF San Lucas de Ocampo,San Lucas de Ocampo,Consultorio de Atención Familiar,CAF,Primer Nivel,No Aplica,ISSSTE,Durango,San Juan del Río,Durango,Calle,Francisco Villa,360,,Localidad,Diez de Octubre,34490,"Calle Francisco Villa 360, Localidad Diez de Octubre, San Juan del Río, Durango, CP. 34490",24.72712265633665,-104.63399902805978,Solicitar Validación,Anuario Estadístico 2025,"Las coordenadas son inconsistentes, no es posible identifcar la CAF "
U_ISSSTE_212,DGIST000153,010-207-12,Propia,En Operación,Unidad de Medicina Familiar Santiago Papasquíaro,UMF Santiago Papasquíaro,Santiago Papasquíaro,Unidad de Medicina Familiar,UMF,Primer Nivel,No Aplica,ISSSTE,Durango,Santiago Papasquiaro,Durango,Calle,Francisco I. Madero,141,,Colonia,Altamira,34635,"Calle Francisco I. Madero 141, Colonia Altamira, Santiago Papasquiaro, Durango, CP. 34635",25.04720591462202,-105.42040408996613,Validada,Anuario Estadístico 2025,
U_ISSSTE_213,DGIST000293,010-207-13,Subrogada,En Operación,Consultorio de Atención Familiar Súchil,CAF Súchil,Súchil,Consultorio de Atención Familiar,CAF,Primer Nivel,No Aplica,ISSSTE,Durango,Súchil,Durango,Calle,Francisco González de la Vega,200,,Colonia,Centro,34900,"Calle Francisco González de la Vega 200, Colonia Centro, Súchil, Durango, CP. 34900",23.620517417458835,-103.92347768969496,Solicitar Validación,Anuario Estadístico 2025,"Las coordenadas envían a una farmacia, pero no existe forma de confirmar la presencia de una caf"
U_ISSSTE_214,DGIST000305,010-207-14,Subrogada,En Operación,Consultorio de Atención Familiar Tamazula de Victoria,CAF Tamazula de Victoria,Tamazula de Victoria,Consultorio de Atención Familiar,CAF,Primer Nivel,No Aplica,ISSSTE,Durango,Tamazula,Durango,Calle,Gral. Carlos Real Félix,S/N,,Localidad,Tamazula de Victoria,34580,"Calle Gral. Carlos Real Félix S/N, Localidad Tamazula de Victoria, Tamazula, Durango, CP. 34580",24.972233331162915,-106.96728709810009,Validada,Anuario Estadístico 2025,
U_ISSSTE_215,DGIST000310,010-207-15,Subrogada,En Operación,Consultorio de Atención Familiar Tayoltita,CAF Tayoltita,Tayoltita,Consultorio de Atención Familiar,CAF,Primer Nivel,No Aplica,ISSSTE,Durango,San Dimas,Durango,Calle,El Arenal,S/N,,Barrio,de la Plazuela,34690,"Calle El Arenal S/N, Barrio de la Plazuela, San Dimas, Durango, CP. 34690",24.103188954628386,-105.93081475489664,Solicitar Validación,Anuario Estadístico 2025,Coordenadas aproximadas. Google Maps no disponible en la zona
U_ISSSTE_216,DGIST000165,010-207-16,Propia,En Operación,Unidad de Medicina Familiar Tepehuanes,UMF Tepehuanes,Tepehuanes,Unidad de Medicina Familiar,UMF,Primer Nivel,No Aplica,ISSSTE,Durango,Tepehuanes,Durango,Calle,Largo,S/N,,Localidad,Santa Catarina de Tepehuanes,35600,"Calle Largo S/N, Localidad Santa Catarina de Tepehuanes, Tepehuanes, Durango, CP. 35600",25.341903112321642,-105.72093454267211,Validada,Anuario Estadístico 2025,
U_ISSSTE_217,DGIST000322,010-207-17,Subrogada,En Operación,Consultorio de Atención Familiar Topia,CAF Topia,Topia,Consultorio de Atención Familiar,CAF,Primer Nivel,No Aplica,ISSSTE,Durango,Topia,Durango,Calle,Cuauhtémoc,17,,Barrio,Paloma Azul,34540,"Calle Cuauhtémoc 17, Barrio Paloma Azul, Topia, Durango, CP. 34540",25.210770692686566,-106.57266387137197,Validada,Anuario Estadístico 2025,
U_ISSSTE_218,DGIST000182,010-207-18,Propia,En Operación,Unidad de Medicina Familiar Vicente Guerrero,UMF Vicente Guerrero,Vicente Guerrero,Unidad de Medicina Familiar,UMF,Primer Nivel,No Aplica,ISSSTE,Durango,Vicente Guerrero,Durango,Calle,Francisco Javier Mina,508,,Colonia,Ejidal,34890,"Calle Francisco Javier Mina 508, Colonia Ejidal, Vicente Guerrero, Durango, CP. 34890",23.725870450291055,-103.98093840706555,Validada,Anuario Estadístico 2025,
U_ISSSTE_219,DGIST000334,010-207-19,Propia,En Operación,Unidad de Medicina Familiar Villa Unión,UMF Villa Unión,Villa Unión,Unidad de Medicina Familiar,UMF,Primer Nivel,No Aplica,ISSSTE,Durango,Poanas,Durango,Carretera,Estatal 542 (Amado Nervo-La Ochoa),S/N,,Localidad,Villa Unión,34800,"Carretera Estatal 542 (Amado Nervo-La Ochoa) S/N, Localidad Villa Unión, Poanas, Durango, CP. 34800",23.98222218049137,-104.04374738554196,Validada,Anuario Estadístico 2025,
U_ISSSTE_220,DGIST000240,010-207-26,Subrogada,En Operación,Consultorio de Atención Familiar Los Remedios,CAF Los Remedios,Los Remedios,Consultorio de Atención Familiar,CAF,Primer Nivel,No Aplica,ISSSTE,Durango,Tamazula,Durango,Avenida,Principal,S/N,,Localidad,Los Remedios,34590,"Avenida Principal S/N, Localidad Los Remedios, Tamazula, Durango, CP. 34590",24.619148698350433,-106.40606762621115,Solicitar Validación,Anuario Estadístico 2025,Google Maps no disponible en la zona
U_ISSSTE_221,DGIST000252,010-207-29,Subrogada,En Operación,Consultorio de Atención Familiar El Mezquital,CAF El Mezquital,El Mezquital,Consultorio de Atención Familiar,CAF,Primer Nivel,No Aplica,ISSSTE,Durango,Mezquital,Durango,Calle,Zaragoza,194,,Colonia,Centro,34970,"Calle Zaragoza 194, Colonia Centro, Mezquital, Durango, CP. 34970",23.473511584108493,-104.39719461373349,Validada,Anuario Estadístico 2025,
U_ISSSTE_222,GTIST000086,011-204-00,Propia,En Operación,Clínica Hospital Irapuato,CH Irapuato,Irapuato,Clínica Hospital,CH,Segundo Nivel,Primer Nivel,ISSSTE,Guanajuato,Irapuato,Guanajuato,Paseo,de la Ribera,275,,Fraccionamiento,Las Trojes,36640,"Paseo de la Ribera 275, Fraccionamiento Las Trojes, Irapuato, Guanajuato, CP. 36640",20.688192843206927,-101.36705408812085,Validada,Anuario Estadístico 2025,
U_ISSSTE_223,GTIST000016,011-204-01,Propia,En Operación,Unidad de Medicina Familiar Abasolo,UMF Abasolo,Abasolo,Unidad de Medicina Familiar,UMF,Primer Nivel,No Aplica,ISSSTE,Guanajuato,Abasolo,Guanajuato,Calle,Picacho,S/N,,Colonia,Lomas de Santa María,36974,"Calle Picacho S/N, Colonia Lomas de Santa María, Abasolo, Guanajuato, CP. 36974",20.446419785985572,-101.52616564648785,Validada,Anuario Estadístico 2025,
U_ISSSTE_224,GTIST000260,011-204-02,Subrogada,En Operación,Consultorio de Atención Familiar Cuerámaro,CAF Cuerámaro,Cuerámaro,Consultorio de Atención Familiar,CAF,Primer Nivel,No Aplica,ISSSTE,Guanajuato,Cuerámaro,Guanajuato,Calle,20 de Noviembre,115,,Colonia,Centro,36960,"Calle 20 de Noviembre 115, Colonia Centro, Cuerámaro, Guanajuato, CP. 36960",20.627086925655,-101.67115890704467,Solicitar Validación,Anuario Estadístico 2025,Las coordenadas envían a una Farmacia Similares
U_ISSSTE_225,GTIST000103,011-204-03,Propia,En Operación,Unidad de Medicina Familiar Moroleón,UMF Moroleón,Moroleón,Unidad de Medicina Familiar,UMF,Primer Nivel,No Aplica,ISSSTE,Guanajuato,Moroleón,Guanajuato,Calle,Diamante,30,,Fraccionamiento,Lomas del Pedregal,38863,"Calle Diamante 30, Fraccionamiento Lomas del Pedregal, Moroleón, Guanajuato, CP. 38863",20.124741798031984,-101.20488978724315,Validada,Anuario Estadístico 2025,
U_ISSSTE_226,GTIST000115,011-204-04,Propia,En Operación,Unidad de Medicina Familiar Pénjamo,UMF Pénjamo,Pénjamo,Unidad de Medicina Familiar,UMF,Primer Nivel,No Aplica,ISSSTE,Guanajuato,Pénjamo,Guanajuato,Calle,Hilarión Espinosa González,S/N,,Ciudad,Pénjamo,36904,"Calle Hilarión Espinosa González S/N, Ciudad Pénjamo, Pénjamo, Guanajuato, CP. 36904",20.43692930223499,-101.7102564260259,Validada,Anuario Estadístico 2025,
U_ISSSTE_227,GTIST000185,011-204-05,Propia,En Operación,Unidad de Medicina Familiar Uriangato,UMF Uriangato,Uriangato,Unidad de Medicina Familiar,UMF,Primer Nivel,No Aplica,ISSSTE,Guanajuato,Uriangato,Guanajuato,Cerrada,de Ignacio Zaragoza,S/N,,Colonia,Centro,38980,"Cerrada de Ignacio Zaragoza S/N, Colonia Centro, Uriangato, Guanajuato, CP. 38980",20.135676447071027,-101.17586444864166,Validada,Anuario Estadístico 2025,
U_ISSSTE_228,GTIST000190,011-204-06,Propia,En Operación,Unidad de Medicina Familiar Valle de Santiago,UMF Valle de Santiago,Valle de Santiago,Unidad de Medicina Familiar,UMF,Primer Nivel,No Aplica,ISSSTE,Guanajuato,Valle de Santiago,Guanajuato,Calle,Pino Suárez,892,,Colonia,Lindavista,38406,"Calle Pino Suárez 892, Colonia Lindavista, Valle de Santiago, Guanajuato, CP. 38406",20.396505922261383,-101.20286725733065,Validada,Anuario Estadístico 2025,
U_ISSSTE_229,GTIST000202,011-204-07,Propia,En Operación,Unidad de Medicina Familiar Yuriria,UMF Yuriria,Yuriria,Unidad de Medicina Familiar,UMF,Primer Nivel,No Aplica,ISSSTE,Guanajuato,Yuriria,Guanajuato,Calle,Fray Nicolás P. Navarrete,52,,Colonia,Centro,38940,"Calle Fray Nicolás P. Navarrete 52, Colonia Centro, Yuriria, Guanajuato, CP. 38940",20.215356389594703,-101.13093997104787,Validada,Anuario Estadístico 2025,
U_ISSSTE_230,GTIST000243,011-204-08,Propia,En Operación,Unidad de Medicina Familiar Cd. Manuel Doblado,UMF Cd. Manuel Doblado,Cd. Manuel Doblado,Unidad de Medicina Familiar,UMF,Primer Nivel,No Aplica,ISSSTE,Guanajuato,Manuel Doblado,Guanajuato,Carretera,Manuel Doblado-León,S/N,,Colonia,Centro,36470,"Carretera Manuel Doblado-León S/N, Colonia Centro, Manuel Doblado, Guanajuato, CP. 36470",20.726527010886407,-101.94174544670554,Validada,Anuario Estadístico 2025,
U_ISSSTE_231,GTIST000313,011-204-09,Subrogada,En Operación,Consultorio de Atención Familiar Romita,CAF Romita,Romita,Consultorio de Atención Familiar,CAF,Primer Nivel,No Aplica,ISSSTE,Guanajuato,Romita,Guanajuato,Calle,José María Morelos,19-A,,Colonia,Centro,36200,"Calle José María Morelos 19-A, Colonia Centro, Romita, Guanajuato, CP. 36200",20.870509674478743,-101.51688890408234,Validada,Anuario Estadístico 2025,
U_ISSSTE_232,GTIST000144,011-204-10,Propia,En Operación,Unidad de Medicina Familiar San Francisco del Rincón,UMF San Francisco del Rincón,San Francisco del Rincón,Unidad de Medicina Familiar,UMF,Primer Nivel,No Aplica,ISSSTE,Guanajuato,San Francisco del Rincón,Guanajuato,Calle,Valladolid,600,,Colonia,del Valle,36350,"Calle Valladolid 600, Colonia del Valle, San Francisco del Rincón, Guanajuato, CP. 36350",21.009349717405506,-101.86166498480888,Validada,Anuario Estadístico 2025,
U_ISSSTE_233,GTIST000325,011-205-00,Propia,En Operación,Clínica de Medicina Familiar Salamanca,CMF Salamanca,Salamanca,Clínica de Medicina Familiar,CMF,Primer Nivel,No Aplica,ISSSTE,Guanajuato,Salamanca,Guanajuato,Calle,Álvaro Obregón Sur,1401,,Colonia,El Cerrito,36793,"Calle Álvaro Obregón Sur 1401, Colonia El Cerrito, Salamanca, Guanajuato, CP. 36793",20.55548187306661,-101.19965725762756,Validada,Anuario Estadístico 2025,
U_ISSSTE_234,GTIST000074,011-206-00,Propia,En Operación,"Clínica Hospital Guanajuato, Gto.","CH Guanajuato, Gto.","Guanajuato, Gto.",Clínica Hospital,CH,Segundo Nivel,Primer Nivel,ISSSTE,Guanajuato,Guanajuato,Guanajuato,Camino,del Cerro del Hormiguero,S/N,,Barrio,de la Presa,36080,"Camino del Cerro del Hormiguero S/N, Barrio de la Presa, Guanajuato, Guanajuato, CP. 36080",21.003993149407336,-101.25303498242722,Validada,Anuario Estadístico 2025,
U_ISSSTE_235,GTIST000062,011-206-01,Propia,En Operación,Unidad de Medicina Familiar Dolores Hidalgo,UMF Dolores Hidalgo,Dolores Hidalgo,Unidad de Medicina Familiar,UMF,Primer Nivel,No Aplica,ISSSTE,Guanajuato,Dolores Hidalgo Cuna de la Independencia Nacional,Guanajuato,Calle,Rivera del Río,24-C,,Colonia,Insurgentes,37805,"Calle Rivera del Río 24-C, Colonia Insurgentes, Dolores Hidalgo Cuna de la Independencia Nacional, Guanajuato, CP. 37805",21.151871917543605,-100.92991615609459,Validada,Anuario Estadístico 2025,
U_ISSSTE_236,GTIST000330,011-206-02,Subrogada,En Operación,Consultorio de Atención Familiar San Diego de la Unión,CAF San Diego de la Unión,San Diego de la Unión,Consultorio de Atención Familiar,CAF,Primer Nivel,No Aplica,ISSSTE,Guanajuato,San Diego de la Unión,Guanajuato,Calle,Morelos,73,,Colonia,Centro,37850,"Calle Morelos 73, Colonia Centro, San Diego de la Unión, Guanajuato, CP. 37850",21.466560460596785,-100.87443216989985,Solicitar Validación,Anuario Estadístico 2025,"Posibilidad de otras coordenadas (21.465405928004355, -100.87262445468721)"
U_ISSSTE_237,GTIST000161,011-206-03,Propia,En Operación,Unidad de Medicina Familiar San Luís de La Paz,UMF San Luís de La Paz,San Luís de La Paz,Unidad de Medicina Familiar,UMF,Primer Nivel,No Aplica,ISSSTE,Guanajuato,San Luis de la Paz,Guanajuato,Libramiento,Sur,815,,Colonia,ISSSTE,37905,"Libramiento Sur 815, Colonia ISSSTE, San Luis de la Paz, Guanajuato, CP. 37905",21.28871676460489,-100.51324704609215,Validada,Anuario Estadístico 2025,
U_ISSSTE_238,GTIST000156,011-206-04,Propia,En Operación,Unidad de Medicina Familiar San José Iturbide,UMF San José Iturbide,San José Iturbide,Unidad de Medicina Familiar,UMF,Primer Nivel,No Aplica,ISSSTE,Guanajuato,San José Iturbide,Guanajuato,Calle,Cuauhtémoc,4,,Colonia,La Llorona 2da Sección,37983,"Calle Cuauhtémoc 4, Colonia La Llorona 2da Sección, San José Iturbide, Guanajuato, CP. 37983",21.00569311757312,-100.38511196861845,Validada,Anuario Estadístico 2025,
U_ISSSTE_239,GTIST000383,011-206-05,Subrogada,En Operación,Consultorio de Atención Familiar Tierra Blanca,CAF Tierra Blanca,Tierra Blanca,Consultorio de Atención Familiar,CAF,Primer Nivel,No Aplica,ISSSTE,Guanajuato,Tierra Blanca,Guanajuato,Calle,Francisco I. Madero,17,,Localidad,Tierra Blanca,37970,"Calle Francisco I. Madero 17, Localidad Tierra Blanca, Tierra Blanca, Guanajuato, CP. 37970",21.101319476592465,-100.1579984921989,Solicitar Validación,Anuario Estadístico 2025,"Las coordenadas son inconsistentes, no es posible identifcar la CAF "
U_ISSSTE_240,GTIST000395,011-206-06,Propia,En Operación,Unidad de Medicina Familiar Villa Victoria,UMF Villa Victoria,Villa Victoria,Unidad de Medicina Familiar,UMF,Primer Nivel,No Aplica,ISSSTE,Guanajuato,Victoria,Guanajuato,Calle,Benito Juárez,62,,Localidad,Villa Victoria,37920,"Calle Benito Juárez 62, Localidad Villa Victoria, Victoria, Guanajuato, CP. 37920",21.21121608315063,-100.20830718048026,Validada,Anuario Estadístico 2025,
U_ISSSTE_241,GTIST000272,011-206-07,Subrogada,En Operación,Consultorio de Atención Familiar Dr. Mora,CAF Dr. Mora,Dr. Mora,Consultorio de Atención Familiar,CAF,Primer Nivel,No Aplica,ISSSTE,Guanajuato,Doctor Mora,Guanajuato,Avenida,Hidalgo,66,,Colonia,Centro,37960,"Avenida Hidalgo 66, Colonia Centro, Doctor Mora, Guanajuato, CP. 37960",21.141670063944833,-100.324526935286,Solicitar Validación,Anuario Estadístico 2025,Las coordenadas envían a una farmacia
U_ISSSTE_242,GTIST000412,011-206-08,Subrogada,En Operación,Consultorio de Atención Familiar Xichú,CAF Xichú,Xichú,Consultorio de Atención Familiar,CAF,Primer Nivel,No Aplica,ISSSTE,Guanajuato,Xichú,Guanajuato,Carretera,Tampico-Zihuatanejo,241,,Localidad,Xichú,37930,"Carretera Tampico-Zihuatanejo 241, Localidad Xichú, Xichú, Guanajuato, CP. 37930",21.29827240556455,-100.05676195652846,Solicitar Validación,Anuario Estadístico 2025,Inconsistencias en el Clues
U_ISSSTE_243,GTIST000301,011-206-09,Subrogada,En Operación,Consultorio de Atención Familiar Ocampo,CAF Ocampo,Ocampo,Consultorio de Atención Familiar,CAF,Primer Nivel,No Aplica,ISSSTE,Guanajuato,Ocampo,Guanajuato,Calle,Jacarandas,120,,Colonia,Centro,37630,"Calle Jacarandas 120, Colonia Centro, Ocampo, Guanajuato, CP. 37630",21.647730455849356,-101.47485512136548,Solicitar Validación,Anuario Estadístico 2025,Inconsistencias en el Clues. No es posible identificar la presencia de un CAF
U_ISSSTE_244,GTIST000132,011-206-10,Propia,En Operación,Unidad de Medicina Familiar San Felipe Torres Mochas,UMF San Felipe Torres Mochas,San Felipe Torres Mochas,Unidad de Medicina Familiar,UMF,Primer Nivel,No Aplica,ISSSTE,Guanajuato,San Felipe,Guanajuato,Calle,Michoacán,102,,Colonia,San Antonio,37600,"Calle Michoacán 102, Colonia San Antonio, San Felipe, Guanajuato, CP. 37600",21.47791715756676,-101.20369504203765,Validada,Anuario Estadístico 2025,
U_ISSSTE_245,GTIST000173,011-206-11,Propia,En Operación,Unidad de Medicina Familiar Silao,UMF Silao,Silao,Unidad de Medicina Familiar,UMF,Primer Nivel,No Aplica,ISSSTE,Guanajuato,Silao de la Victoria,Guanajuato,Avenida,Antiguo Camino a Pabileros,S/N,,Colonia,El Progreso,36135,"Avenida Antiguo Camino a Pabileros S/N, Colonia El Progreso, Silao de la Victoria, Guanajuato, CP. 36135",20.951677554557453,-101.41892030340117,Validada,Anuario Estadístico 2025,
U_ISSSTE_246,GTIST000045,011-207-00,Propia,En Operación,Clínica Hospital Celaya,CH Celaya,Celaya,Clínica Hospital,CH,Segundo Nivel,Primer Nivel,ISSSTE,Guanajuato,Celaya,Guanajuato,Avenida,El Sauz,S/N,,Colonia,San Juanico,38027,"Avenida El Sauz S/N, Colonia San Juanico, Celaya, Guanajuato, CP. 38027",20.54098784192663,-100.83576148023384,Validada,Anuario Estadístico 2025,
U_ISSSTE_247,GTIST000021,011-207-01,Propia,En Operación,Unidad de Medicina Familiar Acámbaro,UMF Acámbaro,Acámbaro,Unidad de Medicina Familiar,UMF,Primer Nivel,No Aplica,ISSSTE,Guanajuato,Acámbaro,Guanajuato,Calle,Laurel,54,,Colonia,Lomas Verdes,38650,"Calle Laurel 54, Colonia Lomas Verdes, Acámbaro, Guanajuato, CP. 38650",20.02390156830574,-100.71828776563281,Validada,Anuario Estadístico 2025,
U_ISSSTE_248,GTIST000214,011-207-02,Propia,En Operación,Unidad de Medicina Familiar Apaseo el Alto,UMF Apaseo el Alto,Apaseo el Alto,Unidad de Medicina Familiar,UMF,Primer Nivel,No Aplica,ISSSTE,Guanajuato,Apaseo el Alto,Guanajuato,Calle,Primero de Mayo,122,,Colonia,Centro,38500,"Calle Primero de Mayo 122, Colonia Centro, Apaseo el Alto, Guanajuato, CP. 38500",20.459958255001784,-100.61540720858943,Validada,Anuario Estadístico 2025,
U_ISSSTE_249,GTIST000226,011-207-03,Propia,En Operación,Unidad de Medicina Familiar Apaseo el Grande,UMF Apaseo el Grande,Apaseo el Grande,Unidad de Medicina Familiar,UMF,Primer Nivel,No Aplica,ISSSTE,Guanajuato,Apaseo el Grande,Guanajuato,Calle,Francisco I. Madero,123,,Colonia,Casas Blancas,38163,"Calle Francisco I. Madero 123, Colonia Casas Blancas, Apaseo el Grande, Guanajuato, CP. 38163",20.553352546497347,-100.6863594175102,Validada,Anuario Estadístico 2025,
U_ISSSTE_250,GTIST000255,011-207-04,Propia,En Operación,Unidad de Medicina Familiar Comonfort,UMF Comonfort,Comonfort,Unidad de Medicina Familiar,UMF,Primer Nivel,No Aplica,ISSSTE,Guanajuato,Comonfort,Guanajuato,Calle,Arroyo Jalpilla,142,,Colonia,Río Laja,38204,"Calle Arroyo Jalpilla 142, Colonia Río Laja, Comonfort, Guanajuato, CP. 38204",20.739205323285834,-100.7575142875831,Validada,Anuario Estadístico 2025,
U_ISSSTE_251,GTIST000050,011-207-05,Propia,En Operación,Unidad de Medicina Familiar Cortázar,UMF Cortázar,Cortázar,Unidad de Medicina Familiar,UMF,Primer Nivel,No Aplica,ISSSTE,Guanajuato,Cortazar,Guanajuato,Calle,Manuel Doblado,S/N,,Colonia,Villas del Sol,38310,"Calle Manuel Doblado S/N, Colonia Villas del Sol, Cortazar, Guanajuato, CP. 38310",20.48370581906137,-100.9535022546966,Validada,Anuario Estadístico 2025,
U_ISSSTE_252,GTIST000284,011-207-06,Subrogada,En Operación,Consultorio de Atención Familiar Jaral del Progreso,CAF Jaral del Progreso,Jaral del Progreso,Consultorio de Atención Familiar,CAF,Primer Nivel,No Aplica,ISSSTE,Guanajuato,Jaral del Progreso,Guanajuato,Calle,José María Morelos y Pavón,429,,Colonia,Centro,38470,"Calle José María Morelos y Pavón 429, Colonia Centro, Jaral del Progreso, Guanajuato, CP. 38470",20.371520854696804,-101.06199977389952,Validada,Anuario Estadístico 2025,
U_ISSSTE_253,GTIST000296,011-207-07,Subrogada,En Operación,Consultorio de Atención Familiar Jerécuaro,CAF Jerécuaro,Jerécuaro,Consultorio de Atención Familiar,CAF,Primer Nivel,No Aplica,ISSSTE,Guanajuato,Jerécuaro,Guanajuato,Calle,Fray Ángel Juárez,1,,Colonia,Centro,38540,"Calle Fray Ángel Juárez 1, Colonia Centro, Jerécuaro, Guanajuato, CP. 38540",20.147521297025197,-100.51018357315965,Validada,Anuario Estadístico 2025,
U_ISSSTE_254,GTIST000342,011-207-08,Propia,En Operación,Unidad de Medicina Familiar Juventino Rosas,UMF Juventino Rosas,Juventino Rosas,Unidad de Medicina Familiar,UMF,Primer Nivel,No Aplica,ISSSTE,Guanajuato,Santa Cruz de Juventino Rosas,Guanajuato,Calle,José Vasconcelos,103,,Colonia,Magisterial,38244,"Calle José Vasconcelos 103, Colonia Magisterial, Santa Cruz de Juventino Rosas, Guanajuato, CP. 38244",20.640728863468503,-100.98483971069274,Validada,Anuario Estadístico 2025,
U_ISSSTE_255,GTIST000231,011-207-09,Convenio,En Operación,Consultorio de Atención Familiar Roque,CAF Roque,Roque,Consultorio de Atención Familiar,CAF,Primer Nivel,No Aplica,ISSSTE,Guanajuato,Celaya,Guanajuato,Carretera,Juventino Rosas-Celaya,Km. 8,,Localidad,Roque,38124,"Carretera Juventino Rosas-Celaya Km. 8, Localidad Roque, Celaya, Guanajuato, CP. 38124",20.581406659553767,-100.82681426216469,Validada,Anuario Estadístico 2025,
U_ISSSTE_256,GTIST000120,011-207-10,Propia,En Operación,Unidad de Medicina Familiar Salvatierra,UMF Salvatierra,Salvatierra,Unidad de Medicina Familiar,UMF,Primer Nivel,No Aplica,ISSSTE,Guanajuato,Salvatierra,Guanajuato,Privada,Mina,108,,Colonia,Centro,38900,"Privada Mina 108, Colonia Centro, Salvatierra, Guanajuato, CP. 38900",20.211337685471705,-100.87740303345775,Validada,Anuario Estadístico 2025,
U_ISSSTE_257,GTIST000033,011-207-11,Propia,En Operación,Unidad de Medicina Familiar San Miguel de Allende,UMF San Miguel de Allende,San Miguel de Allende,Unidad de Medicina Familiar,UMF,Primer Nivel,No Aplica,ISSSTE,Guanajuato,San Miguel de Allende,Guanajuato,Calle,Francisco José de Landeta,1,,Colonia,Itzquinapan,37746,"Calle Francisco José de Landeta 1, Colonia Itzquinapan, San Miguel de Allende, Guanajuato, CP. 37746",20.90313564823735,-100.72033930805195,Validada,Anuario Estadístico 2025,
U_ISSSTE_258,GTIST000354,011-207-12,Subrogada,En Operación,Consultorio de Atención Familiar Santiago Maravatío,CAF Santiago Maravatío,Santiago Maravatío,Consultorio de Atención Familiar,CAF,Primer Nivel,No Aplica,ISSSTE,Guanajuato,Santiago Maravatío,Guanajuato,Calle,Juárez,63,,Localidad,Santiago Maravatío,38970,"Calle Juárez 63, Localidad Santiago Maravatío, Santiago Maravatío, Guanajuato, CP. 38970",20.174440157798035,-100.99105778977014,Solicitar Validación,Anuario Estadístico 2025,"Las coordenadas envían a una casa, pero no es posible confirmar la presencia de un CAF"
U_ISSSTE_259,GTIST000366,011-207-13,Subrogada,En Operación,Consultorio de Atención Familiar Tarandacuao,CAF Tarandacuao,Tarandacuao,Consultorio de Atención Familiar,CAF,Primer Nivel,No Aplica,ISSSTE,Guanajuato,Tarandacuao,Guanajuato,Calle,16 de Septiembre,109,,Colonia,Centro,38790,"Calle 16 de Septiembre 109, Colonia Centro, Tarandacuao, Guanajuato, CP. 38790",20.00290456346018,-100.51730560517461,Validada,Anuario Estadístico 2025,
U_ISSSTE_260,GTIST000371,011-207-14,Subrogada,En Operación,Consultorio de Atención Familiar Tarimoro,CAF Tarimoro,Tarimoro,Consultorio de Atención Familiar,CAF,Primer Nivel,No Aplica,ISSSTE,Guanajuato,Tarimoro,Guanajuato,Calle,Miguel Ocampo,6-B,,Colonia,Centro,38700,"Calle Miguel Ocampo 6-B, Colonia Centro, Tarimoro, Guanajuato, CP. 38700",20.288055452456504,-100.75714646915485,Validada,Anuario Estadístico 2025,
U_ISSSTE_261,GTIST000400,011-207-15,Propia,En Operación,Unidad de Medicina Familiar Villagrán,UMF Villagrán,Villagrán,Unidad de Medicina Familiar,UMF,Primer Nivel,No Aplica,ISSSTE,Guanajuato,Villagrán,Guanajuato,Avenida,Luis Donaldo Colosio Oriente,S/N,,Colonia,Centro,38260,"Avenida Luis Donaldo Colosio Oriente S/N, Colonia Centro, Villagrán, Guanajuato, CP. 38260",20.516249693744403,-100.99016971798618,Validada,Anuario Estadístico 2025,
U_ISSSTE_262,GTIST000423,011-209-00,Propia,En Operación,Clínica de Medicina Familiar con Especialidades y Quirófano León,CMFEQ León,León,Clínica de Medicina Familiar con Especialidades y Quirófano,CMFEQ,Segundo Nivel,Primer Nivel,ISSSTE,Guanajuato,León,Guanajuato,Calle,Cholula,305,,Colonia,Azteca,37520,"Calle Cholula 305, Colonia Azteca, León, Guanajuato, CP. 37520",21.09803411537864,-101.6491907616923,Validada,Anuario Estadístico 2025,
U_ISSSTE_263,GRIST000112,012-205-00,Propia,En Operación,Clínica Hospital Chilpancingo de los Bravo,CH Chilpancingo de los Bravo,Chilpancingo de los Bravo,Clínica Hospital,CH,Segundo Nivel,Primer Nivel,ISSSTE,Guerrero,Chilpancingo de los Bravo,Guerrero,Avenida,Ruffo Figueroa,S/N,,Colonia,Burócratas,39090,"Avenida Ruffo Figueroa S/N, Colonia Burócratas, Chilpancingo de los Bravo, Guerrero, CP. 39090",17.534871157979527,-99.49082804489264,Validada,Anuario Estadístico 2025,
U_ISSSTE_264,GRIST000100,012-205-01,Propia,En Operación,Unidad de Medicina Familiar Chilapa de Álvarez,UMF Chilapa de Álvarez,Chilapa de Álvarez,Unidad de Medicina Familiar,UMF,Primer Nivel,No Aplica,ISSSTE,Guerrero,Chilapa de Álvarez,Guerrero,Calle,Seis Norte,215,,Colonia,El Dulce Nombre,41100,"Calle Seis Norte 215, Colonia El Dulce Nombre, Chilapa de Álvarez, Guerrero, CP. 41100",17.59399799228481,-99.17611354723773,Solicitar Validación,Anuario Estadístico 2025,Google Maps no disponible en la zona
U_ISSSTE_265,GRIST000450,012-205-02,Propia,En Operación,Unidad de Medicina Familiar Mochitlán,UMF Mochitlán,Mochitlán,Unidad de Medicina Familiar,UMF,Primer Nivel,No Aplica,ISSSTE,Guerrero,Mochitlán,Guerrero,Calle,Libertad,2,,Barrio,de San Pedro,39230,"Calle Libertad 2, Barrio de San Pedro, Mochitlán, Guerrero, CP. 39230",17.47312182334941,-99.37111656847128,Validada,Anuario Estadístico 2025,
U_ISSSTE_266,GRIST000124,012-205-03,En Proceso de Regularización,En Operación,Unidad de Medicina Familiar El Ocotito,UMF El Ocotito,El Ocotito,Unidad de Medicina Familiar,UMF,Primer Nivel,No Aplica,ISSSTE,Guerrero,Chilpancingo de los Bravo,Guerrero,Calle,Lerdo de Tejada,S/N,,Colonia,Vista Hermosa,39120,"Calle Lerdo de Tejada S/N, Colonia Vista Hermosa, Chilpancingo de los Bravo, Guerrero, CP. 39120",17.247537495035374,-99.51829246858777,Validada,Anuario Estadístico 2025,
U_ISSSTE_267,GRIST000182,012-205-04,En Proceso de Regularización,En Operación,Unidad de Medicina Familiar Olinalá,UMF Olinalá,Olinalá,Unidad de Medicina Familiar,UMF,Primer Nivel,No Aplica,ISSSTE,Guerrero,Olinalá,Guerrero,Calle,Olinka,S/N,,Colonia,San José,41003,"Calle Olinka S/N, Colonia San José, Olinalá, Guerrero, CP. 41003",17.776124168095627,-98.73560292394397,Validada,Anuario Estadístico 2025,
U_ISSSTE_268,GRIST000170,012-205-05,Propia,En Operación,Unidad de Medicina Familiar Tierra Colorada,UMF Tierra Colorada,Tierra Colorada,Unidad de Medicina Familiar,UMF,Primer Nivel,No Aplica,ISSSTE,Guerrero,Juan R. Escudero,Guerrero,Carretera,Nacional México,S/N,,Colonia,Centro,39944,"Carretera Nacional México S/N, Colonia Centro, Juan R. Escudero, Guerrero, CP. 39944",17.16559181120538,-99.52610562778649,Validada,Anuario Estadístico 2025,
U_ISSSTE_269,GRIST000281,012-205-06,Propia,En Operación,Unidad de Medicina Familiar Tixtla de Guerrero,UMF Tixtla de Guerrero,Tixtla de Guerrero,Unidad de Medicina Familiar,UMF,Primer Nivel,No Aplica,ISSSTE,Guerrero,Tixtla de Guerrero,Guerrero,Calle,Insurgentes,100,,Colonia,La Haciendita,39174,"Calle Insurgentes 100, Colonia La Haciendita, Tixtla de Guerrero, Guerrero, CP. 39174",17.561474513577092,-99.40528854427433,Validada,Anuario Estadístico 2025,
U_ISSSTE_270,GRIST000136,012-205-09,Propia,En Operación,Unidad de Medicina Familiar Huamuxtitlán,UMF Huamuxtitlán,Huamuxtitlán,Unidad de Medicina Familiar,UMF,Primer Nivel,No Aplica,ISSSTE,Guerrero,Huamuxtitlán,Guerrero,Calle,Centenario,S/N,,Barrio,San Nicolás,41200,"Calle Centenario S/N, Barrio San Nicolás, Huamuxtitlán, Guerrero, CP. 41200",17.809224131648804,-98.56752926634157,Validada,Anuario Estadístico 2025,
U_ISSSTE_271,GRIST000433,012-205-10,Convenio,En Operación,Consultorio de Atención Familiar Malinaltepec,CAF Malinaltepec,Malinaltepec,Consultorio de Atención Familiar,CAF,Primer Nivel,No Aplica,ISSSTE,Guerrero,Malinaltepec,Guerrero,Calle,Niños Heroes,S/N,,Colonia,Centro,41500,"Calle Niños Heroes S/N, Colonia Centro, Malinaltepec, Guerrero, CP. 41500",17.24465208517773,-98.67149463585619,Solicitar Validación,Anuario Estadístico 2025,Google Maps no disponible en la zona
U_ISSSTE_272,GRIST000503,012-205-13,Subrogada,En Operación,Consultorio de Atención Familiar Iliatenco,CAF Iliatenco,Iliatenco,Consultorio de Atención Familiar,CAF,Primer Nivel,No Aplica,ISSSTE,Guerrero,Iliatenco,Guerrero,Calle,5 de Mayo,9,,Colonia,Centro,41530,"Calle 5 de Mayo 9, Colonia Centro, Iliatenco, Guerrero, CP. 41530",17.044566892176842,-98.68658703435389,Solicitar Validación,Anuario Estadístico 2025,CLUES inconsistente
U_ISSSTE_273,GRIST000153,012-206-00,Propia,En Operación,Clínica Hospital Iguala de la Independencia,CH Iguala de la Independencia,Iguala de la Independencia,Clínica Hospital,CH,Segundo Nivel,Primer Nivel,ISSSTE,Guerrero,Iguala de la Independencia,Guerrero,Avenida,Heroico Colegio Militar,3,,Colonia,Centro,40000,"Avenida Heroico Colegio Militar 3, Colonia Centro, Iguala de la Independencia, Guerrero, CP. 40000",18.341371445313552,-99.52755439938831,Validada,Anuario Estadístico 2025,
U_ISSSTE_274,GRIST000030,012-206-01,En Proceso de Regularización,En Operación,Unidad de Medicina Familiar Ajuchitlán del Progreso,UMF Ajuchitlán del Progreso,Ajuchitlán del Progreso,Unidad de Medicina Familiar,UMF,Primer Nivel,No Aplica,ISSSTE,Guerrero,Ajuchitlán del Progreso,Guerrero,Calle,J. Inocente Lugo,S/N,,Colonia,Centro,40730,"Calle J. Inocente Lugo S/N, Colonia Centro, Ajuchitlán del Progreso, Guerrero, CP. 40730",18.15959222372166,-100.49754548279824,Validada,Anuario Estadístico 2025,
U_ISSSTE_275,GRIST000363,012-206-03,Propia,En Operación,Unidad de Medicina Familiar Apaxtla de Castrejón,UMF Apaxtla de Castrejón,Apaxtla de Castrejón,Unidad de Medicina Familiar,UMF,Primer Nivel,No Aplica,ISSSTE,Guerrero,Apaxtla de Castrejón,Guerrero,Calle,Mariano Matamoros,404,,Colonia,El Panteón,40535,"Calle Mariano Matamoros 404, Colonia El Panteón, Apaxtla de Castrejón, Guerrero, CP. 40535",18.12853232296033,-99.93386557568886,Validada,Anuario Estadístico 2025,
U_ISSSTE_276,GRIST000042,012-206-04,Propia,En Proceso de Construcción,Unidad de Medicina Familiar Arcelia,UMF Arcelia,Arcelia,Unidad de Medicina Familiar,UMF,Primer Nivel,No Aplica,ISSSTE,Guerrero,Arcelia,Guerrero,Avenida,Lázaro Cárdenas,S/N,,Colonia,Deportiva,40500,"Avenida Lázaro Cárdenas S/N, Colonia Deportiva, Arcelia, Guerrero, CP. 40500",18.32085269438249,-100.27865743422606,Validada,Anuario Estadístico 2025,
U_ISSSTE_277,GRIST000380,012-206-05,Convenio,En Operación,Consultorio de Atención Familiar Buenavista de Cuéllar,CAF Buenavista de Cuéllar,Buenavista de Cuéllar,Consultorio de Atención Familiar,CAF,Primer Nivel,No Aplica,ISSSTE,Guerrero,Buenavista de Cuéllar,Guerrero,Calle,Portillo Alvarado,S/N,,Colonia,Centro,40330,"Calle Portillo Alvarado S/N, Colonia Centro, Buenavista de Cuéllar, Guerrero, CP. 40330",18.45980634280958,-99.40859025014599,Validada,Anuario Estadístico 2025,
U_ISSSTE_278,GRIST000095,012-206-06,En Proceso de Regularización,En Operación,Unidad de Medicina Familiar Coyuca de Catalán,UMF Coyuca de Catalán,Coyuca de Catalán,Unidad de Medicina Familiar,UMF,Primer Nivel,No Aplica,ISSSTE,Guerrero,Coyuca de Catalán,Guerrero,Avenida,Cuauhtémoc,S/N,,Colonia,Centro,40705,"Avenida Cuauhtémoc S/N, Colonia Centro, Coyuca de Catalán, Guerrero, CP. 40705",18.329550002598697,-100.69817206050766,Validada,Anuario Estadístico 2025,
U_ISSSTE_279,GRIST000404,012-206-07,En Proceso de Regularización,En Operación,Consultorio de Atención Familiar Cutzamala de Pinzón,CAF Cutzamala de Pinzón,Cutzamala de Pinzón,Consultorio de Atención Familiar,CAF,Primer Nivel,No Aplica,ISSSTE,Guerrero,Cutzamala de Pinzón,Guerrero,Calle,Cuauhtémoc,S/N,,Colonia,Centro,40635,"Calle Cuauhtémoc S/N, Colonia Centro, Cutzamala de Pinzón, Guerrero, CP. 40635",18.468691308710667,-100.57766052024097,Solicitar Validación,Anuario Estadístico 2025,Google Maps no disponible en la zona
U_ISSSTE_280,GRIST000141,012-206-08,Propia,En Operación,Unidad de Medicina Familiar Huitzuco de los Figueroa,UMF Huitzuco de los Figueroa,Huitzuco de los Figueroa,Unidad de Medicina Familiar,UMF,Primer Nivel,No Aplica,ISSSTE,Guerrero,Huitzuco de los Figueroa,Guerrero,Calle,Pinos,11,,Colonia,28 de Febrero,40130,"Calle Pinos 11, Colonia 28 de Febrero, Huitzuco de los Figueroa, Guerrero, CP. 40130",18.297799624341884,-99.33521192866709,Validada,Anuario Estadístico 2025,
U_ISSSTE_281,GRIST000276,012-206-09,Propia,En Operación,Unidad de Medicina Familiar Teloloapan,UMF Teloloapan,Teloloapan,Unidad de Medicina Familiar,UMF,Primer Nivel,No Aplica,ISSSTE,Guerrero,Teloloapan,Guerrero,Avenida,Diez de Enero,251,,Colonia,Tanque Alto,40400,"Avenida Diez de Enero 251, Colonia Tanque Alto, Teloloapan, Guerrero, CP. 40400",18.346001462806104,-99.87440797420273,Validada,Anuario Estadístico 2025,
U_ISSSTE_282,GRIST000305,012-206-10,Propia,En Operación,Unidad de Medicina Familiar Tlapehuala,UMF Tlapehuala,Tlapehuala,Unidad de Medicina Familiar,UMF,Primer Nivel,No Aplica,ISSSTE,Guerrero,Tlapehuala,Guerrero,Calle,Baltazar R. Leyva Mancilla,S/N,,Colonia,Carretera Nacional,40600,"Calle Baltazar R. Leyva Mancilla S/N, Colonia Carretera Nacional, Tlapehuala, Guerrero, CP. 40600",18.243254010589098,-100.53799785435717,Validada,Anuario Estadístico 2025,
U_ISSSTE_283,GRIST000491,012-206-12,Subrogada,En Operación,Consultorio de Atención Familiar Zirándaro,CAF Zirándaro,Zirándaro,Consultorio de Atención Familiar,CAF,Primer Nivel,No Aplica,ISSSTE,Guerrero,Zirándaro,Guerrero,Calle,Dr. Ignacio Chávez,S/N,,Colonia,Centro,40760,"Calle Dr. Ignacio Chávez S/N, Colonia Centro, Zirándaro, Guerrero, CP. 40760",18.476102655074424,-100.97924317386071,Solicitar Validación,Anuario Estadístico 2025,CLUES inconsistente. Se ponen coordenadas del centro de salud más cercano
U_ISSSTE_284,GRIST000252,012-206-13,Propia,En Operación,Unidad de Medicina Familiar Taxco de Alarcón,UMF Taxco de Alarcón,Taxco de Alarcón,Unidad de Medicina Familiar,UMF,Primer Nivel,No Aplica,ISSSTE,Guerrero,Taxco de Alarcón,Guerrero,Calle,de los Plateros,124,,Barrio,de la Garita,40239,"Calle de los Plateros 124, Barrio de la Garita, Taxco de Alarcón, Guerrero, CP. 40239",18.56114219468972,-99.60131318057988,Validada,Anuario Estadístico 2025,
U_ISSSTE_285,GRIST000194,012-207-00,Propia,En Operación,Clínica de Medicina Familiar con Especialidades y Quirófano Ometepec,CMFEQ Ometepec,Ometepec,Clínica de Medicina Familiar con Especialidades y Quirófano,CMFEQ,Segundo Nivel,Primer Nivel,ISSSTE,Guerrero,Ometepec,Guerrero,Calle,Sonora,5,,Barrio,Pila del Monte,41700,"Calle Sonora 5, Barrio Pila del Monte, Ometepec, Guerrero, CP. 41700",16.689606351746843,-98.41088479053613,Validada,Anuario Estadístico 2025,
U_ISSSTE_286,GRIST000013,012-208-00,Propia,En Operación,Clínica de Medicina Familiar Acapulco,CMF Acapulco,Acapulco,Clínica de Medicina Familiar,CMF,Primer Nivel,No Aplica,ISSSTE,Guerrero,Acapulco de Juárez,Guerrero,Avenida,Solidaridad,3,,Colonia,CTM,39610,"Avenida Solidaridad 3, Colonia CTM, Acapulco de Juárez, Guerrero, CP. 39610",16.87222116274286,-99.88704765229167,Validada,Anuario Estadístico 2025,
U_ISSSTE_287,GRIST000310,012-208-01,Propia,En Operación,Unidad de Medicina Familiar Lic. Adolfo López Mateos,UMF Lic. Adolfo López Mateos,Lic. Adolfo López Mateos,Unidad de Medicina Familiar,UMF,Primer Nivel,No Aplica,ISSSTE,Guerrero,Acapulco de Juárez,Guerrero,Calle,Primero de Mayo,S/N,,Unidad Habitacional,Adolfo López Mateos,39470,"Calle Primero de Mayo S/N, Unidad Habitacional Adolfo López Mateos, Acapulco de Juárez, Guerrero, CP. 39470",16.85931390393462,-99.92020479130609,Validada,Anuario Estadístico 2025,
U_ISSSTE_288,GRIST000054,012-208-02,Propia,En Operación,Unidad de Medicina Familiar Atoyac de Álvarez,UMF Atoyac de Álvarez,Atoyac de Álvarez,Unidad de Medicina Familiar,UMF,Primer Nivel,No Aplica,ISSSTE,Guerrero,Atoyac de Álvarez,Guerrero,Calle,Mariscal,22,,Colonia,Silvestre Mariscal,40930,"Calle Mariscal 22, Colonia Silvestre Mariscal, Atoyac de Álvarez, Guerrero, CP. 40930",17.206755610534916,-100.44016529654294,Validada,Anuario Estadístico 2025,
U_ISSSTE_289,GRIST000322,012-208-03,Rentada,En Operación,Consultorio de Atención Familiar Cd. Renacimiento,CAF Cd. Renacimiento,Cd. Renacimiento,Consultorio de Atención Familiar,CAF,Primer Nivel,No Aplica,ISSSTE,Guerrero,Acapulco de Juárez,Guerrero,Calle,Trece,S/N,,Colonia,Zapata,39700,"Calle Trece S/N, Colonia Zapata, Acapulco de Juárez, Guerrero, CP. 39700",16.902574439548626,-99.83575771550291,Validada,Anuario Estadístico 2025,
U_ISSSTE_290,GRIST000066,012-208-04,Propia,En Operación,Unidad de Medicina Familiar Ayutla de los Libres,UMF Ayutla de los Libres,Ayutla de los Libres,Unidad de Medicina Familiar,UMF,Primer Nivel,No Aplica,ISSSTE,Guerrero,Ayutla de los Libres,Guerrero,Calle,Ignacio Manuel Altamirano,S/N,,Colonia,San Felipe de Jesús,39200,"Calle Ignacio Manuel Altamirano S/N, Colonia San Felipe de Jesús, Ayutla de los Libres, Guerrero, CP. 39200",16.968552704952923,-99.09241456613294,Validada,Anuario Estadístico 2025,
U_ISSSTE_291,GRIST000083,012-208-05,Propia,En Operación,Unidad de Medicina Familiar Coyuca de Benítez,UMF Coyuca de Benítez,Coyuca de Benítez,Unidad de Medicina Familiar,UMF,Primer Nivel,No Aplica,ISSSTE,Guerrero,Coyuca de Benítez,Guerrero,Avenida,Emperador Cuauhtémoc,S/N,,Colonia,Centro,40972,"Avenida Emperador Cuauhtémoc S/N, Colonia Centro, Coyuca de Benítez, Guerrero, CP. 40972",17.00991833957409,-100.08886010624923,Validada,Anuario Estadístico 2025,
U_ISSSTE_292,GRIST000416,012-208-06,Subrogada,En Operación,Consultorio de Atención Familiar Cruz Grande,CAF Cruz Grande,Cruz Grande,Consultorio de Atención Familiar,CAF,Primer Nivel,No Aplica,ISSSTE,Guerrero,Florencio Villarreal,Guerrero,Calle,Juan N. Álvarez,S/N,,Colonia,Lázaro Cárdenas,41800,"Calle Juan N. Álvarez S/N, Colonia Lázaro Cárdenas, Florencio Villarreal, Guerrero, CP. 41800",16.72213731768835,-99.1283431234556,Validada,Anuario Estadístico 2025,
U_ISSSTE_293,GRIST000392,012-208-07,Propia,En Operación,Unidad de Medicina Familiar Cuajinicuilapa,UMF Cuajinicuilapa,Cuajinicuilapa,Unidad de Medicina Familiar,UMF,Primer Nivel,No Aplica,ISSSTE,Guerrero,Cuajinicuilapa,Guerrero,Calle,Hermenegildo Galeana,S/N,,Colonia,Los Lirios,41946,"Calle Hermenegildo Galeana S/N, Colonia Los Lirios, Cuajinicuilapa, Guerrero, CP. 41946",16.46735792913488,-98.40463017830481,Validada,Anuario Estadístico 2025,
U_ISSSTE_294,GRIST000240,012-208-10,Propia,En Operación,Unidad de Medicina Familiar Las Vigas,UMF Las Vigas,Las Vigas,Unidad de Medicina Familiar,UMF,Primer Nivel,No Aplica,ISSSTE,Guerrero,San Marcos,Guerrero,Callejón,20 de Noviembre,S/N,,Colonia,Centro,39990,"Callejón 20 de Noviembre S/N, Colonia Centro, San Marcos, Guerrero, CP. 39990",16.759723665953445,-99.22803489938227,Validada,Anuario Estadístico 2025,
U_ISSSTE_295,GRIST000071,012-208-11,Propia,En Operación,Unidad de Medicina Familiar Marquelia,UMF Marquelia,Marquelia,Unidad de Medicina Familiar,UMF,Primer Nivel,No Aplica,ISSSTE,Guerrero,Marquelia,Guerrero,Calle,Constitución,32,,Colonia,16 de Septiembre,41930,"Calle Constitución 32, Colonia 16 de Septiembre, Marquelia, Guerrero, CP. 41930",16.583610148843444,-98.81438887386005,Validada,Anuario Estadístico 2025,
U_ISSSTE_296,GRIST000206,012-208-12,Propia,En Operación,Unidad de Medicina Familiar Petatlán,UMF Petatlán,Petatlán,Unidad de Medicina Familiar,UMF,Primer Nivel,No Aplica,ISSSTE,Guerrero,Petatlán,Guerrero,Calle,Tamarindos,S/N,,Colonia,Gustavo Díaz Ordaz,40853,"Calle Tamarindos S/N, Colonia Gustavo Díaz Ordaz, Petatlán, Guerrero, CP. 40853",17.535164938845828,-101.26669662729417,Validada,Anuario Estadístico 2025,
U_ISSSTE_297,GRIST000375,012-208-13,Subrogada,En Operación,Consultorio de Atención Familiar San Jerónimo de Juárez,CAF San Jerónimo de Juárez,San Jerónimo de Juárez,Consultorio de Atención Familiar,CAF,Primer Nivel,No Aplica,ISSSTE,Guerrero,Benito Juárez,Guerrero,Calle,Industrias,LB,,Colonia,Centro,40966,"Calle Industrias LB, Colonia Centro, Benito Juárez, Guerrero, CP. 40966",17.137221117965446,-100.46702641967364,Solicitar Validación,Anuario Estadístico 2025,"Las coordenadas envían a una casa, pero no es posible confirmar la presencia de un CAF"
U_ISSSTE_298,GRIST000223,012-208-14,Propia,En Operación,Unidad de Medicina Familiar San Luis Acatlán,UMF San Luis Acatlán,San Luis Acatlán,Unidad de Medicina Familiar,UMF,Primer Nivel,No Aplica,ISSSTE,Guerrero,San Luis Acatlán,Guerrero,Calle,Corregidora,S/N,,Colonia,San Miguel,41600,"Calle Corregidora S/N, Colonia San Miguel, San Luis Acatlán, Guerrero, CP. 41600",16.80594520075816,-98.731265891523,Validada,Anuario Estadístico 2025,
U_ISSSTE_299,GRIST000235,012-208-15,Propia,En Operación,Unidad de Medicina Familiar San Marcos,UMF San Marcos,San Marcos,Unidad de Medicina Familiar,UMF,Primer Nivel,No Aplica,ISSSTE,Guerrero,San Marcos,Guerrero,Calle,Francisco Javier Mina,S/N,,Colonia,El Cántaro,39960,"Calle Francisco Javier Mina S/N, Colonia El Cántaro, San Marcos, Guerrero, CP. 39960",16.79794387637255,-99.39252329744363,Validada,Anuario Estadístico 2025,
U_ISSSTE_300,GRIST000474,012-208-16,Propia,En Operación,Unidad de Medicina Familiar Tecoanapa,UMF Tecoanapa,Tecoanapa,Unidad de Medicina Familiar,UMF,Primer Nivel,No Aplica,ISSSTE,Guerrero,Tecoanapa,Guerrero,Calle,Primero de Mayo,S/N,,Colonia,Tres Palos,39270,"Calle Primero de Mayo S/N, Colonia Tres Palos, Tecoanapa, Guerrero, CP. 39270",16.988746615168754,-99.2567154342086,Validada,Anuario Estadístico 2025,
U_ISSSTE_301,GRIST000351,012-208-18,Subrogada,En Operación,Consultorio de Atención Familiar Xaltianguis,CAF Xaltianguis,Xaltianguis,Consultorio de Atención Familiar,CAF,Primer Nivel,No Aplica,ISSSTE,Guerrero,Acapulco de Juárez,Guerrero,Avenida,20 de Noviembre,117,,Colonia,Centro,39910,"Avenida 20 de Noviembre 117, Colonia Centro, Acapulco de Juárez, Guerrero, CP. 39910",17.09681976168502,-99.71742061982229,Solicitar Validación,Anuario Estadístico 2025,Google Maps no disponible en la zona
U_ISSSTE_302,GRIST000165,012-208-19,Propia,En Operación,Unidad de Medicina Familiar Zihuatanejo,UMF Zihuatanejo,Zihuatanejo,Unidad de Medicina Familiar,UMF,Primer Nivel,No Aplica,ISSSTE,Guerrero,Zihuatanejo de Azueta,Guerrero,Calle,Juan Pineda,4,,Colonia,Lomas de Riscalillo,40894,"Calle Juan Pineda 4, Colonia Lomas de Riscalillo, Zihuatanejo de Azueta, Guerrero, CP. 40894",17.647376524058583,-101.52358946696872,Validada,Anuario Estadístico 2025,
U_ISSSTE_303,GRIST000334,012-208-20,Convenio,En Operación,Consultorio de Atención Familiar UHF. Acapulco,CAF UHF. Acapulco,UHF. Acapulco,Consultorio de Atención Familiar,CAF,Primer Nivel,No Aplica,ISSSTE,Guerrero,Acapulco de Juárez,Guerrero,Avenida,del Maestro,S/N,,Unidad Habitacional,FOVISSSTE Módulo Social,39500,"Avenida del Maestro S/N, Unidad Habitacional FOVISSSTE Módulo Social, Acapulco de Juárez, Guerrero, CP. 39500",16.877061342074395,-99.89749099139291,Validada,Anuario Estadístico 2025,
U_ISSSTE_304,GRIST000346,012-208-21,Convenio,En Operación,Consultorio de Atención Familiar UHF. Vicente Guerrero 200,CAF UHF. Vicente Guerrero 200,UHF. Vicente Guerrero 200,Consultorio de Atención Familiar,CAF,Primer Nivel,No Aplica,ISSSTE,Guerrero,Acapulco de Juárez,Guerrero,Calle,Congreso de Anáhuac,S/N,,Unidad Habitacional,Vicente Guerrero 200,39897,"Calle Congreso de Anáhuac S/N, Unidad Habitacional Vicente Guerrero 200, Acapulco de Juárez, Guerrero, CP. 39897",16.773290345138584,-99.77009761068405,Validada,Anuario Estadístico 2025,
U_ISSSTE_305,GRIST000211,012-209-00,Propia,En Operación,Clínica de Medicina Familiar con Especialidades y Quirófano Cd. Altamirano,CMFEQ Cd. Altamirano,Cd. Altamirano,Clínica de Medicina Familiar con Especialidades y Quirófano,CMFEQ,Segundo Nivel,Primer Nivel,ISSSTE,Guerrero,Pungarabato,Guerrero,Calle,Ciprianos Jaimes Poniente,804,,Colonia,Lindavista,40664,"Calle Ciprianos Jaimes Poniente 804, Colonia Lindavista, Pungarabato, Guerrero, CP. 40664",18.360089187910006,-100.67808634485895,Validada,Anuario Estadístico 2025,
U_ISSSTE_306,GRIST000264,012-210-00,Propia,En Operación,Clínica de Medicina Familiar con Especialidades y Quirófano Técpan de Galeana,CMFEQ Técpan de Galeana,Técpan de Galeana,Clínica de Medicina Familiar con Especialidades y Quirófano,CMFEQ,Segundo Nivel,Primer Nivel,ISSSTE,Guerrero,Técpan de Galeana,Guerrero,Avenida,Mangos,S/N,,Colonia,El Cerrito,40900,"Avenida Mangos S/N, Colonia El Cerrito, Técpan de Galeana, Guerrero, CP. 40900",17.20433571557748,-100.62809019016277,Validada,Anuario Estadístico 2025,No es posible acercarse con Maps
U_ISSSTE_307,GRIST000293,012-212-00,Propia,En Operación,Clínica de Medicina Familiar con Especialidades y Quirófano Tlapa de Comonfort,CMFEQ Tlapa de Comonfort,Tlapa de Comonfort,Clínica de Medicina Familiar con Especialidades y Quirófano,CMFEQ,Segundo Nivel,Primer Nivel,ISSSTE,Guerrero,Tlapa de Comonfort,Guerrero,Callejón,del Chagui,S/N,,Colonia,San Diego,41300,"Callejón del Chagui S/N, Colonia San Diego, Tlapa de Comonfort, Guerrero, CP. 41300",17.54982803045171,-98.56306436488876,Validada,Anuario Estadístico 2025,
U_ISSSTE_308,HGIST000106,013-204-00,Propia,En Operación,"Hospital General Dra. Columba Rivera Osorio, Pachuca","HG Dra. Columba Rivera Osorio, Pachuca","Dra. Columba Rivera Osorio, Pachuca",Hospital General,HG,Segundo Nivel,No Aplica,ISSSTE,Hidalgo,Pachuca de Soto,Hidalgo,Boulevard,Felipe Ángeles,126,,Colonia,ISSSTE,42083,"Boulevard Felipe Ángeles 126, Colonia ISSSTE, Pachuca de Soto, Hidalgo, CP. 42083",20.07352731023063,-98.77707806670972,Validada,Anuario Estadístico 2025,
U_ISSSTE_309,HGIST000065,013-205-00,Propia,En Operación,Clínica Hospital Ixmiquilpan,CH Ixmiquilpan,Ixmiquilpan,Clínica Hospital,CH,Segundo Nivel,Primer Nivel,ISSSTE,Hidalgo,Ixmiquilpan,Hidalgo,Calle,El Nith Mirados,S/N,,Colonia,El Nith,42325,"Calle El Nith Mirados S/N, Colonia El Nith, Ixmiquilpan, Hidalgo, CP. 42325",20.498959703829183,-99.18151719895495,Validada,Anuario Estadístico 2025,
U_ISSSTE_310,HGIST000053,013-205-03,Propia,En Operación,Unidad de Medicina Familiar Huichapan,UMF Huichapan,Huichapan,Unidad de Medicina Familiar,UMF,Primer Nivel,No Aplica,ISSSTE,Hidalgo,Huichapan,Hidalgo,Calle,Coronel Sóstenes Vega,S/N,,Barrio,San Mateo,42403,"Calle Coronel Sóstenes Vega S/N, Barrio San Mateo, Huichapan, Hidalgo, CP. 42403",20.38050352336163,-99.65119339296895,Validada,Anuario Estadístico 2025,
U_ISSSTE_311,HGIST000205,013-205-04,Propia,En Operación,Unidad de Medicina Familiar Jacala,UMF Jacala,Jacala,Unidad de Medicina Familiar,UMF,Primer Nivel,No Aplica,ISSSTE,Hidalgo,Jacala de Ledezma,Hidalgo,Camino,a Frijoles,S/N,,Barrio,El Cerrito,42200,"Camino a Frijoles S/N, Barrio El Cerrito, Jacala de Ledezma, Hidalgo, CP. 42200",21.007518318959416,-99.19943578852943,Validada,Anuario Estadístico 2025,
U_ISSSTE_312,HGIST000234,013-205-06,Subrogada,En Operación,Consultorio de Atención Familiar Nopala,CAF Nopala,Nopala,Consultorio de Atención Familiar,CAF,Primer Nivel,No Aplica,ISSSTE,Hidalgo,Nopala de Villagrán,Hidalgo,Calle,Gómez Farías,4,,Colonia,Centro,42470,"Calle Gómez Farías 4, Colonia Centro, Nopala de Villagrán, Hidalgo, CP. 42470",20.251010787440542,-99.64476556993351,Validada,Anuario Estadístico 2025,
U_ISSSTE_313,HGIST000275,013-205-08,Propia,En Operación,Unidad de Medicina Familiar Tasquillo,UMF Tasquillo,Tasquillo,Unidad de Medicina Familiar,UMF,Primer Nivel,No Aplica,ISSSTE,Hidalgo,Tasquillo,Hidalgo,Avenida,de los Fresnos,5,,Colonia,San Antonio,42380,"Avenida de los Fresnos 5, Colonia San Antonio, Tasquillo, Hidalgo, CP. 42380",20.55338911265625,-99.31256128284384,Validada,Anuario Estadístico 2025,
U_ISSSTE_314,HGIST000280,013-205-09,Propia,En Operación,Unidad de Medicina Familiar Tecozautla,UMF Tecozautla,Tecozautla,Unidad de Medicina Familiar,UMF,Primer Nivel,No Aplica,ISSSTE,Hidalgo,Tecozautla,Hidalgo,Avenida,20 de Noviembre Sur,S/N,,Barrio,La Metralla,42444,"Avenida 20 de Noviembre Sur S/N, Barrio La Metralla, Tecozautla, Hidalgo, CP. 42444",20.525692616059175,-99.63539002718821,Validada,Anuario Estadístico 2025,
U_ISSSTE_315,HGIST000362,013-205-10,Subrogada,En Operación,Consultorio de Atención Familiar Zimapán,CAF Zimapán,Zimapán,Consultorio de Atención Familiar,CAF,Primer Nivel,No Aplica,ISSSTE,Hidalgo,Zimapán,Hidalgo,Calle,Heroico Colegio Militar,S/N,,Colonia,El Sabino,42334,"Calle Heroico Colegio Militar S/N, Colonia El Sabino, Zimapán, Hidalgo, CP. 42334",20.738829198987684,-99.37720534515923,Solicitar Validación,Anuario Estadístico 2025,CLUES inconsistente
U_ISSSTE_316,HGIST000140,013-206-00,Propia,En Operación,Clínica de Medicina Familiar Tulancingo,CMF Tulancingo,Tulancingo,Clínica de Medicina Familiar,CMF,Primer Nivel,No Aplica,ISSSTE,Hidalgo,Tulancingo de Bravo,Hidalgo,Calle,Johannes Brahms,S/N,,Colonia,Jardínes del Sur 4ta Sección,43660,"Calle Johannes Brahms S/N, Colonia Jardínes del Sur 4ta Sección, Tulancingo de Bravo, Hidalgo, CP. 43660",20.07031758957977,-98.37469692852326,Validada,Anuario Estadístico 2025,
U_ISSSTE_317,HGIST000292,013-206-02,En Proceso de Regularización,En Operación,Consultorio de Atención Familiar Tenango de Doria,CAF Tenango de Doria,Tenango de Doria,Consultorio de Atención Familiar,CAF,Primer Nivel,No Aplica,ISSSTE,Hidalgo,Tenango de Doria,Hidalgo,Calle,Bachilleres,S/N,,Colonia,La Olímpica,43484,"Calle Bachilleres S/N, Colonia La Olímpica, Tenango de Doria, Hidalgo, CP. 43484",20.33672079282646,-98.2239486325329,Solicitar Validación,Anuario Estadístico 2025,Las coordenadas van hacia un centro de salud
U_ISSSTE_318,HGIST000041,013-207-00,Propia,En Operación,Clínica Hospital Huejutla de Reyes,CH Huejutla de Reyes,Huejutla de Reyes,Clínica Hospital,CH,Segundo Nivel,Primer Nivel,ISSSTE,Hidalgo,Huejutla de Reyes,Hidalgo,Carretera,Pachuca-Huejutla de Reyes,S/N,,Colonia,La Lomita,43000,"Carretera Pachuca-Huejutla de Reyes S/N, Colonia La Lomita, Huejutla de Reyes, Hidalgo, CP. 43000",21.134393127073423,-98.4088727125019,Validada,Anuario Estadístico 2025,
U_ISSSTE_319,HGIST000193,013-207-01,En Proceso de Regularización,En Operación,Consultorio de Atención Familiar Huautla,CAF Huautla,Huautla,Consultorio de Atención Familiar,CAF,Primer Nivel,No Aplica,ISSSTE,Hidalgo,Huautla,Hidalgo,Calle,Gonzalo de la Cruz Olivares,S/N,,Barrio,Alto,43050,"Calle Gonzalo de la Cruz Olivares S/N, Barrio Alto, Huautla, Hidalgo, CP. 43050",21.02914304559853,-98.28991377854885,Validada,Anuario Estadístico 2025,
U_ISSSTE_320,HGIST000246,013-207-02,En Proceso de Regularización,En Operación,Consultorio de Atención Familiar San Felipe Orizatlán,CAF San Felipe Orizatlán,San Felipe Orizatlán,Consultorio de Atención Familiar,CAF,Primer Nivel,No Aplica,ISSSTE,Hidalgo,San Felipe Orizatlán,Hidalgo,Calle,Vicente Suárez,S/N,,Colonia,Loma Bonita,43020,"Calle Vicente Suárez S/N, Colonia Loma Bonita, San Felipe Orizatlán, Hidalgo, CP. 43020",21.167894397994637,-98.6080691127242,Validada,Anuario Estadístico 2025,
U_ISSSTE_321,HGIST000321,013-207-03,Propia,En Operación,Unidad de Medicina Familiar Tlanchinol,UMF Tlanchinol,Tlanchinol,Unidad de Medicina Familiar,UMF,Primer Nivel,No Aplica,ISSSTE,Hidalgo,Tlanchinol,Hidalgo,Carretera,Federal 105 (México-Tampico),S/N,,Colonia,Vista Hermosa,43150,"Carretera Federal 105 (México-Tampico) S/N, Colonia Vista Hermosa, Tlanchinol, Hidalgo, CP. 43150",20.984657743162018,-98.66967769521173,Validada,Anuario Estadístico 2025,
U_ISSSTE_322,HGIST000176,013-207-05,Subrogada,En Operación,Consultorio de Atención Familiar Calnali,CAF Calnali,Calnali,Consultorio de Atención Familiar,CAF,Primer Nivel,No Aplica,ISSSTE,Hidalgo,Calnali,Hidalgo,Calle,Cuauhtémoc,19,,Barrio,Tlala,43234,"Calle Cuauhtémoc 19, Barrio Tlala, Calnali, Hidalgo, CP. 43234",20.896849841214326,-98.5830304437479,Validada,Anuario Estadístico 2025,
U_ISSSTE_323,HGIST000094,013-207-06,Propia,En Operación,Unidad de Medicina Familiar Molango,UMF Molango,Molango,Unidad de Medicina Familiar,UMF,Primer Nivel,No Aplica,ISSSTE,Hidalgo,Molango de Escamilla,Hidalgo,Avenida,La Corregidora,S/N,,Barrio,La Alameda,43100,"Avenida La Corregidora S/N, Barrio La Alameda, Molango de Escamilla, Hidalgo, CP. 43100",20.785814596917398,-98.73119518309316,Validada,Anuario Estadístico 2025,
U_ISSSTE_324,HGIST000345,013-207-09,Subrogada,En Operación,Consultorio de Atención Familiar Xochicoatlán,CAF Xochicoatlán,Xochicoatlán,Consultorio de Atención Familiar,CAF,Primer Nivel,No Aplica,ISSSTE,Hidalgo,Xochicoatlán,Hidalgo,Avenida,Hidalgo,S/N,,Barrio,Plan de Agua,43254,"Avenida Hidalgo S/N, Barrio Plan de Agua, Xochicoatlán, Hidalgo, CP. 43254",20.776593843371927,-98.68185216819975,Validada,Anuario Estadístico 2025,
U_ISSSTE_325,HGIST000181,013-207-12,Subrogada,En Operación,Consultorio de Atención Familiar Chapulhuacán,CAF Chapulhuacán,Chapulhuacán,Consultorio de Atención Familiar,CAF,Primer Nivel,No Aplica,ISSSTE,Hidalgo,Chapulhuacán,Hidalgo,Calle,Miguel Hidalgo,1062,,Colonia,Centro,42280,"Calle Miguel Hidalgo 1062, Colonia Centro, Chapulhuacán, Hidalgo, CP. 42280",21.15751885964195,-98.90564246169244,Validada,Anuario Estadístico 2025,
U_ISSSTE_326,HGIST000082,013-208-00,Propia,En Operación,Clínica de Medicina Familiar Mixquiahuala,CMF Mixquiahuala,Mixquiahuala,Clínica de Medicina Familiar,CMF,Primer Nivel,No Aplica,ISSSTE,Hidalgo,Mixquiahuala de Juárez,Hidalgo,Calle,Ignacio Allende,55,,Colonia,1ra Demarcación Poniente,42700,"Calle Ignacio Allende 55, Colonia 1ra Demarcación Poniente, Mixquiahuala de Juárez, Hidalgo, CP. 42700",20.22783453257865,-99.20730979144027,Validada,Anuario Estadístico 2025,
U_ISSSTE_327,HGIST000036,013-208-01,Propia,En Operación,Unidad de Medicina Familiar Tepatepec,UMF Tepatepec,Tepatepec,Unidad de Medicina Familiar,UMF,Primer Nivel,No Aplica,ISSSTE,Hidalgo,Francisco I. Madero,Hidalgo,Calle,Álamo,S/N,,Colonia,Primera Demarcación,42660,"Calle Álamo S/N, Colonia Primera Demarcación, Francisco I. Madero, Hidalgo, CP. 42660",20.242438593188574,-99.0858545755619,Validada,Anuario Estadístico 2025,
U_ISSSTE_328,HGIST000111,013-208-02,Propia,En Operación,Unidad de Medicina Familiar Tepeji del Río,UMF Tepeji del Río,Tepeji del Río,Unidad de Medicina Familiar,UMF,Primer Nivel,No Aplica,ISSSTE,Hidalgo,Tepeji del Río de Ocampo,Hidalgo,Cerrada,Ignacio Ramírez,S/N,,Colonia,San Francisco 1ra,42854,"Cerrada Ignacio Ramírez S/N, Colonia San Francisco 1ra, Tepeji del Río de Ocampo, Hidalgo, CP. 42854",19.9010418010164,-99.34614349523788,Validada,Anuario Estadístico 2025,
U_ISSSTE_329,HGIST000316,013-208-03,Propia,En Operación,Unidad de Medicina Familiar Tezontepec de Aldama,UMF Tezontepec de Aldama,Tezontepec de Aldama,Unidad de Medicina Familiar,UMF,Primer Nivel,No Aplica,ISSSTE,Hidalgo,Tezontepec de Aldama,Hidalgo,Cerrada,Emiliano Zapara,4,,Colonia,Centro,42760,"Cerrada Emiliano Zapara 4, Colonia Centro, Tezontepec de Aldama, Hidalgo, CP. 42760",20.191976328183213,-99.27578587248263,Validada,Anuario Estadístico 2025,
U_ISSSTE_330,HGIST000333,013-208-04,Propia,En Operación,Unidad de Medicina Familiar Tlaxcoapan,UMF Tlaxcoapan,Tlaxcoapan,Unidad de Medicina Familiar,UMF,Primer Nivel,No Aplica,ISSSTE,Hidalgo,Tlaxcoapan,Hidalgo,Avenida,Francisco I. Madero,S/N,,Colonia,Ciudadela,42954,"Avenida Francisco I. Madero S/N, Colonia Ciudadela, Tlaxcoapan, Hidalgo, CP. 42954",20.092194087051436,-99.2181105041561,Validada,Anuario Estadístico 2025,
U_ISSSTE_331,HGIST000135,013-208-05,Propia,En Operación,Unidad de Medicina Familiar Tula de Allende,UMF Tula de Allende,Tula de Allende,Unidad de Medicina Familiar,UMF,Primer Nivel,No Aplica,ISSSTE,Hidalgo,Tula de Allende,Hidalgo,Calle,20 de Noviembre,1,,Colonia,FOVISSSTE,42807,"Calle 20 de Noviembre 1, Colonia FOVISSSTE, Tula de Allende, Hidalgo, CP. 42807",20.050606412494982,-99.35162511676462,Validada,Anuario Estadístico 2025,
U_ISSSTE_332,HGIST000386,013-210-00,Propia,En Operación,Clínica de Medicina Familiar con Especialidades Pachuca,CMFE Pachuca,Pachuca,Clínica de Medicina Familiar con Especialidades,CMFE,Segundo Nivel,Primer Nivel,ISSSTE,Hidalgo,Pachuca de Soto,Hidalgo,Avenida,Lic. Javier Rojo Gómez,920,,Fraccionamiento,Juan C. Doria,42083,"Avenida Lic. Javier Rojo Gómez 920, Fraccionamiento Juan C. Doria, Pachuca de Soto, Hidalgo, CP. 42083",20.06407226768621,-98.77685306546476,Validada,Anuario Estadístico 2025,
U_ISSSTE_333,HGIST000012,013-210-01,Propia,En Operación,Unidad de Medicina Familiar Actopan,UMF Actopan,Actopan,Unidad de Medicina Familiar,UMF,Primer Nivel,No Aplica,ISSSTE,Hidalgo,Actopan,Hidalgo,Calle,Manuel Altamirano,200,,Colonia,Aviación,42510,"Calle Manuel Altamirano 200, Colonia Aviación, Actopan, Hidalgo, CP. 42510",20.27645938158087,-98.94721026105825,Validada,Anuario Estadístico 2025,
U_ISSSTE_334,HGIST000024,013-210-02,Propia,En Operación,Unidad de Medicina Familiar Apan,UMF Apan,Apan,Unidad de Medicina Familiar,UMF,Primer Nivel,No Aplica,ISSSTE,Hidalgo,Apan,Hidalgo,Colonia,Miguel Hidalgo,80,,Fraccionamiento,Los Capulines,43908,"Colonia Miguel Hidalgo 80, Fraccionamiento Los Capulines, Apan, Hidalgo, CP. 43908",19.711192980941664,-98.4581955690333,Validada,Anuario Estadístico 2025,
U_ISSSTE_335,HGIST000164,013-210-03,Subrogada,En Operación,Consultorio de Atención Familiar Atotonilco el Grande,CAF Atotonilco el Grande,Atotonilco el Grande,Consultorio de Atención Familiar,CAF,Primer Nivel,No Aplica,ISSSTE,Hidalgo,Atotonilco el Grande,Hidalgo,Camino,a San Miguel,230,,Barrio,Los Nogales,43306,"Camino a San Miguel 230, Barrio Los Nogales, Atotonilco el Grande, Hidalgo, CP. 43306",20.281009858222625,-98.67189317561346,Solicitar Validación,Anuario Estadístico 2025,Coordenadas aproximadas. Google Maps no disponible en la zona
U_ISSSTE_336,HGIST000070,013-210-04,Propia,En Operación,Unidad de Medicina Familiar Metztitlán,UMF Metztitlán,Metztitlán,Unidad de Medicina Familiar,UMF,Primer Nivel,No Aplica,ISSSTE,Hidalgo,Metztitlán,Hidalgo,Calle,2 de Febrero,7,,Barrio,Coatlán,43350,"Calle 2 de Febrero 7, Barrio Coatlán, Metztitlán, Hidalgo, CP. 43350",20.59679072642946,-98.7669186511058,Validada,Anuario Estadístico 2025,
U_ISSSTE_337,HGIST000210,013-210-05,Propia,En Operación,Unidad de Medicina Familiar Mineral del Monte,UMF Mineral del Monte,Mineral del Monte,Unidad de Medicina Familiar,UMF,Primer Nivel,No Aplica,ISSSTE,Hidalgo,Mineral del Monte,Hidalgo,Calle,Jesús Terán,112,,Barrio,El Purero,42135,"Calle Jesús Terán 112, Barrio El Purero, Mineral del Monte, Hidalgo, CP. 42135",20.133634865984778,-98.67423502610703,Validada,Anuario Estadístico 2025,
U_ISSSTE_338,HGIST000304,013-210-06,Propia,En Operación,Unidad de Medicina Familiar Tepeapulco,UMF Tepeapulco,Tepeapulco,Unidad de Medicina Familiar,UMF,Primer Nivel,No Aplica,ISSSTE,Hidalgo,Tepeapulco,Hidalgo,Avenida,Ignacio Allende,10,,Colonia,Tesatla,43993,"Avenida Ignacio Allende 10, Colonia Tesatla, Tepeapulco, Hidalgo, CP. 43993",19.756998001153885,-98.58530745802042,Validada,Anuario Estadístico 2025,Google Maps no disponible en la zona
U_ISSSTE_339,HGIST000123,013-210-07,Propia,En Operación,Unidad de Medicina Familiar Tizayuca,UMF Tizayuca,Tizayuca,Unidad de Medicina Familiar,UMF,Primer Nivel,No Aplica,ISSSTE,Hidalgo,Tizayuca,Hidalgo,Avenida,Francisco I. Madero,25,,Colonia,Atempa,43808,"Avenida Francisco I. Madero 25, Colonia Atempa, Tizayuca, Hidalgo, CP. 43808",19.835374617388425,-98.98403088644434,Validada,Anuario Estadístico 2025,
U_ISSSTE_340,HGIST000152,013-210-08,Propia,En Operación,Unidad de Medicina Familiar Zacualtipán,UMF Zacualtipán,Zacualtipán,Unidad de Medicina Familiar,UMF,Primer Nivel,No Aplica,ISSSTE,Hidalgo,Zacualtipán de Ángeles,Hidalgo,Calle,Héroes de la Revolución Mexicana,S/N,,Colonia,Adolfo López Mateos 2da Sección,43202,"Calle Héroes de la Revolución Mexicana S/N, Colonia Adolfo López Mateos 2da Sección, Zacualtipán de Ángeles, Hidalgo, CP. 43202",20.657133341953838,-98.6585484417737,Validada,Anuario Estadístico 2025,
U_ISSSTE_341,HGIST000350,013-210-09,Subrogada,En Operación,Consultorio de Atención Familiar Zapotlán de Juárez,CAF Zapotlán de Juárez,Zapotlán de Juárez,Consultorio de Atención Familiar,CAF,Primer Nivel,No Aplica,ISSSTE,Hidalgo,Zapotlán de Juárez,Hidalgo,Calle,Profesor Eduardo Vera Gutiérrez,2,,Colonia,Centro,42190,"Calle Profesor Eduardo Vera Gutiérrez 2, Colonia Centro, Zapotlán de Juárez, Hidalgo, CP. 42190",19.97407657289759,-98.86254505406711,Validada,Anuario Estadístico 2025,
U_ISSSTE_342,HGIST000251,013-210-10,Convenio,En Operación,Consultorio Médico en Centro de Trabajo Servicio Geológico Mexicano (Los Arcos),CMCT Servicio Geológico Mexicano (Los Arcos),Servicio Geológico Mexicano (Los Arcos),Consultorio Médico en Centro de Trabajo,CMCT,Primer Nivel,No Aplica,ISSSTE,Hidalgo,Pachuca de Soto,Hidalgo,Avenida,Real del Monte,3-A,,Colonia,Centro Minero,42083,"Avenida Real del Monte 3-A, Colonia Centro Minero, Pachuca de Soto, Hidalgo, CP. 42083",20.090197624260902,-98.76897873146626,Solicitar Validación,Anuario Estadístico 2025,Google Maps no disponible en la zona. Coordenadas aproximadas
U_ISSSTE_343,HGIST000263,013-210-11,Convenio,En Operación,Consultorio Médico en Centro de Trabajo Pensionados y Jubilados (ISSSTE),CMCT Pensionados y Jubilados (ISSSTE),Pensionados y Jubilados (ISSSTE),Consultorio Médico en Centro de Trabajo,CMCT,Primer Nivel,No Aplica,ISSSTE,Hidalgo,Pachuca de Soto,Hidalgo,Boulevard,Ramón G. Bonfil,18,,Residencial,Parque Esmeralda,42084,"Boulevard Ramón G. Bonfil 18, Residencial Parque Esmeralda, Pachuca de Soto, Hidalgo, CP. 42084",20.074730636147436,-98.79069236251415,Validada,Anuario Estadístico 2025,
U_ISSSTE_344,JCIST000074,014-204-00,Propia,En Operación,"Clínica de Medicina Familiar Dr. Arturo Glez, Guadalajara No. 1","CMF Dr. Arturo Glez, Guadalajara No. 1","Dr. Arturo Glez, Guadalajara No. 1",Clínica de Medicina Familiar,CMF,Primer Nivel,No Aplica,ISSSTE,Jalisco,Guadalajara,Jalisco,Calle,Centro Médico,953,,Fraccionamiento,Independencia Oriente,44340,"Calle Centro Médico 953, Fraccionamiento Independencia Oriente, Guadalajara, Jalisco, CP. 44340",20.688056381994958,-103.32978420423417,Validada,Anuario Estadístico 2025,
U_ISSSTE_345,JCIST000161,014-204-01,Propia,En Operación,Unidad de Medicina Familiar Ahualulco de Mercado,UMF Ahualulco de Mercado,Ahualulco de Mercado,Unidad de Medicina Familiar,UMF,Primer Nivel,No Aplica,ISSSTE,Jalisco,Ahualulco de Mercado,Jalisco,Avenida,Adolfo López Mateos,152,,Colonia,5 de Mayo,46734,"Avenida Adolfo López Mateos 152, Colonia 5 de Mayo, Ahualulco de Mercado, Jalisco, CP. 46734",20.690703718596758,-103.97139372591914,Validada,Anuario Estadístico 2025,
U_ISSSTE_346,JCIST000016,014-204-02,En Proceso de Regularización,En Operación,Unidad de Medicina Familiar Ameca,UMF Ameca,Ameca,Unidad de Medicina Familiar,UMF,Primer Nivel,No Aplica,ISSSTE,Jalisco,Ameca,Jalisco,Calle,Portezuelo,25,,Ranchería,El Nogal,46627,"Calle Portezuelo 25, Ranchería El Nogal, Ameca, Jalisco, CP. 46627",20.55286760918283,-104.04874475468681,Validada,Anuario Estadístico 2025,
U_ISSSTE_347,JCIST000272,014-204-03,Subrogada,En Operación,Consultorio de Atención Familiar Colotlán,CAF Colotlán,Colotlán,Consultorio de Atención Familiar,CAF,Primer Nivel,No Aplica,ISSSTE,Jalisco,Colotlán,Jalisco,Calle,Juárez,10,,Colonia,Centro,46200,"Calle Juárez 10, Colonia Centro, Colotlán, Jalisco, CP. 46200",22.11395431009725,-103.27124722592355,Solicitar Validación,Anuario Estadístico 2025,Google Maps no está disponible en la zona
U_ISSSTE_348,JCIST000820,014-204-04,Subrogada,En Operación,Consultorio de Atención Familiar Villa Guerrero,CAF Villa Guerrero,Villa Guerrero,Consultorio de Atención Familiar,CAF,Primer Nivel,No Aplica,ISSSTE,Jalisco,Villa Guerrero,Jalisco,Calle,20 de Noviembre,111,,Colonia,Centro,46100,"Calle 20 de Noviembre 111, Colonia Centro, Villa Guerrero, Jalisco, CP. 46100",21.985399428433,-103.59539113493334,Validada,Anuario Estadístico 2025,
U_ISSSTE_349,JCIST000511,014-204-05,Rentada,En Operación,Consultorio de Atención Familiar Magdalena,CAF Magdalena,Magdalena,Consultorio de Atención Familiar,CAF,Primer Nivel,No Aplica,ISSSTE,Jalisco,Magdalena,Jalisco,Calle,Felíx María Martín,49,,Colonia,Cerrito,46474,"Calle Felíx María Martín 49, Colonia Cerrito, Magdalena, Jalisco, CP. 46474",20.90956999726554,-103.97996215794174,Solicitar Validación,Anuario Estadístico 2025,Las coordenadas envían a un lugar donde no es posible confirmar la presencia de una unidad
U_ISSSTE_350,JCIST000680,014-204-06,Subrogada,En Operación,Consultorio de Atención Familiar Tala,CAF Tala,Tala,Consultorio de Atención Familiar,CAF,Primer Nivel,No Aplica,ISSSTE,Jalisco,Tala,Jalisco,Calle,Rafael Ochoa Montaño,54-A,,Colonia,San Javier,45300,"Calle Rafael Ochoa Montaño 54-A, Colonia San Javier, Tala, Jalisco, CP. 45300",20.654252955632202,-103.70602211134437,Validada,Anuario Estadístico 2025,
U_ISSSTE_351,JCIST000342,014-204-07,Convenio,En Operación,Consultorio Médico en Centro de Trabajo Palacio Federal (Guadalajara),CMCT Palacio Federal (Guadalajara),Palacio Federal (Guadalajara),Consultorio Médico en Centro de Trabajo,CMCT,Primer Nivel,No Aplica,ISSSTE,Jalisco,Guadalajara,Jalisco,Avenida,Alcalde,500,,Colonia,Centro Barranquitas,44200,"Avenida Alcalde 500, Colonia Centro Barranquitas, Guadalajara, Jalisco, CP. 44200",20.68497629002569,-103.34776521224728,Validada,Anuario Estadístico 2025,
U_ISSSTE_352,JCIST000436,014-204-08,Subrogada,En Operación,Consultorio de Atención Familiar Huejúcar,CAF Huejúcar,Huejúcar,Consultorio de Atención Familiar,CAF,Primer Nivel,No Aplica,ISSSTE,Jalisco,Huejúcar,Jalisco,Calle,Centenario,S/N,,Colonia,Centro,46260,"Calle Centenario S/N, Colonia Centro, Huejúcar, Jalisco, CP. 46260",22.356902415881567,-103.2114571295694,Validada,Anuario Estadístico 2025,
U_ISSSTE_353,JCIST000144,014-204-09,Subrogada,En Operación,Consultorio de Atención Familiar Tequila,CAF Tequila,Tequila,Consultorio de Atención Familiar,CAF,Primer Nivel,No Aplica,ISSSTE,Jalisco,Tequila,Jalisco,Calle,Maíz,63,,Colonia,La Mezcalera,46403,"Calle Maíz 63, Colonia La Mezcalera, Tequila, Jalisco, CP. 46403",20.877204813397586,-103.83899280429578,Solicitar Validación,Anuario Estadístico 2025,Las coordenadas envían a un lugar donde no es posible confirmar la presencia de una unidad
U_ISSSTE_354,JCIST000330,014-204-10,Subrogada,En Operación,Consultorio de Atención Familiar Etzatlán,CAF Etzatlán,Etzatlán,Consultorio de Atención Familiar,CAF,Primer Nivel,No Aplica,ISSSTE,Jalisco,Etzatlán,Jalisco,Calle,Hidalgo,180,,Colonia,Centro,46500,"Calle Hidalgo 180, Colonia Centro, Etzatlán, Jalisco, CP. 46500",20.763646447664684,-104.07814858734862,Validada,Anuario Estadístico 2025,
U_ISSSTE_355,JCIST000441,014-204-11,Subrogada,En Operación,Consultorio de Atención Familiar Huejuquilla El Alto,CAF Huejuquilla El Alto,Huejuquilla El Alto,Consultorio de Atención Familiar,CAF,Primer Nivel,No Aplica,ISSSTE,Jalisco,Huejuquilla El Alto,Jalisco,Calle,Ignacio Allende,24,,Colonia,Centro,46000,"Calle Ignacio Allende 24, Colonia Centro, Huejuquilla El Alto, Jalisco, CP. 46000",22.628977102464845,-103.89950288127292,Validada,Anuario Estadístico 2025,
U_ISSSTE_356,JCIST000354,014-204-12,Convenio,En Operación,Consultorio Médico en Centro de Trabajo FSTSE (Guadalajara),CMCT FSTSE (Guadalajara),FSTSE (Guadalajara),Consultorio Médico en Centro de Trabajo,CMCT,Primer Nivel,No Aplica,ISSSTE,Jalisco,Guadalajara,Jalisco,Calle,Mariano Bárcena,1115,,Colonia,La Normal,44260,"Calle Mariano Bárcena 1115, Colonia La Normal, Guadalajara, Jalisco, CP. 44260",20.69343308152279,-103.35195317614114,Validada,Anuario Estadístico 2025,
U_ISSSTE_357,JCIST000185,014-204-14,Subrogada,En Operación,Consultorio de Atención Familiar El Arenal,CAF El Arenal,El Arenal,Consultorio de Atención Familiar,CAF,Primer Nivel,No Aplica,ISSSTE,Jalisco,El Arenal,Jalisco,Calle,5 de Mayo,92,,Colonia,Centro,45350,"Calle 5 de Mayo 92, Colonia Centro, El Arenal, Jalisco, CP. 45350",20.77521875133312,-103.69280147628092,Validada,Anuario Estadístico 2025,
U_ISSSTE_358,JCIST000226,014-204-15,Subrogada,En Operación,Consultorio de Atención Familiar Bolaños,CAF Bolaños,Bolaños,Consultorio de Atención Familiar,CAF,Primer Nivel,No Aplica,ISSSTE,Jalisco,Bolaños,Jalisco,Calle,Vicente Guerrero,4,,Localidad,Tuxpan de Bolaños,46152,"Calle Vicente Guerrero 4, Localidad Tuxpan de Bolaños, Bolaños, Jalisco, CP. 46152",21.874749367274564,-104.01269987109681,Solicitar Validación,Anuario Estadístico 2025,Las coordenadas y dirección no son exactas. Envían a un Centro de Salud. Google Maps no disponible en la zona
U_ISSSTE_359,JCIST000540,014-204-16,Subrogada,En Operación,Consultorio de Atención Familiar Mezquitic,CAF Mezquitic,Mezquitic,Consultorio de Atención Familiar,CAF,Primer Nivel,No Aplica,ISSSTE,Jalisco,Mezquitic,Jalisco,Calle,Benito Juárez,45,,Colonia,Centro,46040,"Calle Benito Juárez 45, Colonia Centro, Mezquitic, Jalisco, CP. 46040",22.387883029609814,-103.72392339921093,Solicitar Validación,Anuario Estadístico 2025,Las coordenadas envían a un lugar donde no es posible confirmar la presencia de una unidad
U_ISSSTE_360,JCIST000296,014-204-17,Subrogada,En Operación,Consultorio de Atención Familiar Cuquío,CAF Cuquío,Cuquío,Consultorio de Atención Familiar,CAF,Primer Nivel,No Aplica,ISSSTE,Jalisco,Cuquío,Jalisco,Calle,Prolongación Cuauhtémoc,290,,Colonia,Centro,45480,"Calle Prolongación Cuauhtémoc 290, Colonia Centro, Cuquío, Jalisco, CP. 45480",20.9309131562288,-103.02599661279744,Validada,Anuario Estadístico 2025,
U_ISSSTE_361,JCIST000366,014-205-00,Rentada,En Operación,Clínica de Medicina Familiar Guadalajara No. 2,CMF Guadalajara No. 2,Guadalajara No. 2,Clínica de Medicina Familiar,CMF,Primer Nivel,No Aplica,ISSSTE,Jalisco,Guadalajara,Jalisco,Calle,General Eulogio Parra,660,,Colonia,Santa Teresita,44600,"Calle General Eulogio Parra 660, Colonia Santa Teresita, Guadalajara, Jalisco, CP. 44600",20.687188422053588,-103.36927643902393,Validada,Anuario Estadístico 2025,
U_ISSSTE_362,JCIST000091,014-205-02,En Proceso de Regularización,En Operación,Unidad de Medicina Familiar Tecolotlán,UMF Tecolotlán,Tecolotlán,Unidad de Medicina Familiar,UMF,Primer Nivel,No Aplica,ISSSTE,Jalisco,Tecolotlán,Jalisco,Calle,Ramón Corona,26,,Colonia,Centro,48540,"Calle Ramón Corona 26, Colonia Centro, Tecolotlán, Jalisco, CP. 48540",20.20363908714906,-104.05102248699885,Validada,Anuario Estadístico 2025,
U_ISSSTE_363,JCIST000050,014-205-04,En Proceso de Regularización,En Operación,Unidad de Medicina Familiar Cocula,UMF Cocula,Cocula,Unidad de Medicina Familiar,UMF,Primer Nivel,No Aplica,ISSSTE,Jalisco,Cocula,Jalisco,Calle,San Diego,457,,Colonia,La Ascención,48500,"Calle San Diego 457, Colonia La Ascención, Cocula, Jalisco, CP. 48500",20.357154166968343,-103.81664565888221,Validada,Anuario Estadístico 2025,
U_ISSSTE_364,JCIST000856,014-205-09,Convenio,En Operación,Consultorio de Atención Familiar UHF. Estatuto Jurídico Tuzania,CAF UHF. Estatuto Jurídico Tuzania,UHF. Estatuto Jurídico Tuzania,Consultorio de Atención Familiar,CAF,Primer Nivel,No Aplica,ISSSTE,Jalisco,Zapopan,Jalisco,Anillo Periférico Norte,Manuel Gómez Morín,19,,Unidad,FOVISSSTE,45149,"Anillo Periférico Norte Manuel Gómez Morín 19, Unidad FOVISSSTE, Zapopan, Jalisco, CP. 45149",20.737116472509097,-103.40403545910912,Validada,Anuario Estadístico 2025,
U_ISSSTE_365,JCIST000371,014-205-10,Convenio,En Operación,Consultorio de Atención Familiar UH. FOVISSSTE Miravalle,CAF UH. FOVISSSTE Miravalle,UH. FOVISSSTE Miravalle,Consultorio de Atención Familiar,CAF,Primer Nivel,No Aplica,ISSSTE,Jalisco,Guadalajara,Jalisco,Calle,Cerrada Teuchitlán,Local J,,Unidad Habitacional,FOVISSSTE Miravalle,45594,"Calle Cerrada Teuchitlán Local J, Unidad Habitacional FOVISSSTE Miravalle, Guadalajara, Jalisco, CP. 45594",20.606061801546595,-103.35274515888736,Validada,Anuario Estadístico 2025,
U_ISSSTE_366,JCIST000383,014-205-11,Convenio,En Operación,Consultorio Médico en Centro de Trabajo Secretaría de Educación del Estado de Jalisco-SEP,CMCT Secretaría de Educación del Estado de Jalisco-SEP,Secretaría de Educación del Estado de Jalisco-SEP,Consultorio Médico en Centro de Trabajo,CMCT,Primer Nivel,No Aplica,ISSSTE,Jalisco,Zapopan,Jalisco,Avenida,Central Guillermo González Camarena,615,,Residencial,Poniente,45136,"Avenida Central Guillermo González Camarena 615, Residencial Poniente, Zapopan, Jalisco, CP. 45136",20.72485730249452,-103.43037632018466,Validada,Anuario Estadístico 2025,
U_ISSSTE_367,JCIST000156,014-205-15,Subrogada,En Operación,Consultorio de Atención Familiar Acatlán de Juárez,CAF Acatlán de Juárez,Acatlán de Juárez,Consultorio de Atención Familiar,CAF,Primer Nivel,No Aplica,ISSSTE,Jalisco,Acatlán de Juárez,Jalisco,Calle,Nuñez Morquecho,81,,Colonia,Centro,45700,"Calle Nuñez Morquecho 81, Colonia Centro, Acatlán de Juárez, Jalisco, CP. 45700",20.424246632971904,-103.59265549269283,Validada,Anuario Estadístico 2025,
U_ISSSTE_368,JCIST000651,014-205-16,Subrogada,En Operación,Consultorio de Atención Familiar San Martín Hidalgo,CAF San Martín Hidalgo,San Martín Hidalgo,Consultorio de Atención Familiar,CAF,Primer Nivel,No Aplica,ISSSTE,Jalisco,San Martín Hidalgo,Jalisco,Calle,Zona del Río,75,,Colonia,Centro,46770,"Calle Zona del Río 75, Colonia Centro, San Martín Hidalgo, Jalisco, CP. 46770",20.434474312756713,-103.92934212718312,Validada,Anuario Estadístico 2025,
U_ISSSTE_369,JCIST000844,014-205-19,Rentada,En Operación,Consultorio de Atención Familiar Zacoalco de Torres,CAF Zacoalco de Torres,Zacoalco de Torres,Consultorio de Atención Familiar,CAF,Primer Nivel,No Aplica,ISSSTE,Jalisco,Zacoalco de Torres,Jalisco,Calle,Francisco I. Madero,38,,Colonia,Centro,45750,"Calle Francisco I. Madero 38, Colonia Centro, Zacoalco de Torres, Jalisco, CP. 45750",20.228132089368618,-103.56999812310357,Validada,Anuario Estadístico 2025,
U_ISSSTE_370,JCIST000885,014-205-20,Convenio,En Operación,Consultorio Médico en Centro de Trabajo SAT,CMCT SAT,SAT,Consultorio Médico en Centro de Trabajo,CMCT,Primer Nivel,No Aplica,ISSSTE,Jalisco,Zapopan,Jalisco,Avenida,Central Guillermo González Camarena,735,,Residencial,Poniente,45136,"Avenida Central Guillermo González Camarena 735, Residencial Poniente, Zapopan, Jalisco, CP. 45136",20.72243262340805,-103.42997505555562,Validada,Anuario Estadístico 2025,
U_ISSSTE_371,JCIST000890,014-205-21,Convenio,En Operación,Consultorio Médico en Centro de Trabajo TFJA,CMCT TFJA,TFJA,Consultorio Médico en Centro de Trabajo,CMCT,Primer Nivel,No Aplica,ISSSTE,Jalisco,Guadalajara,Jalisco,Avenida,de las Américas,877,,Colonia,Italia Providencia,44656,"Avenida de las Américas 877, Colonia Italia Providencia, Guadalajara, Jalisco, CP. 44656",20.69275549352857,-103.37355495203553,Validada,Anuario Estadístico 2025,
U_ISSSTE_372,JCIST000901,014-205-22,Convenio,En Operación,Consultorio de Atención Familiar Guachinango,CAF Guachinango,Guachinango,Consultorio de Atención Familiar,CAF,Primer Nivel,No Aplica,ISSSTE,Jalisco,Guadalajara,Jalisco,Calle,Independencia,2,,Colonia,Centro,46800,"Calle Independencia 2, Colonia Centro, Guadalajara, Jalisco, CP. 46800",20.57961796738136,-104.37830379184287,Validada,Anuario Estadístico 2025,
U_ISSSTE_373,JCIST000931,014-205-24,Convenio,En Operación,Consultorio Médico en Centro de Trabajo Sindicato Nacional de Trabajadores de la Secretaría de Salud,CMCT Sindicato Nacional de Trabajadores de la Secretaría de Salud,Sindicato Nacional de Trabajadores de la Secretaría de Salud,Consultorio Médico en Centro de Trabajo,CMCT,Primer Nivel,No Aplica,ISSSTE,Jalisco,Guadalajara,Jalisco,Calle,Manzano,610,,Colonia,Moderna,44190,"Calle Manzano 610, Colonia Moderna, Guadalajara, Jalisco, CP. 44190",20.66216049812769,-103.35087745132284,Validada,Anuario Estadístico 2025,
U_ISSSTE_374,JCIST000395,014-206-00,Propia,En Operación,Clínica de Medicina Familiar Guadalajara No. 3,CMF Guadalajara No. 3,Guadalajara No. 3,Clínica de Medicina Familiar,CMF,Primer Nivel,No Aplica,ISSSTE,Jalisco,Guadalajara,Jalisco,Calle,Gral. Eulogio Parra,1700,,Colonia,Santa Teresita,44600,"Calle Gral. Eulogio Parra 1700, Colonia Santa Teresita, Guadalajara, Jalisco, CP. 44600",20.68715102438443,-103.36927391253802,Validada,Anuario Estadístico 2025,
U_ISSSTE_375,JCIST000465,014-206-01,Propia,En Operación,Unidad de Medicina Familiar Atequiza,UMF Atequiza,Atequiza,Unidad de Medicina Familiar,UMF,Primer Nivel,No Aplica,ISSSTE,Jalisco,Ixtlahuacán de los Membrillos,Jalisco,Calle,López Cotilla,379,,Colonia,Centro,45850,"Calle López Cotilla 379, Colonia Centro, Ixtlahuacán de los Membrillos, Jalisco, CP. 45850",20.396120309812606,-103.13519536084407,Validada,Anuario Estadístico 2025,
U_ISSSTE_376,JCIST000301,014-206-02,Subrogada,En Operación,Consultorio de Atención Familiar Chapala,CAF Chapala,Chapala,Consultorio de Atención Familiar,CAF,Primer Nivel,No Aplica,ISSSTE,Jalisco,Chapala,Jalisco,Calle,Chinchorros,29,,Colonia,Electricistas,45902,"Calle Chinchorros 29, Colonia Electricistas, Chapala, Jalisco, CP. 45902",20.30560532877897,-103.1891561437224,Solicitar Validación,Anuario Estadístico 2025,Inconsistencias entre CLUES y Google Maps
U_ISSSTE_377,JCIST000494,014-206-03,Subrogada,En Operación,Consultorio de Atención Familiar Jocotepec,CAF Jocotepec,Jocotepec,Consultorio de Atención Familiar,CAF,Primer Nivel,No Aplica,ISSSTE,Jalisco,Jocotepec,Jalisco,Calle,Josefa Ortíz de Domínguez Norte,91a,,Colonia,Jalisco,45800,"Calle Josefa Ortíz de Domínguez Norte 91a, Colonia Jalisco, Jocotepec, Jalisco, CP. 45800",20.28896045767418,-103.43082959564464,Validada,Anuario Estadístico 2025,
U_ISSSTE_378,JCIST000033,014-206-04,Propia,En Operación,Unidad de Medicina Familiar La Barca,UMF La Barca,La Barca,Unidad de Medicina Familiar,UMF,Primer Nivel,No Aplica,ISSSTE,Jalisco,La Barca,Jalisco,Calle,Río Lerma,173,,Colonia,Loma Bonita,47913,"Calle Río Lerma 173, Colonia Loma Bonita, La Barca, Jalisco, CP. 47913",20.292921843495755,-102.55497003512102,Validada,Anuario Estadístico 2025,
U_ISSSTE_379,JCIST000564,014-206-05,Propia,En Operación,Unidad de Medicina Familiar Ocotlán,UMF Ocotlán,Ocotlán,Unidad de Medicina Familiar,UMF,Primer Nivel,No Aplica,ISSSTE,Jalisco,Ocotlán,Jalisco,Calle,Jazmín,85,,Colonia,Nuevo Porvenir,47882,"Calle Jazmín 85, Colonia Nuevo Porvenir, Ocotlán, Jalisco, CP. 47882",20.34383306027292,-102.7654942447549,Validada,Anuario Estadístico 2025,
U_ISSSTE_380,JCIST000861,014-206-06,Subrogada,En Operación,Consultorio de Atención Familiar Zapotlanejo,CAF Zapotlanejo,Zapotlanejo,Consultorio de Atención Familiar,CAF,Primer Nivel,No Aplica,ISSSTE,Jalisco,Zapotlanejo,Jalisco,Calle,Morelos,256,,Colonia,Santa Cecilia,45430,"Calle Morelos 256, Colonia Santa Cecilia, Zapotlanejo, Jalisco, CP. 45430",20.623587551594156,-103.06173569386462,Validada,Anuario Estadístico 2025,
U_ISSSTE_381,JCIST000190,014-206-07,Subrogada,En Operación,Consultorio de Atención Familiar Atotonilco el Alto,CAF Atotonilco el Alto,Atotonilco el Alto,Consultorio de Atención Familiar,CAF,Primer Nivel,No Aplica,ISSSTE,Jalisco,Atotonilco el Alto,Jalisco,Calle,Francisco I. Madero,95,,Colonia,Centro,47750,"Calle Francisco I. Madero 95, Colonia Centro, Atotonilco el Alto, Jalisco, CP. 47750",20.549676693306758,-102.50669067748987,Validada,Anuario Estadístico 2025,
U_ISSSTE_382,JCIST000115,014-206-08,Propia,En Operación,Unidad de Medicina Familiar Tepatitlán de Morelos,UMF Tepatitlán de Morelos,Tepatitlán de Morelos,Unidad de Medicina Familiar,UMF,Primer Nivel,No Aplica,ISSSTE,Jalisco,Tepatitlán de Morelos,Jalisco,Privada,Manuel Altamirano,398,,Colonia,El Pipón,47650,"Privada Manuel Altamirano 398, Colonia El Pipón, Tepatitlán de Morelos, Jalisco, CP. 47650",20.809038263337374,-102.76582005139821,Validada,Anuario Estadístico 2025,
U_ISSSTE_383,JCIST000622,014-206-09,Subrogada,En Operación,Consultorio de Atención Familiar El Salto,CAF El Salto,El Salto,Consultorio de Atención Familiar,CAF,Primer Nivel,No Aplica,ISSSTE,Jalisco,El Salto,Jalisco,Calle,Pino Suárez,37,,Colonia,Centro,45680,"Calle Pino Suárez 37, Colonia Centro, El Salto, Jalisco, CP. 45680",20.51935649265392,-103.17911346803982,Solicitar Validación,Anuario Estadístico 2025,Se menciona en las capturas que la clínica cambio de dirección
U_ISSSTE_384,JCIST000750,014-206-11,Propia,En Operación,Unidad de Medicina Familiar San Martín de las Flores,UMF San Martín de las Flores,San Martín de las Flores,Unidad de Medicina Familiar,UMF,Primer Nivel,No Aplica,ISSSTE,Jalisco,San Pedro Tlaquepaque,Jalisco,Calle,Matamoros,23,,Colonia,San Martín de las Flores,45620,"Calle Matamoros 23, Colonia San Martín de las Flores, San Pedro Tlaquepaque, Jalisco, CP. 45620",20.59874658665193,-103.28221584821557,Validada,Anuario Estadístico 2025,
U_ISSSTE_385,JCIST000733,014-206-12,Subrogada,En Operación,Consultorio de Atención Familiar Tizapán el Alto,CAF Tizapán el Alto,Tizapán el Alto,Consultorio de Atención Familiar,CAF,Primer Nivel,No Aplica,ISSSTE,Jalisco,Tizapán el Alto,Jalisco,Calle,Eugenio Pérez,15,,Colonia,Centro,49400,"Calle Eugenio Pérez 15, Colonia Centro, Tizapán el Alto, Jalisco, CP. 49400",20.160298619308996,-103.04488055031214,Validada,Anuario Estadístico 2025,
U_ISSSTE_386,JCIST000173,014-206-13,Subrogada,En Operación,Consultorio de Atención Familiar Arandas,CAF Arandas,Arandas,Consultorio de Atención Familiar,CAF,Primer Nivel,No Aplica,ISSSTE,Jalisco,Arandas,Jalisco,Calle,Francisco I. Madero,76,,Colonia,Centro,47180,"Calle Francisco I. Madero 76, Colonia Centro, Arandas, Jalisco, CP. 47180",20.705372100848358,-102.34410343641792,Validada,Anuario Estadístico 2025,
U_ISSSTE_387,JCIST000202,014-206-14,Subrogada,En Operación,Consultorio de Atención Familiar Ayotlán,CAF Ayotlán,Ayotlán,Consultorio de Atención Familiar,CAF,Primer Nivel,No Aplica,ISSSTE,Jalisco,Ayotlán,Jalisco,Calle,Zaragoza,9,,Colonia,Guadalupano,47930,"Calle Zaragoza 9, Colonia Guadalupano, Ayotlán, Jalisco, CP. 47930",20.529344019765926,-102.32760910298595,Solicitar Validación,Anuario Estadístico 2025,"Las coordenadas concuerdan con años pasados, pero actualmente es ambiguo"
U_ISSSTE_388,JCIST000400,014-206-15,Convenio,En Operación,Consultorio Médico en Centro de Trabajo SNTE (Guadalajara),CMCT SNTE (Guadalajara),SNTE (Guadalajara),Consultorio Médico en Centro de Trabajo,CMCT,Primer Nivel,No Aplica,ISSSTE,Jalisco,Guadalajara,Jalisco,Calle,Francisco Sarabia (Setenta y Cuatro),240,,Colonia,La Penal,44730,"Calle Francisco Sarabia (Setenta y Cuatro) 240, Colonia La Penal, Guadalajara, Jalisco, CP. 44730",20.66812940526211,-103.30562314168351,Validada,Anuario Estadístico 2025,
U_ISSSTE_389,JCIST000593,014-206-17,Subrogada,En Operación,Consultorio de Atención Familiar Poncitlán,CAF Poncitlán,Poncitlán,Consultorio de Atención Familiar,CAF,Primer Nivel,No Aplica,ISSSTE,Jalisco,Poncitlán,Jalisco,Calle,Benito Juárez,90,,Colonia,Centro,45950,"Calle Benito Juárez 90, Colonia Centro, Poncitlán, Jalisco, CP. 45950",20.383929333998346,-102.92744739724027,Validada,Anuario Estadístico 2025,
U_ISSSTE_390,JCIST000482,014-206-18,Subrogada,En Operación,Consultorio de Atención Familiar Jesús María,CAF Jesús María,Jesús María,Consultorio de Atención Familiar,CAF,Primer Nivel,No Aplica,ISSSTE,Jalisco,Jesús María,Jalisco,Calle,Aldama,129,,Colonia,Centro,47950,"Calle Aldama 129, Colonia Centro, Jesús María, Jalisco, CP. 47950",20.607480664744696,-102.22289084403687,Validada,Anuario Estadístico 2025,
U_ISSSTE_391,JCIST000832,014-206-19,Propia,En Operación,Unidad de Medicina Familiar Yahualica de González Gallo,UMF Yahualica de González Gallo,Yahualica de González Gallo,Unidad de Medicina Familiar,UMF,Primer Nivel,No Aplica,ISSSTE,Jalisco,Yahualica de González Gallo,Jalisco,Calle,Cardenal,S/N,,Colonia,Cruz de Zacate,47300,"Calle Cardenal S/N, Colonia Cruz de Zacate, Yahualica de González Gallo, Jalisco, CP. 47300",21.18643683854254,-102.88273577359034,Validada,Anuario Estadístico 2025,
U_ISSSTE_392,JCIST000745,014-206-21,Convenio,En Operación,Consultorio Médico en Centro de Trabajo SAGARPA (El Álamo),CMCT SAGARPA (El Álamo),SAGARPA (El Álamo),Consultorio Médico en Centro de Trabajo,CMCT,Primer Nivel,No Aplica,ISSSTE,Jalisco,San Pedro Tlaquepaque,Jalisco,Avenida,Niños Héroes,655,,Colonia,El Álamo,45560,"Avenida Niños Héroes 655, Colonia El Álamo, San Pedro Tlaquepaque, Jalisco, CP. 45560",20.62620325259108,-103.32051731998436,Validada,Anuario Estadístico 2025,
U_ISSSTE_393,JCIST000313,014-206-23,Subrogada,En Operación,Consultorio de Atención Familiar Degollado,CAF Degollado,Degollado,Consultorio de Atención Familiar,CAF,Primer Nivel,No Aplica,ISSSTE,Jalisco,Degollado,Jalisco,Calle,Álvaro Obregón,124,,Colonia,Centro,47980,"Calle Álvaro Obregón 124, Colonia Centro, Degollado, Jalisco, CP. 47980",20.4463869717595,-102.13672408205957,Validada,Anuario Estadístico 2025,
U_ISSSTE_394,JCIST000424,014-206-27,Convenio,En Operación,Consultorio de Atención Familiar UHF. Unidad Modelo,CAF UHF. Unidad Modelo,UHF. Unidad Modelo,Consultorio de Atención Familiar,CAF,Primer Nivel,No Aplica,ISSSTE,Jalisco,Guadalajara,Jalisco,Boulevard,Gral. Marcelino García Barragán,1212,,Colonia,Olímpica,44430,"Boulevard Gral. Marcelino García Barragán 1212, Colonia Olímpica, Guadalajara, Jalisco, CP. 44430",20.659840316646207,-103.33049222630079,Validada,Anuario Estadístico 2025,
U_ISSSTE_395,JCIST000506,014-207-00,Propia,En Operación,Clínica de Medicina Familiar Lagos de Moreno,CMF Lagos de Moreno,Lagos de Moreno,Clínica de Medicina Familiar,CMF,Primer Nivel,No Aplica,ISSSTE,Jalisco,Lagos de Moreno,Jalisco,Avenida,Jalisco,S/N,,Colonia,La Adelita,47410,"Avenida Jalisco S/N, Colonia La Adelita, Lagos de Moreno, Jalisco, CP. 47410",21.374367629810138,-101.92856143804487,Validada,Anuario Estadístico 2025,
U_ISSSTE_396,JCIST000325,014-207-01,Subrogada,En Operación,Consultorio de Atención Familiar Encarnación de Díaz,CAF Encarnación de Díaz,Encarnación de Díaz,Consultorio de Atención Familiar,CAF,Primer Nivel,No Aplica,ISSSTE,Jalisco,Encarnación de Díaz,Jalisco,Privada,del Sol,1,,Colonia,El Rosario,47270,"Privada del Sol 1, Colonia El Rosario, Encarnación de Díaz, Jalisco, CP. 47270",21.523803306947745,-102.24013583728023,Solicitar Validación,Anuario Estadístico 2025,Las coordenadas difieren con la dirección del Clues
U_ISSSTE_397,JCIST000470,014-207-02,Subrogada,En Operación,Consultorio de Atención Familiar Jalostotitlán,CAF Jalostotitlán,Jalostotitlán,Consultorio de Atención Familiar,CAF,Primer Nivel,No Aplica,ISSSTE,Jalisco,Jalostotitlán,Jalisco,Calle,Ramón Corona,129,,Colonia,Huachilisco,47120,"Calle Ramón Corona 129, Colonia Huachilisco, Jalostotitlán, Jalisco, CP. 47120",21.173920011287137,-102.46543684630255,Solicitar Validación,Anuario Estadístico 2025,Las coordenadas envían a Cruz Roja
U_ISSSTE_398,JCIST000576,014-207-03,Subrogada,En Operación,Consultorio de Atención Familiar Ojuelos de Jalisco,CAF Ojuelos de Jalisco,Ojuelos de Jalisco,Consultorio de Atención Familiar,CAF,Primer Nivel,No Aplica,ISSSTE,Jalisco,Ojuelos de Jalisco,Jalisco,Calle,Allende,30,,Colonia,Centro,47540,"Calle Allende 30, Colonia Centro, Ojuelos de Jalisco, Jalisco, CP. 47540",21.862141988746636,-101.59109362107523,Validada,Anuario Estadístico 2025,
U_ISSSTE_399,JCIST000634,014-207-04,Subrogada,En Operación,Consultorio de Atención Familiar San Juan de los Lagos,CAF San Juan de los Lagos,San Juan de los Lagos,Consultorio de Atención Familiar,CAF,Primer Nivel,No Aplica,ISSSTE,Jalisco,San Juan de los Lagos,Jalisco,Calle,Agustín Yáñez,132,,Colonia,La Martinica,47020,"Calle Agustín Yáñez 132, Colonia La Martinica, San Juan de los Lagos, Jalisco, CP. 47020",21.25241637382924,-102.33489058582093,Validada,Anuario Estadístico 2025,
U_ISSSTE_400,JCIST000663,014-207-05,Propia,En Operación,Unidad de Medicina Familiar San Miguel el Alto,UMF San Miguel el Alto,San Miguel el Alto,Unidad de Medicina Familiar,UMF,Primer Nivel,No Aplica,ISSSTE,Jalisco,San Miguel el Alto,Jalisco,Calle,Román Pérez Pérez,S/N,,Colonia,La Tinajita,47147,"Calle Román Pérez Pérez S/N, Colonia La Tinajita, San Miguel el Alto, Jalisco, CP. 47147",21.02903057193323,-102.4152281869813,Validada,Anuario Estadístico 2025,
U_ISSSTE_401,JCIST000103,014-207-06,Propia,En Operación,Unidad de Medicina Familiar Teocaltiche,UMF Teocaltiche,Teocaltiche,Unidad de Medicina Familiar,UMF,Primer Nivel,No Aplica,ISSSTE,Jalisco,Teocaltiche,Jalisco,Calle,Jazmín,24,,Colonia,Maravillas,47204,"Calle Jazmín 24, Colonia Maravillas, Teocaltiche, Jalisco, CP. 47204",21.424477106898642,-102.57265873661343,Validada,Anuario Estadístico 2025,
U_ISSSTE_402,JCIST000646,014-207-07,Subrogada,En Operación,Consultorio de Atención Familiar San Julián,CAF San Julián,San Julián,Consultorio de Atención Familiar,CAF,Primer Nivel,No Aplica,ISSSTE,Jalisco,San Julián,Jalisco,Calle,Zaragoza Oriente,690,,Colonia,Centro,47170,"Calle Zaragoza Oriente 690, Colonia Centro, San Julián, Jalisco, CP. 47170",21.008101394937274,-102.17520486021219,Validada,Anuario Estadístico 2025,
U_ISSSTE_403,JCIST000045,014-208-00,Propia,En Operación,Clínica Hospital Cd. Guzmán,CH Cd. Guzmán,Cd. Guzmán,Clínica Hospital,CH,Segundo Nivel,Primer Nivel,ISSSTE,Jalisco,Zapotlán El Grande,Jalisco,Avenida,Venustiano Carranza,61,,Colonia,Francisco I. Madero,49095,"Avenida Venustiano Carranza 61, Colonia Francisco I. Madero, Zapotlán El Grande, Jalisco, CP. 49095",19.68504967797795,-103.46802156755747,Validada,Anuario Estadístico 2025,
U_ISSSTE_404,JCIST000791,014-208-01,Propia,En Operación,Unidad de Medicina Familiar Tuxpan,UMF Tuxpan,Tuxpan,Unidad de Medicina Familiar,UMF,Primer Nivel,No Aplica,ISSSTE,Jalisco,Tuxpan,Jalisco,Calle,Gral. José Figueroa Cortés,114,,Colonia,Tierras Blancas,49804,"Calle Gral. José Figueroa Cortés 114, Colonia Tierras Blancas, Tuxpan, Jalisco, CP. 49804",19.549585105187706,-103.38890236506272,Validada,Anuario Estadístico 2025,
U_ISSSTE_405,JCIST000721,014-208-02,Subrogada,En Operación,Consultorio de Atención Familiar Tecalitlán,CAF Tecalitlán,Tecalitlán,Consultorio de Atención Familiar,CAF,Primer Nivel,No Aplica,ISSSTE,Jalisco,Tecalitlán,Jalisco,Calle,Miguel Hidalgo,128,,Colonia,Tercera Orden,49900,"Calle Miguel Hidalgo 128, Colonia Tercera Orden, Tecalitlán, Jalisco, CP. 49900",19.46920590215876,-103.30428076644966,Validada,Anuario Estadístico 2025,
U_ISSSTE_406,JCIST000704,014-208-03,Subrogada,En Operación,Consultorio de Atención Familiar Tamazula de Gordiano,CAF Tamazula de Gordiano,Tamazula de Gordiano,Consultorio de Atención Familiar,CAF,Primer Nivel,No Aplica,ISSSTE,Jalisco,Tamazula de Gordiano,Jalisco,Calle,Gordiano Guzmán,76,,Colonia,San José del Platanar,49650,"Calle Gordiano Guzmán 76, Colonia San José del Platanar, Tamazula de Gordiano, Jalisco, CP. 49650",19.675786319255966,-103.25207313041619,Validada,Anuario Estadístico 2025,
U_ISSSTE_407,JCIST000535,014-208-04,Rentada,En Operación,Consultorio de Atención Familiar Mazamitla,CAF Mazamitla,Mazamitla,Consultorio de Atención Familiar,CAF,Primer Nivel,No Aplica,ISSSTE,Jalisco,Mazamitla,Jalisco,Calle,Francisco I. Madero,31,,Colonia,Las Charandas,49500,"Calle Francisco I. Madero 31, Colonia Las Charandas, Mazamitla, Jalisco, CP. 49500",19.913543621041402,-103.01979438528559,Solicitar Validación,Anuario Estadístico 2025,"La dirección concuerda con fechas pasadas, pero actualmente es ambiguo"
U_ISSSTE_408,JCIST000716,014-208-05,Subrogada,En Operación,Consultorio de Atención Familiar Tapalpa,CAF Tapalpa,Tapalpa,Consultorio de Atención Familiar,CAF,Primer Nivel,No Aplica,ISSSTE,Jalisco,Tapalpa,Jalisco,Calle,Reforma,150,,Colonia,El Fresnito,49340,"Calle Reforma 150, Colonia El Fresnito, Tapalpa, Jalisco, CP. 49340",19.94439570643227,-103.75429734905443,Validada,Anuario Estadístico 2025,
U_ISSSTE_409,JCIST000675,014-208-08,Subrogada,En Operación,Consultorio de Atención Familiar Sayula,CAF Sayula,Sayula,Consultorio de Atención Familiar,CAF,Primer Nivel,No Aplica,ISSSTE,Jalisco,Sayula,Jalisco,Calle,Francisco Ruvalcaba,40,,Colonia,Centro,49300,"Calle Francisco Ruvalcaba 40, Colonia Centro, Sayula, Jalisco, CP. 49300",19.88062169410521,-103.58894725090518,Validada,Anuario Estadístico 2025,
U_ISSSTE_410,JCIST000815,014-208-09,Subrogada,En Operación,Consultorio de Atención Familiar San Gabriel,CAF San Gabriel,San Gabriel,Consultorio de Atención Familiar,CAF,Primer Nivel,No Aplica,ISSSTE,Jalisco,San Gabriel,Jalisco,Calle,Independencia,8,,Barrio,del Puente Nuevo,49700,"Calle Independencia 8, Barrio del Puente Nuevo, San Gabriel, Jalisco, CP. 49700",19.7466749247014,-103.76881042969575,Validada,Anuario Estadístico 2025,
U_ISSSTE_411,JCIST000021,014-209-00,Propia,En Operación,Clínica de Medicina Familiar Autlán de Navarro,CMF Autlán de Navarro,Autlán de Navarro,Clínica de Medicina Familiar,CMF,Primer Nivel,No Aplica,ISSSTE,Jalisco,Autlán de Navarro,Jalisco,Calle,Domingo Pérez,117,,Colonia,Las Ceibas,48904,"Calle Domingo Pérez 117, Colonia Las Ceibas, Autlán de Navarro, Jalisco, CP. 48904",19.76823433176934,-104.38088712573453,Validada,Anuario Estadístico 2025,
U_ISSSTE_412,JCIST000214,014-209-01,Subrogada,En Operación,Consultorio de Atención Familiar Ayutla,CAF Ayutla,Ayutla,Consultorio de Atención Familiar,CAF,Primer Nivel,No Aplica,ISSSTE,Jalisco,Ayutla,Jalisco,Calle,Guadalupe Victoria,28-A,,Colonia,Centro,48050,"Calle Guadalupe Victoria 28-A, Colonia Centro, Ayutla, Jalisco, CP. 48050",20.13023111440359,-104.34434284913371,Solicitar Validación,Anuario Estadístico 2025,Google Maps no está disponible en la zona
U_ISSSTE_413,JCIST000062,014-209-02,Propia,En Operación,Unidad de Medicina Familiar El Grullo,UMF El Grullo,El Grullo,Unidad de Medicina Familiar,UMF,Primer Nivel,No Aplica,ISSSTE,Jalisco,El Grullo,Jalisco,Calle,Juan Valdivia,283,,Colonia,del Sur,48743,"Calle Juan Valdivia 283, Colonia del Sur, El Grullo, Jalisco, CP. 48743",19.799078703426165,-104.21500844950012,Validada,Anuario Estadístico 2025,
U_ISSSTE_414,JCIST000453,014-209-03,Propia,En Operación,Unidad de Medicina Familiar La Huerta,UMF La Huerta,La Huerta,Unidad de Medicina Familiar,UMF,Primer Nivel,No Aplica,ISSSTE,Jalisco,La Huerta,Jalisco,Calle,Josefa Ortíz de Domínguez,10,,Colonia,La Huerta,48850,"Calle Josefa Ortíz de Domínguez 10, Colonia La Huerta, La Huerta, Jalisco, CP. 48850",19.481852338888068,-104.64609681490317,Validada,Anuario Estadístico 2025,
U_ISSSTE_415,JCIST000925,014-209-04,Propia,En Operación,Unidad de Medicina Familiar Unión de Tula,UMF Unión de Tula,Unión de Tula,Unidad de Medicina Familiar,UMF,Primer Nivel,No Aplica,ISSSTE,Jalisco,Unión de Tula,Jalisco,Calle,Italia,S/N,,Colonia,La Martinica,48000,"Calle Italia S/N, Colonia La Martinica, Unión de Tula, Jalisco, CP. 48000",19.952012807172768,-104.25730898376311,Validada,Anuario Estadístico 2025,
U_ISSSTE_416,JCIST000255,014-209-07,Subrogada,En Operación,Consultorio de Atención Familiar Cihuatlán,CAF Cihuatlán,Cihuatlán,Consultorio de Atención Familiar,CAF,Primer Nivel,No Aplica,ISSSTE,Jalisco,Cihuatlán,Jalisco,Calle,Profa. Francisca Chávez Cortés,127,,Localidad,Cihuatlán,48970,"Calle Profa. Francisca Chávez Cortés 127, Localidad Cihuatlán, Cihuatlán, Jalisco, CP. 48970",19.239627426833938,-104.5633876111999,Validada,Anuario Estadístico 2025,
U_ISSSTE_417,JCIST000610,014-209-12,Subrogada,En Operación,Consultorio de Atención Familiar Villa Purificación,CAF Villa Purificación,Villa Purificación,Consultorio de Atención Familiar,CAF,Primer Nivel,No Aplica,ISSSTE,Jalisco,Villa Purificación,Jalisco,Calle,Hidalgo,362,,Colonia,Centro,48800,"Calle Hidalgo 362, Colonia Centro, Villa Purificación, Jalisco, CP. 48800",19.71893196086448,-104.61068226595613,Validada,Anuario Estadístico 2025,
U_ISSSTE_418,JCIST000260,014-209-13,Subrogada,En Operación,Consultorio de Atención Familiar San Patricio Melaque,CAF San Patricio Melaque,San Patricio Melaque,Consultorio de Atención Familiar,CAF,Primer Nivel,No Aplica,ISSSTE,Jalisco,Cihuatlán,Jalisco,Cerrada,Gordiano Guzmán,17,,Colonia,Centro,48980,"Cerrada Gordiano Guzmán 17, Colonia Centro, Cihuatlán, Jalisco, CP. 48980",19.22408345613144,-104.70416064210609,Solicitar Validación,Anuario Estadístico 2025,Inconsistencias entre CLUES y Google Maps
U_ISSSTE_419,JCIST000243,014-209-14,Subrogada,En Operación,Consultorio de Atención Familiar Casimiro Castillo,CAF Casimiro Castillo,Casimiro Castillo,Consultorio de Atención Familiar,CAF,Primer Nivel,No Aplica,ISSSTE,Jalisco,Casimiro Castillo,Jalisco,Calle,Luis Cabrera,216,,Colonia,Centro,48930,"Calle Luis Cabrera 216, Colonia Centro, Casimiro Castillo, Jalisco, CP. 48930",19.6100819480352,-104.43089058775902,Solicitar Validación,Anuario Estadístico 2025,Inconsistencias entre CLUES y Google Maps
U_ISSSTE_420,JCIST000284,014-209-15,Subrogada,En Operación,Consultorio de Atención Familiar Cuautitlán,CAF Cuautitlán,Cuautitlán,Consultorio de Atención Familiar,CAF,Primer Nivel,No Aplica,ISSSTE,Jalisco,Cuautitlán de García Barragán,Jalisco,Calle,Allende,34,,Colonia,Centro,48950,"Calle Allende 34, Colonia Centro, Cuautitlán de García Barragán, Jalisco, CP. 48950",19.44903743353625,-104.36099358275652,Solicitar Validación,Anuario Estadístico 2025,Inconsistencias entre CLUES y Google Maps
U_ISSSTE_421,JCIST000086,014-210-00,Propia,En Operación,Clínica Hospital Puerto Vallarta,CH Puerto Vallarta,Puerto Vallarta,Clínica Hospital,CH,Segundo Nivel,Primer Nivel,ISSSTE,Jalisco,Puerto Vallarta,Jalisco,Calle,Carlos Jongitud Barrios,100,,Colonia,FOVISSSTE,48313,"Calle Carlos Jongitud Barrios 100, Colonia FOVISSSTE, Puerto Vallarta, Jalisco, CP. 48313",20.646676427608618,-105.22056637784661,Validada,Anuario Estadístico 2025,
U_ISSSTE_422,JCIST000120,014-210-01,Propia,En Operación,Unidad de Medicina Familiar Tomatlán,UMF Tomatlán,Tomatlán,Unidad de Medicina Familiar,UMF,Primer Nivel,No Aplica,ISSSTE,Jalisco,Tomatlán,Jalisco,Calle,Revolución,150,,Colonia,Las Delicias,48450,"Calle Revolución 150, Colonia Las Delicias, Tomatlán, Jalisco, CP. 48450",19.93877703002658,-105.2506109446584,Validada,Anuario Estadístico 2025,
U_ISSSTE_423,JCIST000762,014-210-02,Convenio,En Operación,Consultorio de Atención Familiar Tomatlán Campamento SAGARPA,CAF Tomatlán Campamento SAGARPA,Tomatlán Campamento SAGARPA,Consultorio de Atención Familiar,CAF,Primer Nivel,No Aplica,ISSSTE,Jalisco,Tomatlán,Jalisco,Camino,a Barra de Navidad,Km. 100,,Zona Federal,Tomatlán,48450,"Camino a Barra de Navidad Km. 100, Zona Federal Tomatlán, Tomatlán, Jalisco, CP. 48450",19.971034606338968,-105.321812620266,Solicitar Validación,Anuario Estadístico 2025,Google Maps no está disponible en la zona
U_ISSSTE_424,JCIST000231,014-210-04,Subrogada,En Operación,Consultorio de Atención Familiar El Tuito,CAF El Tuito,El Tuito,Consultorio de Atención Familiar,CAF,Primer Nivel,No Aplica,ISSSTE,Jalisco,Cabo Corrientes,Jalisco,Calle,Primero de Abril,67,,Colonia,Centro,48400,"Calle Primero de Abril 67, Colonia Centro, Cabo Corrientes, Jalisco, CP. 48400",20.318950434464128,-105.32374993955183,Validada,Anuario Estadístico 2025,
U_ISSSTE_425,JCIST000692,014-210-05,Subrogada,En Operación,Consultorio de Atención Familiar Talpa de Allende,CAF Talpa de Allende,Talpa de Allende,Consultorio de Atención Familiar,CAF,Primer Nivel,No Aplica,ISSSTE,Jalisco,Talpa de Allende,Jalisco,Calle,López Cotilla,13,,Colonia,Centro,48200,"Calle López Cotilla 13, Colonia Centro, Talpa de Allende, Jalisco, CP. 48200",20.382157347994497,-104.82416517993711,Validada,Anuario Estadístico 2025,
U_ISSSTE_426,JCIST000523,014-210-06,Propia,En Operación,Unidad de Medicina Familiar Mascota,UMF Mascota,Mascota,Unidad de Medicina Familiar,UMF,Primer Nivel,No Aplica,ISSSTE,Jalisco,Mascota,Jalisco,Calle,Leona Vicario,25,,Colonia,Villas del Molino,46900,"Calle Leona Vicario 25, Colonia Villas del Molino, Mascota, Jalisco, CP. 46900",20.529373313068913,-104.79757282952575,Validada,Anuario Estadístico 2025,
U_ISSSTE_427,JCIST000873,014-213-00,Propia,En Operación,Clínica de Especialidades con Quírofano Guadalajara,CEQ Guadalajara,Guadalajara,Clínica de Especialidades con Quírofano,CEQ,Segundo Nivel,No Aplica,ISSSTE,Jalisco,Guadalajara,Jalisco,Calle,San Félix,27,,Colonia,FOVISSSTE Estadio,44220,"Calle San Félix 27, Colonia FOVISSSTE Estadio, Guadalajara, Jalisco, CP. 44220",20.7104431392554,-103.323628028001,Validada,Anuario Estadístico 2025,
U_ISSSTE_428,PENDIENTE,014-219-00,Propia,En Operación,"Hospital General Dr. Valentín Gómez Farías, Zapopan","HG Dr. Valentín Gómez Farías, Zapopan","Dr. Valentín Gómez Farías, Zapopan",Hospital General,HG,Segundo Nivel,No Aplica,ISSSTE,Jalisco,Zapopan,Jalisco,Avenida,Soledad Orozco,203,,Colonia,El Capullo,45100,"Avenida Soledad Orozco 203, Colonia El Capullo, Zapopan, Jalisco, CP. 45100",20.718563004923553,-103.38708934686586,Validada,Anuario Estadístico 2025,
U_ISSSTE_429,MCIST000215,015-204-00,Propia,En Operación,Hospital General Toluca,HG Toluca,Toluca,Hospital General,HG,Segundo Nivel,No Aplica,ISSSTE,México,Toluca,México,Calle,Daniel Espinoza,S/N,,Colonia,Jesús Jiménez Gallardo,52167,"Calle Daniel Espinoza S/N, Colonia Jesús Jiménez Gallardo, Toluca, México, CP. 52167",19.256966492879286,-99.63587175579028,Validada,Anuario Estadístico 2025,
U_ISSSTE_430,MCIST000075,015-205-00,Propia,En Operación,Clínica de Medicina Familiar Ecatepec de Morelos,CMF Ecatepec de Morelos,Ecatepec de Morelos,Clínica de Medicina Familiar,CMF,Primer Nivel,No Aplica,ISSSTE,México,Ecatepec de Morelos,México,Calle,Isabel La Católica Poniente,60,,Colonia,San Cristóbal Centro,55000,"Calle Isabel La Católica Poniente 60, Colonia San Cristóbal Centro, Ecatepec de Morelos, México, CP. 55000",19.601734492704484,-99.05108396135782,Validada,Anuario Estadístico 2025,
U_ISSSTE_431,MCIST000174,015-205-01,Propia,En Operación,Unidad de Medicina Familiar San Juan Teotihuacán,UMF San Juan Teotihuacán,San Juan Teotihuacán,Unidad de Medicina Familiar,UMF,Primer Nivel,No Aplica,ISSSTE,México,Teotihuacán,México,Calle,Quetzalcóatl,74P,,Colonia,Villas de Teotihuacán,55816,"Calle Quetzalcóatl 74P, Colonia Villas de Teotihuacán, Teotihuacán, México, CP. 55816",19.6888864492072,-98.87536074534819,Validada,Anuario Estadístico 2025,
U_ISSSTE_432,MCIST000220,015-205-02,Propia,En Operación,Unidad de Medicina Familiar Zumpango de Ocampo,UMF Zumpango de Ocampo,Zumpango de Ocampo,Unidad de Medicina Familiar,UMF,Primer Nivel,No Aplica,ISSSTE,México,Zumpango,México,Calle,Hermenegildo Galeana,61,,Barrio,Santa María,55600,"Calle Hermenegildo Galeana 61, Barrio Santa María, Zumpango, México, CP. 55600",19.793212377361293,-99.10012354597794,Validada,Anuario Estadístico 2025,
U_ISSSTE_433,MCIST000010,015-205-03,En Proceso de Regularización,En Operación,Unidad de Medicina Familiar Tepexpan,UMF Tepexpan,Tepexpan,Unidad de Medicina Familiar,UMF,Primer Nivel,No Aplica,ISSSTE,México,Acolman,México,Callejón,Artesanos,3,,Colonia,Centro,55885,"Callejón Artesanos 3, Colonia Centro, Acolman, México, CP. 55885",19.612043508408053,-98.93561118879849,Validada,Anuario Estadístico 2025,
U_ISSSTE_434,MCIST000396,015-205-04,Convenio,En Operación,Consultorio de Atención Familiar UH. FOVISSSTE Ecatepec de Morelos,CAF UH. FOVISSSTE Ecatepec de Morelos,UH. FOVISSSTE Ecatepec de Morelos,Consultorio de Atención Familiar,CAF,Primer Nivel,No Aplica,ISSSTE,México,Ecatepec de Morelos,México,Calle,Casa del Trabajador,16,,Unidad Habitacional,José María Morelos y Pavón,55018,"Calle Casa del Trabajador 16, Unidad Habitacional José María Morelos y Pavón, Ecatepec de Morelos, México, CP. 55018",19.61547448725648,-99.07522614702492,Solicitar Validación,Anuario Estadístico 2025,Las coordenadas envían a la entrada de la UH. Se requiere solicitar las coordenadas exactas
U_ISSSTE_435,MCIST000116,015-206-00,Propia,En Operación,Clínica de Medicina Familiar Valle de Aragón,CMF Valle de Aragón,Valle de Aragón,Clínica de Medicina Familiar,CMF,Primer Nivel,No Aplica,ISSSTE,México,Nezahualcóyotl,México,Avenida,Valle del Yukon,S/N,,Colonia,Valle de Aragón 1ra Sección,57100,"Avenida Valle del Yukon S/N, Colonia Valle de Aragón 1ra Sección, Nezahualcóyotl, México, CP. 57100",19.492420384800752,-99.06328547359107,Validada,Anuario Estadístico 2025,
U_ISSSTE_436,MCIST000355,015-207-00,Rentada,En Operación,Clínica de Medicina Familiar Satélite Naucalpan,CMF Satélite Naucalpan,Satélite Naucalpan,Clínica de Medicina Familiar,CMF,Primer Nivel,No Aplica,ISSSTE,México,Naucalpan de Juárez,México,Avenida,Lomas Verdes,1,,Fraccionamiento,Los Álamos,53250,"Avenida Lomas Verdes 1, Fraccionamiento Los Álamos, Naucalpan de Juárez, México, CP. 53250",19.49877940511448,-99.25067185159975,Validada,Anuario Estadístico 2025,
U_ISSSTE_437,MCIST000203,015-208-00,Propia,En Operación,Clínica de Medicina Familiar Tlalnepantla,CMF Tlalnepantla,Tlalnepantla,Clínica de Medicina Familiar,CMF,Primer Nivel,No Aplica,ISSSTE,México,Tlalnepantla de Baz,México,Avenida,Chilpancingo,S/N,,Colonia,Ceylan,54150,"Avenida Chilpancingo S/N, Colonia Ceylan, Tlalnepantla de Baz, México, CP. 54150",19.533952306512443,-99.17585305828511,Validada,Anuario Estadístico 2025,
U_ISSSTE_438,MCIST000186,015-210-00,Propia,En Operación,Clínica de Medicina Familiar Texcoco de Mora,CMF Texcoco de Mora,Texcoco de Mora,Clínica de Medicina Familiar,CMF,Primer Nivel,No Aplica,ISSSTE,México,Texcoco,México,Calle,Silverio Pérez,S/N,,Colonia,San Pedro,56100,"Calle Silverio Pérez S/N, Colonia San Pedro, Texcoco, México, CP. 56100",19.509739126139937,-98.88568801775327,Validada,Anuario Estadístico 2025,
U_ISSSTE_439,MCIST000022,015-210-01,Propia,En Operación,Unidad de Medicina Familiar Amecameca de Juárez,UMF Amecameca de Juárez,Amecameca de Juárez,Unidad de Medicina Familiar,UMF,Primer Nivel,No Aplica,ISSSTE,México,Amecameca,México,Calle,Cuahutémoc,S/N,,Colonia,Centro,56900,"Calle Cuahutémoc S/N, Colonia Centro, Amecameca, México, CP. 56900",19.12559406445271,-98.77119333791498,Validada,Anuario Estadístico 2025,
U_ISSSTE_440,MCIST000051,015-210-02,Propia,En Operación,Unidad de Medicina Familiar Chalco de Díaz Covarrubias,UMF Chalco de Díaz Covarrubias,Chalco de Díaz Covarrubias,Unidad de Medicina Familiar,UMF,Primer Nivel,No Aplica,ISSSTE,México,Chalco,México,Calle,5 de Febrero,S/N,,Colonia,La Bomba,56600,"Calle 5 de Febrero S/N, Colonia La Bomba, Chalco, México, CP. 56600",19.26864315147898,-98.88983034874867,Validada,Anuario Estadístico 2025,
U_ISSSTE_441,MCIST000063,015-211-00,Propia,En Operación,Clínica de Medicina Familiar con Especialidades y Quirófano Xalostoc,CMFEQ Xalostoc,Xalostoc,Clínica de Medicina Familiar con Especialidades y Quirófano,CMFEQ,Segundo Nivel,Primer Nivel,ISSSTE,México,Ecatepec de Morelos,México,Via,Morelos,316,,Colonia,Jardines de Casa Nueva,55420,"Via Morelos 316, Colonia Jardines de Casa Nueva, Ecatepec de Morelos, México, CP. 55420",19.550862000402,-99.05175931619691,Validada,Anuario Estadístico 2025,
U_ISSSTE_442,MCIST000401,015-213-00,Propia,En Operación,Clínica de Medicina Familiar Nueva Oxtotitlán,CMF Nueva Oxtotitlán,Nueva Oxtotitlán,Clínica de Medicina Familiar,CMF,Primer Nivel,No Aplica,ISSSTE,México,Toluca,México,Calle,Laguna de Siete Colores,S/N,,Colonia,Miguel Hidalgo,50100,"Calle Laguna de Siete Colores S/N, Colonia Miguel Hidalgo, Toluca, México, CP. 50100",19.287279383731494,-99.69012193683105,Validada,Anuario Estadístico 2025,
U_ISSSTE_443,MCIST000034,015-213-02,Propia,En Operación,Unidad de Medicina Familiar Atlacomulco de Fabela,UMF Atlacomulco de Fabela,Atlacomulco de Fabela,Unidad de Medicina Familiar,UMF,Primer Nivel,No Aplica,ISSSTE,México,Atlacomulco,México,Calle,Ing. Luis Galindo Ruíz,S/N,,Colonia,FOVISSSTE,50450,"Calle Ing. Luis Galindo Ruíz S/N, Colonia FOVISSSTE, Atlacomulco, México, CP. 50450",19.789827023612087,-99.87457730603997,Validada,Anuario Estadístico 2025,
U_ISSSTE_444,MCIST000290,015-213-03,Subrogada,En Operación,Consultorio de Atención Familiar Ixtapan de la Sal,CAF Ixtapan de la Sal,Ixtapan de la Sal,Consultorio de Atención Familiar,CAF,Primer Nivel,No Aplica,ISSSTE,México,Ixtapan de la Sal,México,Calle,Valentina Ramírez,S/N,,Colonia,Ixtapita,51907,"Calle Valentina Ramírez S/N, Colonia Ixtapita, Ixtapan de la Sal, México, CP. 51907",18.842244615905017,-99.6828812090788,Validada,Anuario Estadístico 2025,
U_ISSSTE_445,MCIST000080,015-213-04,En Proceso de Regularización,En Operación,Unidad de Medicina Familiar Ixtlahuaca de Rayón,UMF Ixtlahuaca de Rayón,Ixtlahuaca de Rayón,Unidad de Medicina Familiar,UMF,Primer Nivel,No Aplica,ISSSTE,México,Ixtlahuaca,México,Calle,Valentín Gómez Farías,S/N,,Colonia,Centro,50740,"Calle Valentín Gómez Farías S/N, Colonia Centro, Ixtlahuaca, México, CP. 50740",19.5654625719607,-99.76364818771205,Validada,Anuario Estadístico 2025,
U_ISSSTE_446,MCIST000092,015-213-05,Propia,En Operación,Unidad de Medicina Familiar Jilotepec de Abasolo,UMF Jilotepec de Abasolo,Jilotepec de Abasolo,Unidad de Medicina Familiar,UMF,Primer Nivel,No Aplica,ISSSTE,México,Jilotepec,México,Privada,Lic. José Vasconcelos,S/N,,Colonia,La Merced,54240,"Privada Lic. José Vasconcelos S/N, Colonia La Merced, Jilotepec, México, CP. 54240",19.952043881657907,-99.54445053765126,Validada,Anuario Estadístico 2025,
U_ISSSTE_447,MCIST000162,015-213-06,Propia,En Operación,Unidad de Medicina Familiar Tenancingo de Degollado,UMF Tenancingo de Degollado,Tenancingo de Degollado,Unidad de Medicina Familiar,UMF,Primer Nivel,No Aplica,ISSSTE,México,Tenancingo,México,Calle,D,22,,Colonia,San Isidro,52400,"Calle D 22, Colonia San Isidro, Tenancingo, México, CP. 52400",18.955809472799068,-99.59234507553667,Validada,Anuario Estadístico 2025,
U_ISSSTE_448,MCIST000133,015-213-08,Propia,En Operación,Unidad de Medicina Familiar Polotitlán de Ilustración,UMF Polotitlán de Ilustración,Polotitlán de Ilustración,Unidad de Medicina Familiar,UMF,Primer Nivel,No Aplica,ISSSTE,México,Polotitlán,México,Andador,Matamoros,S/N,,Colonia,Centro,54200,"Andador Matamoros S/N, Colonia Centro, Polotitlán, México, CP. 54200",20.2234327685561,-99.81499139625545,Validada,Anuario Estadístico 2025,Google Maps no está disponible en la zona
U_ISSSTE_449,MCIST000145,015-213-09,Propia,En Operación,Unidad de Medicina Familiar San Felipe del Progreso,UMF San Felipe del Progreso,San Felipe del Progreso,Unidad de Medicina Familiar,UMF,Primer Nivel,No Aplica,ISSSTE,México,San Felipe del Progreso,México,Calle,Don Gervacio Contreras Gasca,4,,Colonia,El Salto,50640,"Calle Don Gervacio Contreras Gasca 4, Colonia El Salto, San Felipe del Progreso, México, CP. 50640",19.714059049982215,-99.9564742919559,Validada,Anuario Estadístico 2025,
U_ISSSTE_450,MCIST000191,015-213-10,Propia,En Operación,Unidad de Medicina Familiar Santiago Tianguistengo,UMF Santiago Tianguistengo,Santiago Tianguistengo,Unidad de Medicina Familiar,UMF,Primer Nivel,No Aplica,ISSSTE,México,Tianguistenco,México,Avenida,Dr. Gustavo Baz,2,,Colonia,Los Cipreses,52600,"Avenida Dr. Gustavo Baz 2, Colonia Los Cipreses, Tianguistenco, México, CP. 52600",19.17327903706559,-99.46638319019453,Validada,Anuario Estadístico 2025,
U_ISSSTE_451,MCIST000273,015-213-11,Subrogada,En Operación,Consultorio de Atención Familiar San Pedro Limón,CAF San Pedro Limón,San Pedro Limón,Consultorio de Atención Familiar,CAF,Primer Nivel,No Aplica,ISSSTE,México,Tlatlaya,México,Calle,Guadalupe Victoria,S/N,,Pueblo,Tlatlaya,51585,"Calle Guadalupe Victoria S/N, Pueblo Tlatlaya, Tlatlaya, México, CP. 51585",18.582111046641593,-100.30660093976303,Solicitar Validación,Anuario Estadístico 2025,Las coordenadas envían a un lugar donde no es posible confirmar la presencia de una unidad
U_ISSSTE_452,MCIST000150,015-213-12,Propia,En Operación,Unidad de Medicina Familiar Tejupilco de Hidalgo,UMF Tejupilco de Hidalgo,Tejupilco de Hidalgo,Unidad de Medicina Familiar,UMF,Primer Nivel,No Aplica,ISSSTE,México,Tejupilco,México,Avenida,Benito Juárez,S/N,,Colonia,México,51412,"Avenida Benito Juárez S/N, Colonia México, Tejupilco, México, CP. 51412",18.897010177291666,-100.14793102801318,Validada,Anuario Estadístico 2025,
U_ISSSTE_453,MCIST000413,015-213-13,Subrogada,En Operación,Consultorio de Atención Familiar Texcaltitlán,CAF Texcaltitlán,Texcaltitlán,Consultorio de Atención Familiar,CAF,Primer Nivel,No Aplica,ISSSTE,México,Texcaltitlán,México,Calle,Ignacio Zaragoza,2,,Colonia,Centro,51860,"Calle Ignacio Zaragoza 2, Colonia Centro, Texcaltitlán, México, CP. 51860",18.865738591073292,-99.89675878761864,Validada,Anuario Estadístico 2025,
U_ISSSTE_454,MCIST000471,015-213-14,Convenio,En Operación,Consultorio de Atención Familiar Valle de Bravo,CAF Valle de Bravo,Valle de Bravo,Consultorio de Atención Familiar,CAF,Primer Nivel,No Aplica,ISSSTE,México,Donato Guerra,México,Carretera,Libre Monumento Valle de Bravo,S/N,,Ranchería,de San Martín Obispo,51050,"Carretera Libre Monumento Valle de Bravo S/N, Ranchería de San Martín Obispo, Donato Guerra, México, CP. 51050",19.326676765529175,-100.0886577224151,Solicitar Validación,Anuario Estadístico 2025,Las coordenadas envían a SNTE
U_ISSSTE_455,MCIST000104,015-213-16,Propia,En Operación,Unidad de Medicina Familiar Lerma de Villada (Villa Carmela),UMF Lerma de Villada (Villa Carmela),Lerma de Villada (Villa Carmela),Unidad de Medicina Familiar,UMF,Primer Nivel,No Aplica,ISSSTE,México,Lerma,México,Avenida,20 de Noviembre,S/N,,Colonia,Centro,52000,"Avenida 20 de Noviembre S/N, Colonia Centro, Lerma, México, CP. 52000",19.288443728876047,-99.51101816006319,Validada,Anuario Estadístico 2025,
U_ISSSTE_456,MCIST000256,015-213-17,Convenio,En Operación,Consultorio de Atención Familiar Villa Cuauhtémoc,CAF Villa Cuauhtémoc,Villa Cuauhtémoc,Consultorio de Atención Familiar,CAF,Primer Nivel,No Aplica,ISSSTE,México,Otzolotepec,México,Calle,Independencia,44,,Villa,Cuauhtémoc,52080,"Calle Independencia 44, Villa Cuauhtémoc, Otzolotepec, México, CP. 52080",19.420417757147526,-99.55971900152797,Validada,Anuario Estadístico 2025,
U_ISSSTE_457,MCIST000121,015-213-18,Propia,En Operación,Unidad de Medicina Familiar San Jerónimo Acazulco,UMF San Jerónimo Acazulco,San Jerónimo Acazulco,Unidad de Medicina Familiar,UMF,Primer Nivel,No Aplica,ISSSTE,México,Ocoyoacac,México,Calle,Insurgentes,S/N,,Colonia,Tepexoyuca,52723,"Calle Insurgentes S/N, Colonia Tepexoyuca, Ocoyoacac, México, CP. 52723",19.267386514258572,-99.41901843311618,Validada,Anuario Estadístico 2025,
U_ISSSTE_458,MCIST000046,015-213-19,Propia,En Operación,Unidad de Medicina Familiar Capulhuac de Mirafuentes,UMF Capulhuac de Mirafuentes,Capulhuac de Mirafuentes,Unidad de Medicina Familiar,UMF,Primer Nivel,No Aplica,ISSSTE,México,Capulhuac,México,Calle,Gral. Anaya,104,,Colonia,Centro,52700,"Calle Gral. Anaya 104, Colonia Centro, Capulhuac, México, CP. 52700",19.19657035659546,-99.46107451649253,Validada,Anuario Estadístico 2025,
U_ISSSTE_459,MCIST000244,015-213-20,Convenio,En Operación,Consultorio Médico en Centro de Trabajo SAGARPA (Zinacantepec),CMCT SAGARPA (Zinacantepec),SAGARPA (Zinacantepec),Consultorio Médico en Centro de Trabajo,CMCT,Primer Nivel,No Aplica,ISSSTE,México,Zinacantepec,México,Boulevard,Adolfo López Mateos,S/N,,Colonia,Linda Vista,51356,"Boulevard Adolfo López Mateos S/N, Colonia Linda Vista, Zinacantepec, México, CP. 51356",19.291555623542934,-99.71389179896022,Validada,Anuario Estadístico 2025,
U_ISSSTE_460,PENDIENTE,015-213-23,Rentada,En Operación,Consultorio Médico en Centro de Trabajo Delegación del ISSSTE en el Estado de México,CMCT Delegación del ISSSTE en el Estado de México,Delegación del ISSSTE en el Estado de México,Consultorio Médico en Centro de Trabajo,CMCT,Primer Nivel,No Aplica,ISSSTE,México,Toluca,México,Calle,Robert Fulton,1601,,Pueblo,Santa Ana Tlapaltitlán,50071,"Calle Robert Fulton 1601, Pueblo Santa Ana Tlapaltitlán, Toluca, México, CP. 50071",19.2922875635166,-99.6233731820377,Validada,Anuario Estadístico 2025,
U_ISSSTE_461,MCIST000454,015-213-24,Convenio,En Operación,Consultorio Médico en Centro de Trabajo Conalep,CMCT Conalep,Conalep,Consultorio Médico en Centro de Trabajo,CMCT,Primer Nivel,No Aplica,ISSSTE,México,Metepec,México,Calle,16 de Septiembre,147,,Colonia,Lázaro Cárdenas,52148,"Calle 16 de Septiembre 147, Colonia Lázaro Cárdenas, Metepec, México, CP. 52148",19.252969009946977,-99.56614978707047,Validada,Anuario Estadístico 2025,
U_ISSSTE_462,MCIST000384,015-214-00,Propia,En Operación,Clínica de Medicina Familiar Pantitlán,CMF Pantitlán,Pantitlán,Clínica de Medicina Familiar,CMF,Primer Nivel,No Aplica,ISSSTE,México,Nezahualcóyotl,México,Avenida,Bordo de Xochiaca,S/N,,Colonia,Benito Juárez,57000,"Avenida Bordo de Xochiaca S/N, Colonia Benito Juárez, Nezahualcóyotl, México, CP. 57000",19.42115903264583,-99.01399937290421,Validada,Anuario Estadístico 2025,
U_ISSSTE_463,MCIST000442,015-216-00,Propia,En Operación,Clínica de Medicina Familiar Cuautitlán Izcalli,CMF Cuautitlán Izcalli,Cuautitlán Izcalli,Clínica de Medicina Familiar,CMF,Primer Nivel,No Aplica,ISSSTE,México,Cuautitlán Izcalli,México,Calle,Central,5B,,Colonia,Santiago Tepalcapa,54743,"Calle Central 5B, Colonia Santiago Tepalcapa, Cuautitlán Izcalli, México, CP. 54743",19.636137974511577,-99.20430109078771,Validada,Anuario Estadístico 2025,
U_ISSSTE_464,MCIST000331,015-216-01,Subrogada,En Operación,Consultorio de Atención Familiar Cuautitlán de Romero Rubio,CAF Cuautitlán de Romero Rubio,Cuautitlán de Romero Rubio,Consultorio de Atención Familiar,CAF,Primer Nivel,No Aplica,ISSSTE,México,Cuautitlán,México,Avenida,del Rosal,36,,Colonia,El Paraíso,54800,"Avenida del Rosal 36, Colonia El Paraíso, Cuautitlán, México, CP. 54800",19.6625555594242,-99.17382966353031,Validada,Anuario Estadístico 2025,
U_ISSSTE_465,MCIST000326,015-216-02,Rentada,En Operación,Consultorio de Atención Familiar Villa Nicolás Romero,CAF Villa Nicolás Romero,Villa Nicolás Romero,Consultorio de Atención Familiar,CAF,Primer Nivel,No Aplica,ISSSTE,México,Nicolás Romero,México,Calle,Lago Alberto,33-37,,Colonia,Los Manantiales,54420,"Calle Lago Alberto 33-37, Colonia Los Manantiales, Nicolás Romero, México, CP. 54420",19.61689045407565,-99.31057643648036,Validada,Anuario Estadístico 2025,
U_ISSSTE_466,MCIST000483,015-219-00,En Proceso de Regularización,En Operación,Clínica de Medicina Familiar con Especialidades y Quirófano Héroes Tecámac,CMFEQ Héroes Tecámac,Héroes Tecámac,Clínica de Medicina Familiar con Especialidades y Quirófano,CMFEQ,Segundo Nivel,Primer Nivel,ISSSTE,México,Tecámac,México,Avenida,Mexiquense,841,,Conjunto Habitacional,Los Héroes Tecámac,55764,"Avenida Mexiquense 841, Conjunto Habitacional Los Héroes Tecámac, Tecámac, México, CP. 55764",19.6317651087787,-99.02332268432782,Validada,Anuario Estadístico 2025,
U_ISSSTE_467,MCIST000495,015-220-00,En Proceso de Regularización,En Operación,Clínica de Medicina Familiar con Especialidades y Quirófano Juana Belén Gutiérrez de Mendoza,CMFEQ Juana Belén Gutiérrez de Mendoza,Juana Belén Gutiérrez de Mendoza,Clínica de Medicina Familiar con Especialidades y Quirófano,CMFEQ,Segundo Nivel,Primer Nivel,ISSSTE,México,Tecámac,México,Avenida,Esmeralda,S/N,,Fraccionamiento,Social Progresivo Santo Tomás Chiconautla,55765,"Avenida Esmeralda S/N, Fraccionamiento Social Progresivo Santo Tomás Chiconautla, Tecámac, México, CP. 55765",19.65888838514486,-99.00183090489423,Validada,Anuario Estadístico 2025,
U_ISSSTE_468,MNIST000202,016-205-00,Propia,En Operación,Clínica Hospital Uruapan del Progreso,CH Uruapan del Progreso,Uruapan del Progreso,Clínica Hospital,CH,Segundo Nivel,Primer Nivel,ISSSTE,Michoacán,Uruapan,Michoacán,Calle,Estocolmo,688,,Fraccionamiento,FOVISSSTE,60160,"Calle Estocolmo 688, Fraccionamiento FOVISSSTE, Uruapan, Michoacán, CP. 60160",19.395681462362663,-102.04874990191067,Validada,Anuario Estadístico 2025,
U_ISSSTE_469,MNIST000366,016-205-02,Subrogada,En Operación,Consultorio de Atención Familiar Gabriel Zamora,CAF Gabriel Zamora,Gabriel Zamora,Consultorio de Atención Familiar,CAF,Primer Nivel,No Aplica,ISSSTE,Michoacán,Gabriel Zamora,Michoacán,Calle,20 de Noviembre,410,,Colonia,Gabriel Tepepa,62980,"Calle 20 de Noviembre 410, Colonia Gabriel Tepepa, Gabriel Zamora, Michoacán, CP. 62980",18.63777676468301,-99.16436772463159,Validada,Anuario Estadístico 2025,
U_ISSSTE_470,MNIST000552,016-205-05,Subrogada,En Operación,Consultorio de Atención Familiar Tingambato,CAF Tingambato,Tingambato,Consultorio de Atención Familiar,CAF,Primer Nivel,No Aplica,ISSSTE,Michoacán,Tingambato,Michoacán,Carretera,Pátzcuaro-Uruapan,S/N,,Barrio,Primero,60290,"Carretera Pátzcuaro-Uruapan S/N, Barrio Primero, Tingambato, Michoacán, CP. 60290",19.505419624727335,-101.85090965293385,Validada,Anuario Estadístico 2025,
U_ISSSTE_471,MNIST000330,016-205-06,Subrogada,En Operación,Consultorio de Atención Familiar Cherán,CAF Cherán,Cherán,Consultorio de Atención Familiar,CAF,Primer Nivel,No Aplica,ISSSTE,Michoacán,Cherán,Michoacán,Calle,Hidalgo Poniente,63,,Barrio,Segundo,60270,"Calle Hidalgo Poniente 63, Barrio Segundo, Cherán, Michoacán, CP. 60270",19.68614543132171,-101.95725526124117,Validada,Anuario Estadístico 2025,
U_ISSSTE_472,MNIST000441,016-205-07,Subrogada,En Operación,Consultorio de Atención Familiar Nahuatzen,CAF Nahuatzen,Nahuatzen,Consultorio de Atención Familiar,CAF,Primer Nivel,No Aplica,ISSSTE,Michoacán,Nahuatzen,Michoacán,Calle,Francisco I. Madero,99,,Barrio,Centro,60280,"Calle Francisco I. Madero 99, Barrio Centro, Nahuatzen, Michoacán, CP. 60280",19.656713512445158,-101.91693754909821,Solicitar Validación,Anuario Estadístico 2025,No fue posible encontrar el CAF. Coordenadas aproximadas
U_ISSSTE_473,MNIST000465,016-205-08,Propia,En Operación,Unidad de Medicina Familiar Paracho de Verduzco,UMF Paracho de Verduzco,Paracho de Verduzco,Unidad de Medicina Familiar,UMF,Primer Nivel,No Aplica,ISSSTE,Michoacán,Paracho,Michoacán,Calle,Jorge Rubén Romero,110,,Fraccionamiento,Villa Magisterial,60251,"Calle Jorge Rubén Romero 110, Fraccionamiento Villa Magisterial, Paracho, Michoacán, CP. 60251",19.655457441961712,-102.0531508003352,Validada,Anuario Estadístico 2025,
U_ISSSTE_474,PENDIENTE,016-205-09,Subrogada,En Operación,Consultorio de Atención Familiar Nuevo Parangaricutiro,CAF Nuevo Parangaricutiro,Nuevo Parangaricutiro,Consultorio de Atención Familiar,CAF,Primer Nivel,No Aplica,ISSSTE,Michoacán,Nuevo Parangaricutiro,Michoacán,Calle,Américas,277,,Colonia,Santiago,60490,"Calle Américas 277, Colonia Santiago, Nuevo Parangaricutiro, Michoacán, CP. 60490",19.41512157712654,-102.12510848286075,Solicitar Validación,Anuario Estadístico 2025,No localizable en CLUES
U_ISSSTE_475,MNIST000016,016-206-00,Propia,En Operación,Clínica Hospital Apatzingán de la Constitución,CH Apatzingán de la Constitución,Apatzingán de la Constitución,Clínica Hospital,CH,Segundo Nivel,Primer Nivel,ISSSTE,Michoacán,Apatzingán,Michoacán,Calle,Filomeno Mata,117,,Colonia,Buenos Aires,60610,"Calle Filomeno Mata 117, Colonia Buenos Aires, Apatzingán, Michoacán, CP. 60610",19.100464505170475,-102.36327588106475,Validada,Anuario Estadístico 2025,
U_ISSSTE_476,MNIST000243,016-206-01,Subrogada,En Operación,Consultorio de Atención Familiar Aguililla,CAF Aguililla,Aguililla,Consultorio de Atención Familiar,CAF,Primer Nivel,No Aplica,ISSSTE,Michoacán,Aguililla,Michoacán,Calle,Melchor Ocampo,58,,Colonia,Centro,60570,"Calle Melchor Ocampo 58, Colonia Centro, Aguililla, Michoacán, CP. 60570",18.735298594771475,-102.78911476073156,Validada,Anuario Estadístico 2025,Las coordenadas envían a una farmacia
U_ISSSTE_477,MNIST000284,016-206-02,Subrogada,En Operación,Consultorio de Atención Familiar Coalcomán de Matamoros,CAF Coalcomán de Matamoros,Coalcomán de Matamoros,Consultorio de Atención Familiar,CAF,Primer Nivel,No Aplica,ISSSTE,Michoacán,Coalcomán de Vázquez Pallares,Michoacán,Calle,Nicolás Bravo,451,,Colonia,Centro,60840,"Calle Nicolás Bravo 451, Colonia Centro, Coalcomán de Vázquez Pallares, Michoacán, CP. 60840",18.781222572070863,-103.16249169481358,Solicitar Validación,Anuario Estadístico 2025,"Ubicación aproximada, no fue posible localizar la CAF"
U_ISSSTE_478,MNIST000540,016-206-03,Propia,En Operación,Unidad de Medicina Familiar Tepalcatepec,UMF Tepalcatepec,Tepalcatepec,Unidad de Medicina Familiar,UMF,Primer Nivel,No Aplica,ISSSTE,Michoacán,Tepalcatepec,Michoacán,Calle,Margaritas,S/N,,Fraccionamiento,Camelinas,60540,"Calle Margaritas S/N, Fraccionamiento Camelinas, Tepalcatepec, Michoacán, CP. 60540",19.1964148926885,-102.83826019442571,Validada,Anuario Estadístico 2025,
U_ISSSTE_479,MNIST000132,016-206-04,Propia,En Operación,Unidad de Medicina Familiar Nueva Italia de Ruiz,UMF Nueva Italia de Ruiz,Nueva Italia de Ruiz,Unidad de Medicina Familiar,UMF,Primer Nivel,No Aplica,ISSSTE,Michoacán,Múgica,Michoacán,Avenida,Lázaro Cárdenas Norte,S/N,,Colonia,Libertad,61760,"Avenida Lázaro Cárdenas Norte S/N, Colonia Libertad, Múgica, Michoacán, CP. 60540",19.030295509497044,-102.08688647951796,Validada,Anuario Estadístico 2025,
U_ISSSTE_480,MNIST000062,016-206-07,Propia,En Operación,Unidad de Medicina Familiar La Huacana,UMF La Huacana,La Huacana,Unidad de Medicina Familiar,UMF,Primer Nivel,No Aplica,ISSSTE,Michoacán,La Huacana,Michoacán,Calle,Corregidora,72,,Colonia,Centro,61850,"Calle Corregidora 72, Colonia Centro, La Huacana, Michoacán, CP. 61850",18.9602233663667,-101.80881411471925,Validada,Anuario Estadístico 2025,
U_ISSSTE_481,MNIST000156,016-207-00,Propia,En Operación,Clínica de Medicina Familiar La Piedad de Cabadas,CMF La Piedad de Cabadas,La Piedad de Cabadas,Clínica de Medicina Familiar,CMF,Primer Nivel,No Aplica,ISSSTE,Michoacán,La Piedad,Michoacán,Calle,Nigromante,607,,Colonia,Las Carmelitas,59375,"Calle Nigromante 607, Colonia Las Carmelitas, La Piedad, Michoacán, CP. 59375",20.346738358505466,-102.04745939690466,Validada,Anuario Estadístico 2025,
U_ISSSTE_482,MNIST000255,016-207-01,Subrogada,En Operación,Consultorio de Atención Familiar Angamacútiro de la Unión,CAF Angamacútiro de la Unión,Angamacútiro de la Unión,Consultorio de Atención Familiar,CAF,Primer Nivel,No Aplica,ISSSTE,Michoacán,Angamacutiro,Michoacán,Calle,Nicolás Bravo,16,,Colonia,Centro,58550,"Calle Nicolás Bravo 16, Colonia Centro, Angamacutiro, Michoacán, CP. 58550",20.149783967460245,-101.70987924288372,Solicitar Validación,Anuario Estadístico 2025,Las coordenadas envían a un laboratorio
U_ISSSTE_483,MNIST000675,016-207-02,Subrogada,En Operación,Consultorio de Atención Familiar Pastor Ortíz,CAF Pastor Ortíz,Pastor Ortíz,Consultorio de Atención Familiar,CAF,Primer Nivel,No Aplica,ISSSTE,Michoacán,José Sixto Verduzco,Michoacán,Calle,Melchor Ocampo Sur,107,,Colonia,Centro,58540,"Calle Melchor Ocampo Sur 107, Colonia Centro, José Sixto Verduzco, Michoacán, CP. 58540",20.298138860489757,-101.5989167777391,Validada,Anuario Estadístico 2025,
U_ISSSTE_484,MNIST000470,016-207-03,Subrogada,En Operación,Consultorio de Atención Familiar Penjamillo de Degollado,CAF Penjamillo de Degollado,Penjamillo de Degollado,Consultorio de Atención Familiar,CAF,Primer Nivel,No Aplica,ISSSTE,Michoacán,Penjamillo,Michoacán,Calle,Hidalgo,337-A,,Colonia,El Calvario,59470,"Calle Hidalgo 337-A, Colonia El Calvario, Penjamillo, Michoacán, CP. 59470",20.107184302510845,-101.93739777575449,Validada,Anuario Estadístico 2025,
U_ISSSTE_485,MNIST000535,016-207-04,Subrogada,En Operación,Consultorio de Atención Familiar Tanhuato de Guerrero,CAF Tanhuato de Guerrero,Tanhuato de Guerrero,Consultorio de Atención Familiar,CAF,Primer Nivel,No Aplica,ISSSTE,Michoacán,Tanhuato,Michoacán,Prolongación,Chapultepec,30,,Colonia,Santa Cecilia,59230,"Prolongación Chapultepec 30, Colonia Santa Cecilia, Tanhuato, Michoacán, CP. 59230",20.27436486291269,-102.3306928176225,Validada,Anuario Estadístico 2025,
U_ISSSTE_486,MNIST000646,016-207-05,Subrogada,En Operación,Consultorio de Atención Familiar Yurécuaro No. 1,CAF Yurécuaro No. 1,Yurécuaro No. 1,Consultorio de Atención Familiar,CAF,Primer Nivel,No Aplica,ISSSTE,Michoacán,Yurécuaro,Michoacán,Avenida,Independencia,61-A,,Colonia,Centro,59250,"Avenida Chapultepec 61-A, Colonia Centro, Yurécuaro, Michoacán, CP. 59250",20.343199669134595,-102.28128105912313,Validada,Anuario Estadístico 2025,
U_ISSSTE_487,MNIST000231,016-208-00,Propia,En Operación,Clínica Hospital Zitácuaro,CH Zitácuaro,Zitácuaro,Clínica Hospital,CH,Segundo Nivel,Primer Nivel,ISSSTE,Michoacán,Zitácuaro,Michoacán,Calle,Gral. Pueblita Sur,18,,Fraccionamiento,Poetas,61509,"Calle Gral. Pueblita Sur 18, Fraccionamiento Poetas, Zitácuaro, Michoacán, CP. 61509",19.431398607831103,-100.34745338562082,Validada,Anuario Estadístico 2025,
U_ISSSTE_488,MNIST000260,016-208-01,Subrogada,En Operación,Consultorio de Atención Familiar Angangueo,CAF Angangueo,Angangueo,Consultorio de Atención Familiar,CAF,Primer Nivel,No Aplica,ISSSTE,Michoacán,Angangueo,Michoacán,Calle,Matamoros,6-A,,Barrio,Carrillos,61410,"Calle Matamoros 6-A, Barrio Carrillos, Angangueo, Michoacán, CP. 61410",19.616572236155672,-100.28761444849624,Validada,Anuario Estadístico 2025,
U_ISSSTE_489,MNIST000605,016-208-07,Subrogada,En Operación,Consultorio de Atención Familiar Tuxpan,CAF Tuxpan,Tuxpan,Consultorio de Atención Familiar,CAF,Primer Nivel,No Aplica,ISSSTE,Michoacán,Tuxpan,Michoacán,Avenida,Morelos Sur,1176,,Colonia,Santa Catarina,61420,"Avenida Morelos Sur 1176, Colonia Santa Catarina, Tuxpan, Michoacán, CP. 61420",19.554408388468655,-100.47044000518413,Validada,Anuario Estadístico 2025,
U_ISSSTE_490,MNIST000050,016-208-09,Propia,En Operación,Unidad de Medicina Familiar Cd. Hidalgo,UMF Cd. Hidalgo,Cd. Hidalgo,Unidad de Medicina Familiar,UMF,Primer Nivel,No Aplica,ISSSTE,Michoacán,Hidalgo,Michoacán,Calle,Vidal Solis,58,,Colonia,Rosa de Castilla,61164,"Calle Vidal Solis 58, Colonia Rosa de Castilla, Hidalgo, Michoacán, CP. 61164",19.68537122001239,-100.55226174205254,Validada,Anuario Estadístico 2025,
U_ISSSTE_491,MNIST000074,016-208-10,Propia,En Operación,Unidad de Medicina Familiar Huetamo de Nuñez,UMF Huetamo de Nuñez ,Huetamo de Nuñez,Unidad de Medicina Familiar,UMF,Primer Nivel,No Aplica,ISSSTE,Michoacán,Huetamo,Michoacán,Calle,Río Balsas,18,,Colonia,Campestre,61940,"Calle Río Balsas 18, Colonia Campestre, Huetamo, Michoacán, CP. 61940",18.61732079359544,-100.9015575806312,Validada,Anuario Estadístico 2025,
U_ISSSTE_492,MNIST000226,016-209-00,Propia,En Operación,Clínica Hospital Zamora,CH Zamora,Zamora,Clínica Hospital,CH,Segundo Nivel,Primer Nivel,ISSSTE,Michoacán,Zamora,Michoacán,Avenida,Educación,662,,Colonia,FOVISSSTE,59683,"Avenida Educación 662, Colonia FOVISSSTE, Zamora, Michoacán, CP. 59683",19.9745484517783,-102.2885217878671,Validada,Anuario Estadístico 2025,
U_ISSSTE_493,MNIST000325,016-209-01,Subrogada,En Operación,Consultorio de Atención Familiar Cotija de la Paz,CAF Cotija de la Paz,Cotija de la Paz,Consultorio de Atención Familiar,CAF,Primer Nivel,No Aplica,ISSSTE,Michoacán,Cotija,Michoacán,Calle,Mario Moreno,160,,Colonia,Centro,59940,"Calle Mario Moreno 160, Colonia Centro, Cotija, Michoacán, CP. 59940",19.80443476154198,-102.69429075458586,Solicitar Validación,Anuario Estadístico 2025,No existe forma de determinar la presencia de un CAF
U_ISSSTE_494,MNIST000045,016-209-02,Propia,En Operación,Unidad de Medicina Familiar Chilchota,UMF Chilchota,Chilchota,Unidad de Medicina Familiar,UMF,Primer Nivel,No Aplica,ISSSTE,Michoacán,Chilchota,Michoacán,Carretera,Nacional 15 (Zamora-Carapan),S/N,,Barrio,El Madrigal,59780,"Carretera Nacional 15 (Zamora-Carapan) S/N, Barrio El Madrigal, Chilchota, Michoacán, CP. 59780",19.84851073077601,-102.11110380278485,Validada,Anuario Estadístico 2025,
U_ISSSTE_495,MNIST000395,016-209-03,Subrogada,En Operación,Consultorio de Atención Familiar Ixtlán de los Herbores,CAF Ixtlán de los Herbores,Ixtlán de los Herbores,Consultorio de Atención Familiar,CAF,Primer Nivel,No Aplica,ISSSTE,Michoacán,Ixtlán,Michoacán,Calle,Portales Morelos,5,,Colonia,Centro,59280,"Calle Portales Morelos 5, Colonia Centro, Ixtlán, Michoacán, CP. 59280",20.167595388418675,-102.39404385939521,Validada,Anuario Estadístico 2025,
U_ISSSTE_496,MNIST000173,016-209-04,Propia,En Operación,Unidad de Medicina Familiar Los Reyes de Salgado,UMF Los Reyes de Salgado,Los Reyes de Salgado,Unidad de Medicina Familiar,UMF,Primer Nivel,No Aplica,ISSSTE,Michoacán,Los Reyes,Michoacán,Calle,Charapan,S/N,,Colonia,Purembe,60364,"Calle Charapan S/N, Colonia Purembe, Los Reyes, Michoacán, CP. 60364",19.589014643088486,-102.46109849377117,Validada,Anuario Estadístico 2025,
U_ISSSTE_497,MNIST000482,016-209-05,Subrogada,En Operación,Consultorio de Atención Familiar Purépero,CAF Purépero,Purépero,Consultorio de Atención Familiar,CAF,Primer Nivel,No Aplica,ISSSTE,Michoacán,Purépero,Michoacán,Calle,Javier Mina,164-B,,Colonia,Centro,58760,"Calle Javier Mina 164-B, Colonia Centro, Purépero, Michoacán, CP. 58760",19.911285516052658,-102.0056661825365,Validada,Anuario Estadístico 2025,
U_ISSSTE_498,MNIST000523,016-209-06,Subrogada,En Operación,Consultorio de Atención Familiar Tangancícuaro de Arista,CAF Tangancícuaro de Arista,Tangancícuaro de Arista,Consultorio de Atención Familiar,CAF,Primer Nivel,No Aplica,ISSSTE,Michoacán,Tangancícuaro,Michoacán,Calle,Ramón Silva,45,,Colonia,Centro,59750,"Calle Ramón Silva 45, Colonia Centro, Tangancícuaro, Michoacán, CP. 59750",19.890038072140282,-102.2073473804738,Validada,Anuario Estadístico 2025,
U_ISSSTE_499,MNIST000634,016-209-07,Subrogada,En Operación,Consultorio de Atención Familiar Vista Hermosa de Negrete,CAF Vista Hermosa de Negrete,Vista Hermosa de Negrete,Consultorio de Atención Familiar,CAF,Primer Nivel,No Aplica,ISSSTE,Michoacán,Vista Hermosa,Michoacán,Calle,Vasco de Quiroga Norte,42,,Colonia,Centro,59200,"Calle Vasco de Quiroga Norte 42, Colonia Centro, Vista Hermosa, Michoacán, CP. 59200",20.274042467327757,-102.47527653257326,Solicitar Validación,Anuario Estadístico 2025,No existe forma de determinar la presencia de un CAF
U_ISSSTE_500,MNIST000144,016-210-00,Propia,En Operación,Clínica Hospital Pátzcuaro,CH Pátzcuaro,Pátzcuaro,Clínica Hospital,CH,Segundo Nivel,Primer Nivel,ISSSTE,Michoacán,Pátzcuaro,Michoacán,Calle,Humildad,43,,Colonia,La Ilusión,61605,"Calle Humildad 43, Colonia La Ilusión, Pátzcuaro, Michoacán, CP. 61605",19.50420040678583,-101.62078904999764,Validada,Anuario Estadístico 2025,
U_ISSSTE_501,MNIST000342,016-210-01,Subrogada,En Operación,Consultorio de Atención Familiar Churumuco de Morelos,CAF Churumuco de Morelos,Churumuco de Morelos,Consultorio de Atención Familiar,CAF,Primer Nivel,No Aplica,ISSSTE,Michoacán,Churumuco,Michoacán,Calle,Ixtapatongo,85,,Colonia,Centro,61880,"Calle Ixtapatongo 85, Colonia Centro, Churumuco, Michoacán, CP. 61880",18.663130192687703,-101.64319177241838,Validada,Anuario Estadístico 2025,
U_ISSSTE_502,MNIST000506,016-210-03,Subrogada,En Operación,Consultorio de Atención Familiar Quiroga,CAF Quiroga,Quiroga,Consultorio de Atención Familiar,CAF,Primer Nivel,No Aplica,ISSSTE,Michoacán,Quiroga,Michoacán,Calle,Miguel Hidalgo,150,,Colonia,Centro,58420,"Calle Miguel Hidalgo 150, Colonia Centro, Quiroga, Michoacán, CP. 58420",19.66974825744844,-101.52850357925291,Solicitar Validación,Anuario Estadístico 2025,Google Maps no está disponible en la zona
U_ISSSTE_503,MNIST000593,016-210-04,Subrogada,En Operación,Consultorio de Atención Familiar Puruarán,CAF Puruarán,Puruarán,Consultorio de Atención Familiar,CAF,Primer Nivel,No Aplica,ISSSTE,Michoacán,Turicato,Michoacán,Calle,Mártires Agraristas,197,,Colonia,Hermanos Flores Magón,61820,"Calle Mártires Agraristas 197, Colonia Hermanos Flores Magón, Turicato, Michoacán, CP. 61820",19.09940950619296,-101.52133273386248,Validada,Anuario Estadístico 2025,
U_ISSSTE_504,MNIST000511,016-210-05,Subrogada,En Operación,Consultorio de Atención Familiar Villa Escalante (Santa Clara),CAF Villa Escalante (Santa Clara),Villa Escalante (Santa Clara),Consultorio de Atención Familiar,CAF,Primer Nivel,No Aplica,ISSSTE,Michoacán,Salvador Escalante,Michoacán,Calle,Fragua,40,,Colonia,El Artesano,61800,"Calle Fragua 40, Colonia El Artesano, Salvador Escalante, Michoacán, CP. 61800",19.4104102025718,-101.63391137177705,Validada,Anuario Estadístico 2025,
U_ISSSTE_505,MNIST000190,016-210-06,Propia,En Operación,Unidad de Medicina Familiar Tacámbaro de Codallos,UMF Tacámbaro de Codallos,Tacámbaro de Codallos,Unidad de Medicina Familiar,UMF,Primer Nivel,No Aplica,ISSSTE,Michoacán,Tacámbaro,Michoacán,Calle,Pino Suárez,351,,Colonia,Centro,61650,"Calle Pino Suárez 351, Colonia Centro, Tacámbaro, Michoacán, CP. 61650",19.233596901199476,-101.4538224704187,Validada,Anuario Estadístico 2025,
U_ISSSTE_506,MNIST000021,016-210-07,Propia,En Operación,Unidad de Medicina Familiar Ario de Rosales,UMF Ario de Rosales,Ario de Rosales,Unidad de Medicina Familiar,UMF,Primer Nivel,No Aplica,ISSSTE,Michoacán,Ario,Michoacán,Carretera,Federal 120 (Apatzingán-Pátzcuaro),S/N,,Colonia,7 de Marzo,61830,"Carretera Federal 120 (Apatzingán-Pátzcuaro) S/N, Colonia 7 de Marzo, Ario, Michoacán, CP. 61830",19.214437832368922,-101.70199682237552,Validada,Anuario Estadístico 2025,
U_ISSSTE_507,MNIST000185,016-211-00,Propia,En Operación,Clínica Hospital Sahuayo,CH Sahuayo,Sahuayo,Clínica Hospital,CH,Segundo Nivel,Primer Nivel,ISSSTE,Michoacán,Sahuayo,Michoacán,Boulevard,Lázaro Cárdenas,382,,Colonia,Noria de Montes,59000,"Boulevard Lázaro Cárdenas 382, Colonia Noria de Montes, Sahuayo, Michoacán, CP. 59000",20.05077577701948,-102.71740007359416,Validada,Anuario Estadístico 2025,
U_ISSSTE_508,MNIST000086,016-211-01,En Proceso de Regularización,En Operación,Unidad de Medicina Familiar Jiquilpan de Juárez,UMF Jiquilpan de Juárez,Jiquilpan de Juárez,Unidad de Medicina Familiar,UMF,Primer Nivel,No Aplica,ISSSTE,Michoacán,Jiquilpan,Michoacán,Avenida,Presidente Lázaro Cárdenas Norte,174,,Colonia,Centro,59510,"Avenida Presidente Lázaro Cárdenas Norte 174, Colonia Centro, Jiquilpan, Michoacán, CP. 59510",19.994787857002482,-102.7173926480442,Solicitar Validación,Anuario Estadístico 2025,Se menciona que la unidad propiedad del ISSSTE está en mal estado y se movio a una farmacia
U_ISSSTE_509,MNIST000453,016-211-02,Subrogada,En Operación,Consultorio de Atención Familiar Pajacuarán,CAF Pajacuarán,Pajacuarán,Consultorio de Atención Familiar,CAF,Primer Nivel,No Aplica,ISSSTE,Michoacán,Pajacuarán,Michoacán,Calle,Niños Héroes,11,,Colonia,Alto,59180,"Calle Niños Héroes 11, Colonia Alto, Pajacuarán, Michoacán, CP. 59180",20.117425077937867,-102.56960895614019,Solicitar Validación,Anuario Estadístico 2025,Se menciona en las capturas que la clínica cambio de dirección
U_ISSSTE_510,MNIST000412,016-211-03,Subrogada,En Operación,Consultorio de Atención Familiar San José de Gracia,CAF San José de Gracia,San José de Gracia,Consultorio de Atención Familiar,CAF,Primer Nivel,No Aplica,ISSSTE,Michoacán,Marcos Castellanos,Michoacán,Calle,Morelos,25,,Colonia,Centro,59500,"Calle Morelos 25, Colonia Centro, Marcos Castellanos, Michoacán, CP. 59500",19.989489915322245,-103.01919816069513,Validada,Anuario Estadístico 2025,
U_ISSSTE_511,MNIST000622,016-211-04,Subrogada,En Operación,Consultorio de Atención Familiar Venustiano Carranza,CAF Venustiano Carranza,Venustiano Carranza,Consultorio de Atención Familiar,CAF,Primer Nivel,No Aplica,ISSSTE,Michoacán,Venustiano Carranza,Michoacán,Calle,2 de Abril,71,,Colonia,Centro,59160,"Calle 2 de Abril 71, Colonia Centro, Venustiano Carranza, Michoacán, CP. 59160",20.11361996664341,-102.65411121007318,Solicitar Validación,Anuario Estadístico 2025,Google Maps no está disponible en la zona
U_ISSSTE_512,MNIST000103,016-212-00,Propia,En Operación,"Clínica Hospital R. Flores Magón, Lázaro Cárdenas","CH R. Flores Magón, Lázaro Cárdenas","R. Flores Magón, Lázaro Cárdenas",Clínica Hospital,CH,Segundo Nivel,Primer Nivel,ISSSTE,Michoacán,Lázaro Cárdenas,Michoacán,Avenida,Morelos,S/N,,Sector,2do Fideicomiso,60953,"Avenida Morelos S/N, Sector 2do Fideicomiso, Lázaro Cárdenas, Michoacán, CP. 60953",17.96012351614033,-102.2047083978169,Validada,Anuario Estadístico 2025,
U_ISSSTE_513,MNIST000033,016-212-01,Propia,En Operación,Unidad de Medicina Familiar Arteaga,UMF Arteaga,Arteaga,Unidad de Medicina Familiar,UMF,Primer Nivel,No Aplica,ISSSTE,Michoacán,Arteaga,Michoacán,Calle,Emiliano Zapata,150,,Colonia,La Castañeda,60920,"Calle Emiliano Zapata 150, Colonia La Castañeda, Arteaga, Michoacán, CP. 60920",18.356230297641122,-102.28550169453897,Validada,Anuario Estadístico 2025,
U_ISSSTE_514,MNIST000115,016-212-04,Propia,En Operación,Unidad de Medicina Familiar El Ranchito,UMF El Ranchito,El Ranchito,Unidad de Medicina Familiar,UMF,Primer Nivel,No Aplica,ISSSTE,Michoacán,Lázaro Cárdenas,Michoacán,Avenida,Rayón,11,,Barrio,Tercero,60800,"Avenida Rayón 11, Barrio Tercero, Lázaro Cárdenas, Michoacán, CP. 60800",18.702300061089748,-103.66419583081179,Validada,Anuario Estadístico 2025,
U_ISSSTE_515,MNIST000214,016-213-00,Propia,En Operación,Clínica Hospital Zacapu,CH Zacapu,Zacapu,Clínica Hospital,CH,Segundo Nivel,Primer Nivel,ISSSTE,Michoacán,Zacapu,Michoacán,Avenida,Universidad,784,,Colonia,Miguel Ángel de Quevedo,58660,"Avenida Universidad 784, Colonia Miguel Ángel de Quevedo, Zacapu, Michoacán, CP. 58660",19.809998194718347,-101.79468593634144,Validada,Anuario Estadístico 2025,
U_ISSSTE_516,MNIST000301,016-213-01,Subrogada,En Operación,Consultorio de Atención Familiar Coeneo de la Libertad,CAF Coeneo de la Libertad,Coeneo de la Libertad,Consultorio de Atención Familiar,CAF,Primer Nivel,No Aplica,ISSSTE,Michoacán,Coeneo,Michoacán,Calle,Morelos Sur,433,,Colonia,Centro,58400,"Calle Morelos Sur 433, Colonia Centro, Coeneo, Michoacán, CP. 58400",19.817395528382008,-101.58682516177754,Validada,Anuario Estadístico 2025,
U_ISSSTE_517,MNIST000383,016-213-02,Subrogada,En Operación,Consultorio de Atención Familiar Huaniqueo,CAF Huaniqueo,Huaniqueo,Consultorio de Atención Familiar,CAF,Primer Nivel,No Aplica,ISSSTE,Michoacán,Huaniqueo,Michoacán,Avenida,Morelos Sur,88,,Localidad,Huaniqueo de Morales,58360,"Avenida Morelos Sur 88, Localidad Huaniqueo de Morales, Huaniqueo, Michoacán, CP. 58360",19.8984399789016,-101.50563312060362,Validada,Anuario Estadístico 2025,
U_ISSSTE_518,MNIST000424,016-214-00,Propia,En Operación,Clínica de Medicina Familiar Morelia,CMF Morelia,Morelia,Clínica de Medicina Familiar,CMF,Primer Nivel,No Aplica,ISSSTE,Michoacán,Morelia,Michoacán,Calle,Trabajadores de la Agricultura,285,,Unidad Habitacional,FOVISSSTE Morelos,58120,"Calle Trabajadores de la Agricultura 285, Unidad Habitacional FOVISSSTE Morelos, Morelia, Michoacán, CP. 58120",19.727772995650103,-101.18052480551857,Validada,Anuario Estadístico 2025,
U_ISSSTE_519,MNIST000313,016-214-01,Subrogada,En Operación,Consultorio de Atención Familiar Contepec,CAF Contepec,Contepec,Consultorio de Atención Familiar,CAF,Primer Nivel,No Aplica,ISSSTE,Michoacán,Contepec,Michoacán,Avenida,Juárez,58,,Colonia,Centro,61020,"Avenida Juárez 58, Colonia Centro, Contepec, Michoacán, CP. 61020",19.95149104685822,-100.16516919547269,Validada,Anuario Estadístico 2025,
U_ISSSTE_520,MNIST000091,016-214-02,Propia,En Operación,Unidad de Medicina Familiar Maravatío de Ocampo,UMF Maravatío de Ocampo,Maravatío de Ocampo,Unidad de Medicina Familiar,UMF,Primer Nivel,No Aplica,ISSSTE,Michoacán,Maravatío,Michoacán,Calle,El Roble,26,,Unidad Habitacional,FOVISSSTE Arboledas,61252,"Calle El Roble 26, Unidad Habitacional FOVISSSTE Arboledas, Maravatío, Michoacán, CP. 61252",19.901329146928813,-100.44649870785517,Validada,Anuario Estadístico 2025,
U_ISSSTE_521,MNIST000161,016-214-03,Propia,En Operación,Unidad de Medicina Familiar Puruándiro,UMF Puruándiro,Puruándiro,Unidad de Medicina Familiar,UMF,Primer Nivel,No Aplica,ISSSTE,Michoacán,Puruándiro,Michoacán,Calle,Arquímides,135,,Fraccionamiento,Vista Bella,58503,"Calle Arquímides 135, Fraccionamiento Vista Bella, Puruándiro, Michoacán, CP. 58503",20.09060316256408,-101.50614955183613,Validada,Anuario Estadístico 2025,
U_ISSSTE_522,MNIST000494,016-214-04,Subrogada,En Operación,Consultorio de Atención Familiar Queréndaro,CAF Queréndaro,Queréndaro,Consultorio de Atención Familiar,CAF,Primer Nivel,No Aplica,ISSSTE,Michoacán,Queréndaro,Michoacán,Calle,Juárez Norte,322,,Colonia,Centro,58980,"Calle Juárez Norte 322, Colonia Centro, Queréndaro, Michoacán, CP. 58980",19.810555304156146,-100.88491538008303,Validada,Anuario Estadístico 2025,
U_ISSSTE_523,MNIST000576,016-214-05,Subrogada,En Operación,Consultorio de Atención Familiar Tlalpujahua,CAF Tlalpujahua,Tlalpujahua,Consultorio de Atención Familiar,CAF,Primer Nivel,No Aplica,ISSSTE,Michoacán,Tlalpujahua,Michoacán,Calle,José María y Morelos,12,,Colonia,Centro,61060,"Calle José María y Morelos 12, Colonia Centro, Tlalpujahua, Michoacán, CP. 61060",19.804680711018477,-100.17323672638787,Validada,Anuario Estadístico 2025,
U_ISSSTE_524,MNIST000436,016-214-06,Subrogada,En Operación,Consultorio de Atención Familiar Villa Morelos,CAF Villa Morelos,Villa Morelos,Consultorio de Atención Familiar,CAF,Primer Nivel,No Aplica,ISSSTE,Michoacán,Morelos,Michoacán,Calle,Luis Galicia,8,,Colonia,Centro,58800,"Calle Luis Galicia 8, Colonia Centro, Morelos, Michoacán, CP. 58800",20.00196936872167,-101.41298031760456,Validada,Anuario Estadístico 2025,
U_ISSSTE_525,MNIST000663,016-214-08,Subrogada,En Operación,Consultorio de Atención Familiar Zinapécuaro de Figueroa,CAF Zinapécuaro de Figueroa,Zinapécuaro de Figueroa,Consultorio de Atención Familiar,CAF,Primer Nivel,No Aplica,ISSSTE,Michoacán,Zinapécuaro,Michoacán,Avenida,Hidalgo,7,,Colonia,Centro,58930,"Avenida Hidalgo 7, Colonia Centro, Zinapécuaro, Michoacán, CP. 58930",19.859718763765034,-100.82534524683966,Validada,Anuario Estadístico 2025,
U_ISSSTE_526,MNIST000354,016-214-09,Subrogada,En Operación,Consultorio de Atención Familiar Epitacio Huerta,CAF Epitacio Huerta,Epitacio Huerta,Consultorio de Atención Familiar,CAF,Primer Nivel,No Aplica,ISSSTE,Michoacán,Epitacio Huerta,Michoacán,Calle,Hidalgo,41,,Colonia,Centro,61000,"Calle Hidalgo 41, Colonia Centro, Epitacio Huerta, Michoacán, CP. 61000",20.134771648321625,-100.29575119010785,Validada,Anuario Estadístico 2025,
U_ISSSTE_527,MNIST000371,016-214-10,Subrogada,En Operación,Consultorio de Atención Familiar Huandacareo,CAF Huandacareo,Huandacareo,Consultorio de Atención Familiar,CAF,Primer Nivel,No Aplica,ISSSTE,Michoacán,Huandacareo,Michoacán,Calle,5 de Mayo,3,,Colonia,Centro,58820,"Calle 5 de Mayo 3, Colonia Centro, Huandacareo, Michoacán, CP. 58820",19.99139181889779,-101.27637477806117,Solicitar Validación,Anuario Estadístico 2025,Las coordenadas envian a una casa
U_ISSSTE_528,PENDIENTE,016-214-11,Subrogada,En Operación,Consultorio de Atención Familiar Acuitzio,CAF Acuitzio,Acuitzio,Consultorio de Atención Familiar,CAF,Primer Nivel,No Aplica,ISSSTE,Michoacán,Acuitzio,Michoacán,Calle,del Panteón,21,,Colonia,Centro,58460,"Calle del Panteón 21, Colonia Centro, Acuitzio, Michoacán, CP. 58460",19.499165630183924,-101.33626585830632,Validada,Anuario Estadístico 2025,
U_ISSSTE_529,PENDIENTE,016-214-12,Subrogada,En Operación,Consultorio de Atención Familiar Cuitzeo,CAF Cuitzeo,Cuitzeo,Consultorio de Atención Familiar,CAF,Primer Nivel,No Aplica,ISSSTE,Michoacán,Cuitzeo,Michoacán,Calle,José María Morelos Sur,49,,Barrio,El Calvario,58840,"Calle José María Morelos Sur 49, Barrio El Calvario, Cuitzeo, Michoacán, CP. 58840",19.965169867224695,-101.14029005161963,Validada,Anuario Estadístico 2025,
U_ISSSTE_530,PENDIENTE,016-214-13,Convenio,En Operación,Consultorio Médico en Centro de Trabajo SEP (Morelia),CMCT SEP (Morelia),SEP (Morelia),Consultorio Médico en Centro de Trabajo,CMCT,Primer Nivel,No Aplica,ISSSTE,Michoacán,Morelia,Michoacán,Avenida,Siervo de la Nación,1204,,Colonia,Sentimientos de la Nación,58178,"Avenida Siervo de la Nación 1204, Colonia Sentimientos de la Nación, Morelia, Michoacán, CP. 58178",19.685415396052054,-101.23326231442375,Validada,Anuario Estadístico 2025,
U_ISSSTE_531,MSIST000025,017-205-00,Propia,En Operación,"Clínica Hospital Dr. Rafael Barba Ocampo, Cuautla","CH Dr. Rafael Barba Ocampo, Cuautla","Dr. Rafael Barba Ocampo, Cuautla",Clínica Hospital,CH,Segundo Nivel,Primer Nivel,ISSSTE,Morelos,Cuautla,Morelos,Calle,Asturias y Lobera,163,,Colonia,Centro,62740,"Calle Asturias y Lobera 163, Colonia Centro, Cuautla, Morelos, CP. 62740",18.813765543076865,-98.94748485786693,Validada,Anuario Estadístico 2025,
U_ISSSTE_532,MSIST000071,017-205-01,Propia,En Operación,Unidad de Medicina Familiar Jonacatepec,UMF Jonacatepec,Jonacatepec,Unidad de Medicina Familiar,UMF,Primer Nivel,No Aplica,ISSSTE,Morelos,Jonacatepec de Leandro Valle,Morelos,Calle,Hidalgo,22,,Colonia,Centro,62930,"Calle Hidalgo 22, Colonia Centro, Jonacatepec de Leandro Valle, Morelos, CP. 62930",18.680998602609822,-98.80315068395724,Validada,Anuario Estadístico 2025,
U_ISSSTE_533,MSIST000211,017-205-02,Rentada,En Operación,Consultorio de Atención Familiar Tepalcingo,CAF Tepalcingo,Tepalcingo,Consultorio de Atención Familiar,CAF,Primer Nivel,No Aplica,ISSSTE,Morelos,Tepalcingo,Morelos,Calle,5 de Mayo,43,,Colonia,Guadalupe,62920,"Calle 5 de Mayo 43, Colonia Guadalupe, Tepalcingo, Morelos, CP. 62920",18.598060960815726,-98.84819393928822,Validada,Anuario Estadístico 2025,
U_ISSSTE_534,MSIST000252,017-205-03,Subrogada,En Operación,Consultorio de Atención Familiar Tlayacapan,CAF Tlayacapan,Tlayacapan,Consultorio de Atención Familiar,CAF,Primer Nivel,No Aplica,ISSSTE,Morelos,Tlayacapan,Morelos,Carretera,Xochimilco-Oaxtepec,15,,Colonia,Texalo,62544,"Carretera Xochimilco-Oaxtepec 15, Colonia Texalo, Tlayacapan, Morelos, CP. 62544",18.942803546748387,-98.9765114691708,Solicitar Validación,Anuario Estadístico 2025,"Coordenadas cercanas a un consultorio, pero sin existir forma de comprobar una CAF"
U_ISSSTE_535,MSIST000141,017-205-04,Rentada,En Operación,Consultorio de Atención Familiar Cd. Ayala,CAF Cd. Ayala,Cd. Ayala,Consultorio de Atención Familiar,CAF,Primer Nivel,No Aplica,ISSSTE,Morelos,Ayala,Morelos,Calle,Rodrigo Avelar,4,,Colonia,Centro,62700,"Calle Rodrigo Avelar 4, Colonia Centro, Ayala, Morelos, CP. 62700",18.767346394518057,-98.98165794797123,Validada,Anuario Estadístico 2025,
U_ISSSTE_536,MSIST000112,017-205-05,Propia,En Operación,Unidad de Medicina Familiar Yautepec,UMF Yautepec,Yautepec,Unidad de Medicina Familiar,UMF,Primer Nivel,No Aplica,ISSSTE,Morelos,Yautepec,Morelos,Paseo,Tlahuica,S/N,,Colonia,Las Paracas,62733,"Paseo Tlahuica S/N, Colonia Las Paracas, Yautepec, Morelos, CP. 62733",18.872743862896524,-99.07709779613289,Validada,Anuario Estadístico 2025,
U_ISSSTE_537,MSIST000276,017-205-06,Propia,En Operación,Unidad de Medicina Familiar Yecapixtla,UMF Yecapixtla,Yecapixtla,Unidad de Medicina Familiar,UMF,Primer Nivel,No Aplica,ISSSTE,Morelos,Yecapixtla,Morelos,Carretera,Yecapixtla-Achichipico,S/N,,Colonia,Aquiles Serdán,62823,"Carretera Yecapixtla-Achichipico S/N, Colonia Aquiles Serdán, Yecapixtla, Morelos, CP. 62823",18.8933860151643,-98.86295280482547,Validada,Anuario Estadístico 2025,
U_ISSSTE_538,MSIST000281,017-205-07,Rentada,En Operación,Consultorio de Atención Familiar Zacualpan de Amilpas,CAF Zacualpan de Amilpas,Zacualpan de Amilpas,Consultorio de Atención Familiar,CAF,Primer Nivel,No Aplica,ISSSTE,Morelos,Zacualpan de Amilpas,Morelos,Carretera,Cuautla-Tlacotepec,S/N,,Barrio,de San Nicolás,62890,"Carretera Cuautla-Tlacotepec S/N, Barrio de San Nicolás, Zacualpan de Amilpas, Morelos, CP. 62890",18.794646919189223,-98.76641304087414,Validada,Anuario Estadístico 2025,
U_ISSSTE_539,MSIST000235,017-205-08,Convenio,En Operación,Consultorio de Atención Familiar Tetela del Volcán,CAF Tetela del Volcán,Tetela del Volcán,Consultorio de Atención Familiar,CAF,Primer Nivel,No Aplica,ISSSTE,Morelos,Tetela del Volcán,Morelos,Calle,Calvario,S/N,,Barrio,de Santiago,62800,"Calle Calvario S/N, Barrio de Santiago, Tetela del Volcán, Morelos, CP. 62800",18.89301966239523,-98.73332714510376,Validada,Anuario Estadístico 2025,
U_ISSSTE_540,MSIST000136,017-205-09,Rentada,En Operación,Consultorio de Atención Familiar Axochiapan,CAF Axochiapan,Axochiapan,Consultorio de Atención Familiar,CAF,Primer Nivel,No Aplica,ISSSTE,Morelos,Axochiapan,Morelos,Calle,Galeana,26,,Colonia,Centro,62950,"Calle Galeana 26, Colonia Centro, Axochiapan, Morelos, CP. 62950",18.504026333838002,-98.75516578905618,Validada,Anuario Estadístico 2025,
U_ISSSTE_541,MSIST000310,017-205-11,Convenio,En Operación,Consultorio de Atención Familiar Atlatlahucan,CAF Atlatlahucan,Atlatlahucan,Consultorio de Atención Familiar,CAF,Primer Nivel,No Aplica,ISSSTE,Morelos,Atlatlahucan,Morelos,Calle,Galeana,S/N,,Barrio,Santa Ana,62840,"Calle Galeana S/N, Barrio Santa Ana, Atlatlahucan, Morelos, CP. 62840",18.933792387729564,-98.90085264335363,Validada,Anuario Estadístico 2025,
U_ISSSTE_542,MSIST000322,017-205-12,Convenio,En Operación,Consultorio de Atención Familiar Ocuituco,CAF Ocuituco,Ocuituco,Consultorio de Atención Familiar,CAF,Primer Nivel,No Aplica,ISSSTE,Morelos,Ocuituco,Morelos,Privada,El Encino,29,,Barrio,San Nicolás,62853,"Privada El Encino 29, Barrio San Nicolás, Ocuituco, Morelos, CP. 62853",18.881032468488637,-98.7835476792899,Validada,Anuario Estadístico 2025,
U_ISSSTE_543,PENDIENTE,017-206-00,Propia,En Operación,Clínica de Medicina Familiar Cuernavaca,CMF Cuernavaca,Cuernavaca,Clínica de Medicina Familiar,CMF,Primer Nivel,No Aplica,ISSSTE,Morelos,Cuernavaca,Morelos,Avenida,Álvaro Obregón,335,,Colonia,Centro,62000,"Avenida Álvaro Obregón 335, Colonia Centro, Cuernavaca, Morelos, CP. 62000",18.929483428724062,-99.24031859229535,Validada,Anuario Estadístico 2025,
U_ISSSTE_544,MSIST000165,017-206-02,Rentada,En Operación,Consultorio de Atención Familiar Emiliano Zapata,CAF Emiliano Zapata,Emiliano Zapata,Consultorio de Atención Familiar,CAF,Primer Nivel,No Aplica,ISSSTE,Morelos,Emiliano Zapata,Morelos,Avenida,No Reelección,260,,Colonia,Centro,62760,"Avenida No Reelección 260, Colonia Centro, Emiliano Zapata, Morelos, CP. 62760",18.84464069862419,-99.18161978400693,Validada,Anuario Estadístico 2025,
U_ISSSTE_545,MSIST000182,017-206-03,Rentada,En Operación,Consultorio de Atención Familiar Jiutepec,CAF Jiutepec,Jiutepec,Consultorio de Atención Familiar,CAF,Primer Nivel,No Aplica,ISSSTE,Morelos,Jiutepec,Morelos,Calle,5 de Mayo,16,,Colonia,Centro,62550,"Calle 5 de Mayo 16, Colonia Centro, Jiutepec, Morelos, CP. 62550",18.882993964189133,-99.17597610979217,Validada,Anuario Estadístico 2025,
U_ISSSTE_546,MSIST000194,017-206-06,Rentada,En Operación,Consultorio de Atención Familiar Puente de Ixtla,CAF Puente de Ixtla,Puente de Ixtla,Consultorio de Atención Familiar,CAF,Primer Nivel,No Aplica,ISSSTE,Morelos,Puente de Ixtla,Morelos,Calle,Sor Juana Inés de la Cruz,S/N,,Colonia,Jardines de la Herradura,62660,"Calle Sor Juana Inés de la Cruz S/N, Colonia Jardines de la Herradura, Puente de Ixtla, Morelos, CP. 62660",18.614133985345262,-99.31412476868769,Validada,Anuario Estadístico 2025,
U_ISSSTE_547,MSIST000153,017-206-07,Convenio,En Operación,Consultorio Médico en Centro de Trabajo SEP (Cuernavaca),CMCT SEP (Cuernavaca),SEP (Cuernavaca),Consultorio Médico en Centro de Trabajo,CMCT,Primer Nivel,No Aplica,ISSSTE,Morelos,Cuernavaca,Morelos,Calle,Nueva China,S/N,,Colonia,Lomas de Cortés,62240,"Calle Nueva China S/N, Colonia Lomas de Cortés, Cuernavaca, Morelos, CP. 62240",18.950578613738063,-99.22274899283657,Validada,Anuario Estadístico 2025,
U_ISSSTE_548,MSIST000083,017-206-08,Propia,En Operación,Unidad de Medicina Familiar Temixco,UMF Temixco,Temixco,Unidad de Medicina Familiar,UMF,Primer Nivel,No Aplica,ISSSTE,Morelos,Temixco,Morelos,Calle,Grito de Dolores,124,,Colonia,Rubén Jaramillo,62587,"Calle Grito de Dolores 124, Colonia Rubén Jaramillo, Temixco, Morelos, CP. 62587",18.837854234219748,-99.23708205586529,Validada,Anuario Estadístico 2025,
U_ISSSTE_549,MSIST000223,017-206-09,Rentada,En Operación,Consultorio de Atención Familiar Tepoztlán,CAF Tepoztlán,Tepoztlán,Consultorio de Atención Familiar,CAF,Primer Nivel,No Aplica,ISSSTE,Morelos,Tepoztlán,Morelos,Avenida,Galeana,37,,Barrio,Los Reyes,62520,"Avenida Galeana 37, Barrio Los Reyes, Tepoztlán, Morelos, CP. 62520",18.988850063261268,-99.1068322043032,Validada,Anuario Estadístico 2025,
U_ISSSTE_550,MSIST000095,017-206-10,Propia,En Operación,Unidad de Medicina Familiar Tetecala,UMF Tetecala,Tetecala,Unidad de Medicina Familiar,UMF,Primer Nivel,No Aplica,ISSSTE,Morelos,Tetecala,Morelos,Calle,Francisco I. Madero,3,,Colonia,Centro,62620,"Calle Francisco I. Madero 3, Colonia Centro, Tetecala, Morelos, CP. 62620",18.730453127372133,-99.3924846977905,Validada,Anuario Estadístico 2025,
U_ISSSTE_551,MSIST000170,017-206-13,Rentada,En Operación,Consultorio de Atención Familiar Tres Marías,CAF Tres Marías,Tres Marías,Consultorio de Atención Familiar,CAF,Primer Nivel,No Aplica,ISSSTE,Morelos,Huitzilac,Morelos,Calle,Matamoros,S/N,,Colonia,La Estación,62515,"Calle Matamoros S/N, Colonia La Estación, Huitzilac, Morelos, CP. 62515",19.055675496848398,-99.23973950303372,Validada,Anuario Estadístico 2025,
U_ISSSTE_552,MSIST000264,017-206-14,Convenio,En Operación,Consultorio de Atención Familiar Xochitepec,CAF Xochitepec,Xochitepec,Consultorio de Atención Familiar,CAF,Primer Nivel,No Aplica,ISSSTE,Morelos,Xochitepec,Morelos,Privada,Las Cuevas,S/N,,Colonia,Centro,62790,"Privada Las Cuevas S/N, Colonia Centro, Xochitepec, Morelos, CP. 62790",18.786203228215587,-99.23030373198367,Validada,Anuario Estadístico 2025,
U_ISSSTE_553,MSIST000054,017-208-00,Propia,En Operación,Clínica de Medicina Familiar con Especialidades y Quirófano Jojutla de Juárez,CMFEQ Jojutla de Juárez,Jojutla de Juárez,Clínica de Medicina Familiar con Especialidades y Quirófano,CMFEQ,Segundo Nivel,Primer Nivel,ISSSTE,Morelos,Jojutla,Morelos,Calle,Nicolás Bravo,8,,Fraccionamiento,Reforma,62900,"Calle Nicolás Bravo 8, Fraccionamiento Reforma, Jojutla, Morelos, CP. 62900",18.61117883764937,-99.1770673268255,Validada,Anuario Estadístico 2025,
U_ISSSTE_554,MSIST000013,017-208-01,Propia,En Operación,Unidad de Medicina Familiar Amacuzac,UMF Amacuzac,Amacuzac,Unidad de Medicina Familiar,UMF,Primer Nivel,No Aplica,ISSSTE,Morelos,Amacuzac,Morelos,Avenida,Benito Juárez,13,,Colonia,Benito Juárez,62643,"Avenida Benito Juárez 13, Colonia Benito Juárez, Amacuzac, Morelos, CP. 62643",18.598435571238063,-99.3650448160975,Validada,Anuario Estadístico 2025,
U_ISSSTE_555,MSIST000100,017-208-02,Propia,En Operación,Unidad de Medicina Familiar Tlaquiltenango,UMF Tlaquiltenango,Tlaquiltenango,Unidad de Medicina Familiar,UMF,Primer Nivel,No Aplica,ISSSTE,Morelos,Tlaquiltenango,Morelos,Calle,20 de Noviembre,S/N,,Colonia,Gabriel Tepepa,62980,"Calle 20 de Noviembre S/N, Colonia Gabriel Tepepa, Tlaquiltenango, Morelos, CP. 62980",18.637761797385924,-99.16436762302253,Validada,Anuario Estadístico 2025,
U_ISSSTE_556,MSIST000240,017-208-03,Rentada,En Operación,Consultorio de Atención Familiar Tlaltizapán,CAF Tlaltizapán,Tlaltizapán,Consultorio de Atención Familiar,CAF,Primer Nivel,No Aplica,ISSSTE,Morelos,Tlaltizapán de Zapata,Morelos,Calle,5 de Febrero,37-C,,Colonia,Centro,62770,"Calle 5 de Febrero 37-C, Colonia Centro, Tlaltizapán de Zapata, Morelos, CP. 62770",18.681299041903216,-99.11789153073603,Solicitar Validación,Anuario Estadístico 2025,Coordenadas aproximadas. Dificultad para localizar el CAF
U_ISSSTE_557,MSIST000206,017-208-04,Rentada,En Operación,Consultorio de Atención Familiar Xoxocotla,CAF Xoxocotla,Xoxocotla,Consultorio de Atención Familiar,CAF,Primer Nivel,No Aplica,ISSSTE,Morelos,Puente de Ixtla,Morelos,Calle,José María Morelos y Pavón,61,,Colonia,Centro,62680,"Calle José María Morelos y Pavón 61, Colonia Centro, Puente de Ixtla, Morelos, CP. 62680",18.68296952345507,-99.24283754788121,Validada,Anuario Estadístico 2025,
U_ISSSTE_558,MSIST000124,017-208-05,Propia,En Operación,Unidad de Medicina Familiar Zacatepec,UMF Zacatepec,Zacatepec,Unidad de Medicina Familiar,UMF,Primer Nivel,No Aplica,ISSSTE,Morelos,Zacatepec,Morelos,Calle,Ingenio Sanalona,S/N,,Colonia,Centro,62780,"Calle Ingenio Sanalona S/N, Colonia Centro, Zacatepec, Morelos, CP. 62780",18.655451707206854,-99.19065188055697,Validada,Anuario Estadístico 2025,
U_ISSSTE_559,PENDIENTE,017-209-00,Propia,En Operación,Hospital General Dr. Carlos Calero Elorduy,HG Dr. Carlos Calero Elorduy,Dr. Carlos Calero Elorduy,Hospital General,HG,Segundo Nivel,No Aplica,ISSSTE,Morelos,Cuernavaca,Morelos,Calle,Álvaro Obregón,335,,Colonia,Centro,62000,"Calle Álvaro Obregón 335, Colonia Centro, Cuernavaca, Morelos, CP. 62000",18.929492046702816,-99.24051001147329,Validada,Anuario Estadístico 2025,
U_ISSSTE_560,NTIST000260,018-204-00,App,En Operación,Hospital General Tepic,HG Tepic,Tepic,Hospital General,HG,Segundo Nivel,No Aplica,ISSSTE,Nayarit,Tepic,Nayarit,Calle,Dr. Ignacio Cuesta Barrios,33,,Ejido,La Cantera,63504,"Calle Dr. Ignacio Cuesta Barrios 33, Ejido La Cantera, Tepic, Nayarit, CP. 63504",21.51459305842696,-104.81356487783607,Validada,Anuario Estadístico 2025,
U_ISSSTE_561,NTIST000016,018-205-00,Propia,En Operación,Clínica de Medicina Familiar Acaponeta,CMF Acaponeta,Acaponeta,Clínica de Medicina Familiar,CMF,Primer Nivel,No Aplica,ISSSTE,Nayarit,Acaponeta,Nayarit,Calle,Matamoros Poniente,43,,Colonia,Molina,63435,"Calle Matamoros Poniente 43, Colonia Molina, Acaponeta, Nayarit, CP. 63435",22.49349173101917,-105.36531609733044,Validada,Anuario Estadístico 2025,
U_ISSSTE_562,NTIST000231,018-205-01,Subrogada,En Operación,Consultorio de Atención Familiar San Felipe Aztatán,CAF San Felipe Aztatán,San Felipe Aztatán,Consultorio de Atención Familiar,CAF,Primer Nivel,No Aplica,ISSSTE,Nayarit,Tecuala,Nayarit,Calle,Venustiano Carranza,31,,Localidad,San Felipe Aztatán,63446,"Calle Venustiano Carranza 31, Localidad San Felipe Aztatán, Tecuala, Nayarit, CP. 63446",22.38034291000874,-105.41667078896933,Solicitar Validación,Anuario Estadístico 2025,Coordenadas aproximadas. Google Maps no disponible en la zona
U_ISSSTE_563,NTIST000086,018-205-03,Propia,En Operación,Unidad de Medicina Familiar Rosamorada,UMF Rosamorada,Rosamorada,Unidad de Medicina Familiar,UMF,Primer Nivel,No Aplica,ISSSTE,Nayarit,Rosamorada,Nayarit,Calle,Sonora,13,,Colonia,Centro,63630,"Calle Sonora 13, Colonia Centro, Rosamorada, Nayarit, CP. 63630",22.120099428335802,-105.20488227298736,Validada,Anuario Estadístico 2025,
U_ISSSTE_564,NTIST000173,018-205-04,Subrogada,En Operación,Consultorio de Atención Familiar Ruíz,CAF Ruíz,Ruíz,Consultorio de Atención Familiar,CAF,Primer Nivel,No Aplica,ISSSTE,Nayarit,Ruíz,Nayarit,Calle,Emiliano Zapata,13,,Colonia,Centro,63620,"Calle Emiliano Zapata 13, Colonia Centro, Ruíz, Nayarit, CP. 63620",21.953794813313554,-105.14513921063478,Validada,Anuario Estadístico 2025,
U_ISSSTE_565,NTIST000115,018-205-05,Propia,En Operación,Unidad de Medicina Familiar Tecuala,UMF Tecuala,Tecuala,Unidad de Medicina Familiar,UMF,Primer Nivel,No Aplica,ISSSTE,Nayarit,Tecuala,Nayarit,Calle,Durango Sur,S/N,,Colonia,Camichín,63453,"Calle Durango Sur S/N, Colonia Camichín, Tecuala, Nayarit, CP. 63453",22.393811124149124,-105.46323830687741,Validada,Anuario Estadístico 2025,
U_ISSSTE_566,NTIST000132,018-205-06,Propia,En Operación,Unidad de Medicina Familiar Tuxpan,UMF Tuxpan,Tuxpan,Unidad de Medicina Familiar,UMF,Primer Nivel,No Aplica,ISSSTE,Nayarit,Tuxpan,Nayarit,Calle,Independencia,975,,Colonia,Emiliano Zapata,63203,"Calle Independencia 975, Colonia Emiliano Zapata, Tuxpan, Nayarit, CP. 63203",21.942089720844706,-105.2825885091631,Validada,Anuario Estadístico 2025,
U_ISSSTE_567,NTIST000161,018-205-07,Subrogada,En Operación,Consultorio de Atención Familiar Huajicori,CAF Huajicori,Huajicori,Consultorio de Atención Familiar,CAF,Primer Nivel,No Aplica,ISSSTE,Nayarit,Huajicori,Nayarit,Calle,Prisciliano Sánchez,593,,Colonia,Centro,63480,"Calle Prisciliano Sánchez 593, Colonia Centro, Huajicori, Nayarit, CP. 63480",22.637602719559084,-105.32268810720124,Solicitar Validación,Anuario Estadístico 2025,Las coordenadas envían a un centro ganadero
U_ISSSTE_568,NTIST000243,018-206-00,Propia,En Operación,"Clínica de Medicina Familiar Dr. Joaquín Cánovas Puchades,Tepic","CMF Dr. Joaquín Cánovas Puchades,Tepic","Dr. Joaquín Cánovas Puchades,Tepic",Clínica de Medicina Familiar,CMF,Primer Nivel,No Aplica,ISSSTE,Nayarit,Tepic,Nayarit,Andador,Santa Cruz,10,,Unidad Habitacional,FOVISSSTE CDDEE,63119,"Andador Santa Cruz 10, Unidad Habitacional FOVISSSTE CDDEE, Tepic, Nayarit, CP. 63119",21.518000368598887,-104.91612193361783,Validada,Anuario Estadístico 2025,
U_ISSSTE_569,NTIST000021,018-206-01,Propia,En Operación,Unidad de Medicina Familiar Ahuacatlán,UMF Ahuacatlán,Ahuacatlán,Unidad de Medicina Familiar,UMF,Primer Nivel,No Aplica,ISSSTE,Nayarit,Ahuacatlán,Nayarit,Calle,Ferrocarril,4,,Barrio,de la Otra Banda,63923,"Calle Ferrocarril 4, Barrio de la Otra Banda, Ahuacatlán, Nayarit, CP. 63923",21.055814798290896,-104.48151612469202,Validada,Anuario Estadístico 2025,
U_ISSSTE_570,NTIST000156,018-206-02,Subrogada,En Operación,Consultorio de Atención Familiar Amatlán de Cañas,CAF Amatlán de Cañas,Amatlán de Cañas,Consultorio de Atención Familiar,CAF,Primer Nivel,No Aplica,ISSSTE,Nayarit,Amatlán de Cañas,Nayarit,Calle,Francisco I. Madero,10,,Colonia,Centro,63960,"Calle Francisco I. Madero 10, Colonia Centro, Amatlán de Cañas, Nayarit, CP. 63960",20.80781542510742,-104.40612923938077,Validada,Anuario Estadístico 2025,
U_ISSSTE_571,NTIST000033,018-206-03,Propia,En Operación,Unidad de Medicina Familiar Compostela,UMF Compostela,Compostela,Unidad de Medicina Familiar,UMF,Primer Nivel,No Aplica,ISSSTE,Nayarit,Compostela,Nayarit,Calle,Campo Estrella,20,,Colonia,Librado Rivera,63704,"Calle Campo Estrella 20, Colonia Librado Rivera, Compostela, Nayarit, CP. 63704",21.229861009422713,-104.90327498347024,Validada,Anuario Estadístico 2025,
U_ISSSTE_572,NTIST000062,018-206-04,Propia,En Operación,Unidad de Medicina Familiar Ixtlán del Río,UMF Ixtlán del Río,Ixtlán del Río,Unidad de Medicina Familiar,UMF,Primer Nivel,No Aplica,ISSSTE,Nayarit,Ixtlán del Río,Nayarit,Calle,Juan de Dios Peza,164,,Colonia,Everardo Peña Navarro,63959,"Calle Juan de Dios Peza 164, Colonia Everardo Peña Navarro, Ixtlán del Río, Nayarit, CP. 63959",21.041498732909222,-104.37112397822482,Validada,Anuario Estadístico 2025,
U_ISSSTE_573,NTIST000050,018-206-06,Propia,En Operación,Unidad de Medicina Familiar Las Varas,UMF Las Varas,Las Varas,Unidad de Medicina Familiar,UMF,Primer Nivel,No Aplica,ISSSTE,Nayarit,Compostela,Nayarit,Calle,Michoacán Sur,S/N,,Colonia,San José,63715,"Calle Michoacán Sur S/N, Colonia San José, Compostela, Nayarit, CP. 63715",21.17762825240661,-105.14145998849973,Validada,Anuario Estadístico 2025,
U_ISSSTE_574,NTIST000074,018-206-07,Propia,En Operación,Unidad de Medicina Familiar Jala,UMF Jala,Jala,Unidad de Medicina Familiar,UMF,Primer Nivel,No Aplica,ISSSTE,Nayarit,Jala,Nayarit,Calle,Veracruz,142,,Colonia,Independencia,63893,"Calle Veracruz 142, Colonia Independencia, Jala, Nayarit, CP. 63893",21.100372619277007,-104.43466001435583,Validada,Anuario Estadístico 2025,
U_ISSSTE_575,NTIST000202,018-206-08,Subrogada,En Operación,Consultorio de Atención Familiar San Blas,CAF San Blas,San Blas,Consultorio de Atención Familiar,CAF,Primer Nivel,No Aplica,ISSSTE,Nayarit,San Blas,Nayarit,Calle,Vicente Guerrero,56,,Colonia,Higuera y la Vaca,63743,"Calle Vicente Guerrero 56, Colonia Higuera y la Vaca, San Blas, Nayarit, CP. 63743",21.539916309563875,-105.2813954417885,Validada,Anuario Estadístico 2025,
U_ISSSTE_576,NTIST000045,018-206-09,Propia,En Operación,Unidad de Medicina Familiar Peñita de Jaltemba,UMF Peñita de Jaltemba,Peñita de Jaltemba,Unidad de Medicina Familiar,UMF,Primer Nivel,No Aplica,ISSSTE,Nayarit,Compostela,Nayarit,Calle,Bahía de Cancún,S/N,,Colonia,Cedro,63720,"Calle Bahía de Cancún S/N, Colonia Cedro, Compostela, Nayarit, CP. 63720",21.042399143127387,-105.24518226438461,Validada,Anuario Estadístico 2025,
U_ISSSTE_577,NTIST000144,018-206-10,Propia,En Operación,Unidad de Medicina Familiar San Juan de Abajo,UMF San Juan de Abajo,San Juan de Abajo,Unidad de Medicina Familiar,UMF,Primer Nivel,No Aplica,ISSSTE,Nayarit,Bahía de Banderas,Nayarit,Calle,Ing. José de Jesús H. Casas,S/N,,Colonia,Campamento,63730,"Calle Ing. José de Jesús H. Casas S/N, Colonia Campamento, Bahía de Banderas, Nayarit, CP. 63730",20.818646391473617,-105.18815038810774,Validada,Anuario Estadístico 2025,
U_ISSSTE_578,NTIST000226,018-206-11,Subrogada,En Operación,Consultorio de Atención Familiar Santa María del Oro,CAF Santa María del Oro,Santa María del Oro,Consultorio de Atención Familiar,CAF,Primer Nivel,No Aplica,ISSSTE,Nayarit,Santa María del Oro,Nayarit,Calle,Donato Guerra,8,,Colonia,Centro,63830,"Calle Donato Guerra 8, Colonia Centro, Santa María del Oro, Nayarit, CP. 63830",21.332698568474765,-104.5845300169302,Solicitar Validación,Anuario Estadístico 2025,Google Maps no actualizado en la zona. Coordenadas aproximadas
U_ISSSTE_579,NTIST000091,018-206-12,Propia,En Operación,Unidad de Medicina Familiar Santiago Ixcuintla,UMF Santiago Ixcuintla,Santiago Ixcuintla,Unidad de Medicina Familiar,UMF,Primer Nivel,No Aplica,ISSSTE,Nayarit,Santiago Ixcuintla,Nayarit,Avenida,México Norte,534,,Colonia,Amado Nervo,63310,"Avenida México Norte 534, Colonia Amado Nervo, Santiago Ixcuintla, Nayarit, CP. 63310",21.814820736695246,-105.204129418377,Validada,Anuario Estadístico 2025,
U_ISSSTE_580,NTIST000103,018-206-13,Propia,En Operación,Unidad de Medicina Familiar Villa Hidalgo,UMF Villa Hidalgo,Villa Hidalgo,Unidad de Medicina Familiar,UMF,Primer Nivel,No Aplica,ISSSTE,Nayarit,Santiago Ixcuintla,Nayarit,Calle,Mérida,27,,Colonia,Villa de Guadalupe,63550,"Calle Mérida 27, Colonia Villa de Guadalupe, Santiago Ixcuintla, Nayarit, CP. 63550",21.740189120253852,-105.22892296562155,Validada,Anuario Estadístico 2025,
U_ISSSTE_581,NTIST000214,018-206-16,Convenio,En Operación,Consultorio de Atención Familiar San Pedro Lagunillas,CAF San Pedro Lagunillas,San Pedro Lagunillas,Consultorio de Atención Familiar,CAF,Primer Nivel,No Aplica,ISSSTE,Nayarit,San Pedro Lagunillas,Nayarit,Calle,José María Mercado,102,,Barrio,de En medio,63800,"Calle José María Mercado 102, Barrio de En medio, San Pedro Lagunillas, Nayarit, CP. 63800",21.21902610355515,-104.75175151232769,Solicitar Validación,Anuario Estadístico 2025,No es posible identificar el CAF
U_ISSSTE_582,PENDIENTE,018-206-17,Convenio,En Operación,Consultorio de Atención Familiar Islas Marías,CAF Islas Marías ,Islas Marías,Consultorio de Atención Familiar,CAF,Primer Nivel,No Aplica,ISSSTE,Nayarit,San Blas,Nayarit,Calle,"""Desconocida""",S/N,,Isla,María Madre,63779,"Calle ""Desconocida"" S/N, Isla María Madre, San Blas, Nayarit, CP. 63779",21.625960881439138,-106.53144327375541,Validada,Anuario Estadístico 2025,
U_ISSSTE_583,NLIST000093,019-204-00,Propia,En Operación,Clínica Hospital Constitución,CH Constitución,Constitución,Clínica Hospital,CH,Segundo Nivel,Primer Nivel,ISSSTE,Nuevo León,Monterrey,Nuevo León,Calle,Constitución,1500,,Colonia,Obispado,64530,"Calle Constitución 1500, Colonia Obispado, Monterrey, Nuevo León, CP. 64530",25.66896392104215,-100.33726799278904,Validada,Anuario Estadístico 2025,
U_ISSSTE_584,NLIST000233,019-204-01,Rentada,En Operación,Consultorio de Atención Familiar Aramberri,CAF Aramberri,Aramberri,Consultorio de Atención Familiar,CAF,Primer Nivel,No Aplica,ISSSTE,Nuevo León,Aramberri,Nuevo León,Calle,Félix Contreras,S/N,,Colonia,Centro,67940,"Calle Félix Contreras S/N, Colonia Centro, Aramberri, Nuevo León, CP. 67940",24.10154224084733,-99.81763123755877,Solicitar Validación,Anuario Estadístico 2025,No es posible identificar el CAF
U_ISSSTE_585,NLIST000315,019-204-02,Subrogada,En Operación,Consultorio de Atención Familiar Cd. Allende,CAF Cd. Allende,Cd. Allende,Consultorio de Atención Familiar,CAF,Primer Nivel,No Aplica,ISSSTE,Nuevo León,Allende,Nuevo León,Calle,Guadalupe Victoria,500,,Colonia,Centro,67350,"Calle Guadalupe Victoria 500, Colonia Centro, Allende, Nuevo León, CP. 67350",25.27897638916407,-100.01580501462281,Solicitar Validación,Anuario Estadístico 2025,Las coordenadas envian a una farmacia
U_ISSSTE_586,NLIST000146,019-204-03,Convenio,En Operación,Consultorio de Atención Familiar UHF. Col. Burócratas Federales,CAF UHF. Col. Burócratas Federales,UHF. Col. Burócratas Federales,Consultorio de Atención Familiar,CAF,Primer Nivel,No Aplica,ISSSTE,Nuevo León,Monterrey,Nuevo León,Calle,Josefa Ortíz de Domínguez,S/N,,Colonia,Burócratas Federales,64380,"Calle Josefa Ortíz de Domínguez S/N, Colonia Burócratas Federales, Monterrey, Nuevo León, CP. 64380",25.706548375951733,-100.36222826188434,Validada,Anuario Estadístico 2025,
U_ISSSTE_587,NLIST000023,019-204-04,Propia,En Operación,Unidad de Medicina Familiar Cadereyta de Jiménez,UMF Cadereyta de Jiménez,Cadereyta de Jiménez,Unidad de Medicina Familiar,UMF,Primer Nivel,No Aplica,ISSSTE,Nuevo León,Cadereyta Jiménez,Nuevo León,Calle,López Mateos,301,,Colonia,López Mateos 2do Sector,67485,"Calle López Mateos 301, Colonia López Mateos 2do Sector, Cadereyta Jiménez, Nuevo León, CP. 67485",25.573507406100333,-100.00895117230773,Validada,Anuario Estadístico 2025,
U_ISSSTE_588,NLIST000011,019-204-05,Propia,En Operación,Unidad de Medicina Familiar Cd. Anáhuac,UMF Cd. Anáhuac,Cd. Anáhuac,Unidad de Medicina Familiar,UMF,Primer Nivel,No Aplica,ISSSTE,Nuevo León,Anáhuac,Nuevo León,Calle,Maíz,500,,Colonia,Obrera,65034,"Calle Maíz 500, Colonia Obrera, Anáhuac, Nuevo León, CP. 65034",27.241569417837795,-100.1270351483708,Validada,Anuario Estadístico 2025,
U_ISSSTE_589,NLIST000035,019-204-07,Propia,En Operación,Unidad de Medicina Familiar Doctor Arroyo,UMF Doctor Arroyo,Doctor Arroyo,Unidad de Medicina Familiar,UMF,Primer Nivel,No Aplica,ISSSTE,Nuevo León,Doctor Arroyo,Nuevo León,Calle,José María Morelos y Pavón,30,,Colonia,Centro,67900,"Calle José María Morelos y Pavón 30, Colonia Centro, Doctor Arroyo, Nuevo León, CP. 67900",23.669898869576965,-100.18740606225852,Validada,Anuario Estadístico 2025,
U_ISSSTE_590,NLIST000040,019-204-08,Propia,En Operación,Unidad de Medicina Familiar Galeana,UMF Galeana,Galeana,Unidad de Medicina Familiar,UMF,Primer Nivel,No Aplica,ISSSTE,Nuevo León,Galeana,Nuevo León,Calle,Nuevo León,S/N,,Colonia,Centro,67850,"Calle Nuevo León S/N, Colonia Centro, Galeana, Nuevo León, CP. 67850",24.824376194033054,-100.07763916967971,Validada,Anuario Estadístico 2025,
U_ISSSTE_591,NLIST000064,019-204-09,Propia,En Operación,Unidad de Medicina Familiar Gral. Bravo,UMF Gral. Bravo,Gral. Bravo,Unidad de Medicina Familiar,UMF,Primer Nivel,No Aplica,ISSSTE,Nuevo León,General Bravo,Nuevo León,Calle,M. Escobedo,S/N,,Colonia,Centro,67000,"Calle M. Escobedo S/N, Colonia Centro, General Bravo, Nuevo León, CP. 67000",25.79441110097901,-99.18391726962257,Validada,Anuario Estadístico 2025,
U_ISSSTE_592,NLIST000320,019-204-10,Subrogada,En Operación,Consultorio de Atención Familiar Gral. Terán,CAF Gral. Terán,Gral. Terán,Consultorio de Atención Familiar,CAF,Primer Nivel,No Aplica,ISSSTE,Nuevo León,General Terán,Nuevo León,Calle,José María Morelos y Pavón,920,,Colonia,Centro,67400,"Calle José María Morelos y Pavón 920, Colonia Centro, General Terán, Nuevo León, CP. 67400",25.25962963757421,-99.67949870991795,Solicitar Validación,Anuario Estadístico 2025,"Las coordenadas envias a un consultorio, pero no es posible confirmar la presencia de un CAF"
U_ISSSTE_593,NLIST000262,019-204-12,Convenio,En Operación,Consultorio de Atención Familiar Iturbide,CAF Iturbide,Iturbide,Consultorio de Atención Familiar,CAF,Primer Nivel,No Aplica,ISSSTE,Nuevo León,Iturbide,Nuevo León,Calle,Allende,S/N,,Colonia,Centro,67830,"Calle Allende S/N, Colonia Centro, Iturbide, Nuevo León, CP. 67830",24.72437439949404,-99.90123925110066,Validada,Anuario Estadístico 2025,
U_ISSSTE_594,NLIST000245,019-204-13,Subrogada,En Operación,Consultorio de Atención Familiar La Ascensión,CAF La Ascensión,La Ascensión,Consultorio de Atención Familiar,CAF,Primer Nivel,No Aplica,ISSSTE,Nuevo León,Aramberri,Nuevo León,Calle,Miguel Hidalgo,S/N,,Pueblo,La Ascención,67950,"Calle Miguel Hidalgo S/N, Pueblo La Ascención, Aramberri, Nuevo León, CP. 67950",24.325332488520267,-99.91324330133288,Solicitar Validación,Anuario Estadístico 2025,Google Maps no disponible en la zona
U_ISSSTE_595,NLIST000303,019-204-14,Subrogada,En Operación,Consultorio de Atención Familiar Lampazos de Naranjo,CAF Lampazos de Naranjo,Lampazos de Naranjo,Consultorio de Atención Familiar,CAF,Primer Nivel,No Aplica,ISSSTE,Nuevo León,Lampazos de Naranjo,Nuevo León,Calle,Antonio I. Villarreal,66,,Colonia,Centro,65070,"Calle Antonio I. Villarreal 66, Colonia Centro, Lampazos de Naranjo, Nuevo León, CP. 65070",27.025926238157336,-100.50627247466748,Validada,Anuario Estadístico 2025,
U_ISSSTE_596,NLIST000081,019-204-16,Propia,En Operación,Unidad de Medicina Familiar Montemorelos,UMF Montemorelos,Montemorelos,Unidad de Medicina Familiar,UMF,Primer Nivel,No Aplica,ISSSTE,Nuevo León,Montemorelos,Nuevo León,Calle,Rayón,205,,Colonia,del Maestro,67510,"Calle Rayón 205, Colonia del Maestro, Montemorelos, Nuevo León, CP. 67510",25.192555423143805,-99.83745049991248,Validada,Anuario Estadístico 2025,
U_ISSSTE_597,NLIST000274,019-204-17,Convenio,En Operación,Consultorio Médico en Centro de Trabajo Palacio Federal (Monterrey),CMCT Palacio Federal (Monterrey),Palacio Federal (Monterrey),Consultorio Médico en Centro de Trabajo,CMCT,Primer Nivel,No Aplica,ISSSTE,Nuevo León,Monterrey,Nuevo León,Calle,Mariano Matamoros,520,,Colonia,Centro,64000,"Calle Mariano Matamoros 520, Colonia Centro, Monterrey, Nuevo León, CP. 64000",25.66883682918191,-100.31125737569573,Validada,Anuario Estadístico 2025,
U_ISSSTE_598,NLIST000180,019-204-18,Convenio,En Operación,Consultorio Médico en Centro de Trabajo SAT Administración Fiscal,CMCT SAT Administración Fiscal,SAT Administración Fiscal,Consultorio Médico en Centro de Trabajo,CMCT,Primer Nivel,No Aplica,ISSSTE,Nuevo León,Guadalupe,Nuevo León,Avenida,Miguel Alemán,6345,,Colonia,Ribera de la Purísima,67125,"Avenida Miguel Alemán 6345, Colonia Ribera de la Purísima, Guadalupe, Nuevo León, CP. 67125",25.694729176423973,-100.23804360383873,Validada,Anuario Estadístico 2025,
U_ISSSTE_599,NLIST000110,019-204-19,Propia,En Operación,Unidad de Medicina Familiar Sabinas Hidalgo,UMF Sabinas Hidalgo,Sabinas Hidalgo,Unidad de Medicina Familiar,UMF,Primer Nivel,No Aplica,ISSSTE,Nuevo León,Sabinas Hidalgo,Nuevo León,Calle,Iturbide,S/N,,Colonia,Centro,65200,"Calle Iturbide S/N, Colonia Centro, Sabinas Hidalgo, Nuevo León, CP. 65200",26.506395883233672,-100.19777547542196,Validada,Anuario Estadístico 2025,
U_ISSSTE_600,NLIST000122,019-204-23,En Proceso de Regularización,En Operación,Unidad de Medicina Familiar Villa de Santiago,UMF Villa de Santiago,Villa de Santiago,Unidad de Medicina Familiar,UMF,Primer Nivel,No Aplica,ISSSTE,Nuevo León,Santiago,Nuevo León,Calle,Morelos,337,,Colonia,Centro,67310,"Calle Morelos 337, Colonia Centro, Santiago, Nuevo León, CP. 67310",25.425329119067626,-100.15315768822913,Validada,Anuario Estadístico 2025,
U_ISSSTE_601,NLIST000361,019-204-24,Subrogada,En Operación,Consultorio de Atención Familiar Cerralvo,CAF Cerralvo,Cerralvo,Consultorio de Atención Familiar,CAF,Primer Nivel,No Aplica,ISSSTE,Nuevo León,Cerralvo,Nuevo León,Calle,Nicolás Bravo,212,,Colonia,Centro,65900,"Calle Nicolás Bravo 212, Colonia Centro, Cerralvo, Nuevo León, CP. 65900",26.08624002632395,-99.61432014720819,Validada,Anuario Estadístico 2025,
U_ISSSTE_602,NLIST000332,019-204-25,Subrogada,En Operación,Consultorio de Atención Familiar Hualahuises,CAF Hualahuises,Hualahuises,Consultorio de Atención Familiar,CAF,Primer Nivel,No Aplica,ISSSTE,Nuevo León,Hualahuises,Nuevo León,Calle,Progreso,1748,,Colonia,La Ladrillera,67890,"Calle Progreso 1748, Colonia La Ladrillera, Hualahuises, Nuevo León, CP. 67890",24.882524964406937,-99.66711479586886,Validada,Anuario Estadístico 2025,
U_ISSSTE_603,PENDIENTE,019-204-26,Convenio,En Operación,Consultorio Médico en Centro de Trabajo Sindicato de SARH (SADER),CMCT Sindicato de SARH (SADER),Sindicato de SARH (SADER),Consultorio Médico en Centro de Trabajo,CMCT,Primer Nivel,No Aplica,ISSSTE,Nuevo León,Monterrey,Nuevo León,Calle,Gral. Carlos Salazar Poniente,927,,Colonia,Centro,64000,"Calle Gral. Carlos Salazar Poniente 927, Colonia Centro, Monterrey, Nuevo León, CP. 64000",25.683197058227076,-100.32153253362127,Solicitar Validación,Anuario Estadístico 2025,No aparece en CLUES
U_ISSSTE_604,NLIST000052,019-204-27,Propia,En Operación,Unidad de Medicina Familiar El Potosí,UMF El Potosí,El Potosí,Unidad de Medicina Familiar,UMF,Primer Nivel,No Aplica,ISSSTE,Nuevo León,Galeana,Nuevo León,Calle,Hidalgo,S/N,,Pueblo,El Potosí,67852,"Calle Hidalgo S/N, Pueblo El Potosí, Galeana, Nuevo León, CP. 67852",24.84432695046802,-100.32396125395147,Validada,Anuario Estadístico 2025,
U_ISSSTE_605,NLIST000175,019-204-29,Subrogada,En Operación,Consultorio de Atención Familiar Villa Dorada,CAF Villa Dorada,Villa Dorada,Consultorio de Atención Familiar,CAF,Primer Nivel,No Aplica,ISSSTE,Nuevo León,Monterrey,Nuevo León,Avenida,Zapopan,4849,,Colonia,Villa Dorada,64360,"Avenida Zapopan 4849, Colonia Villa Dorada, Monterrey, Nuevo León, CP. 64360",25.72412790963547,-100.37487710985121,Validada,Anuario Estadístico 2025,
U_ISSSTE_606,NLIST000250,019-204-31,Subrogada,En Operación,Consultorio de Atención Familiar San José de Raíces,CAF San José de Raíces,San José de Raíces,Consultorio de Atención Familiar,CAF,Primer Nivel,No Aplica,ISSSTE,Nuevo León,Galeana,Nuevo León,Calle,Samuel Reyes,S/N,,Pueblo,San José de Raíces,67870,"Calle Samuel Reyes S/N, Pueblo San José de Raíces, Galeana, Nuevo León, CP. 67870",24.57212401209902,-100.24107801102933,Validada,Anuario Estadístico 2025,
U_ISSSTE_607,NLIST000151,019-204-32,Convenio,En Operación,Consultorio Médico en Centro de Trabajo INEGI,CMCT INEGI,INEGI,Consultorio Médico en Centro de Trabajo,CMCT,Primer Nivel,No Aplica,ISSSTE,Nuevo León,Monterrey,Nuevo León,Calle,Adolfo Prieto,2314,,Colonia,Obrera,64010,"Calle Adolfo Prieto 2314, Colonia Obrera, Monterrey, Nuevo León, CP. 64010",25.67712097507358,-100.29190946559804,Validada,Anuario Estadístico 2025,
U_ISSSTE_608,NLIST000076,019-205-00,Propia,En Operación,Clínica de Medicina Familiar con Especialidades y Quirófano Linares,CMFEQ Linares,Linares,Clínica de Medicina Familiar con Especialidades y Quirófano,CMFEQ,Segundo Nivel,Primer Nivel,ISSSTE,Nuevo León,Linares,Nuevo León,Calle,Ciprés,680,,Colonia,Provileon,67755,"Calle Ciprés 680, Colonia Provileon, Linares, Nuevo León, CP. 67755",24.86082672551942,-99.552518607481,Validada,Anuario Estadístico 2025,
U_ISSSTE_609,NLIST000373,019-206-00,Propia,En Operación,Clínica de Medicina Familiar Guadalupe Col. de Maestros,CMF Guadalupe Col. de Maestros,Guadalupe Col. de Maestros,Clínica de Medicina Familiar,CMF,Primer Nivel,No Aplica,ISSSTE,Nuevo León,Guadalupe,Nuevo León,Calle,Los Pinos,228,,Colonia,Dos de Junio 2do Sector,67189,"Calle Los Pinos 228, Colonia Dos de Junio 2do Sector, Guadalupe, Nuevo León, CP. 67189",25.676057797684987,-100.21296105328851,Validada,Anuario Estadístico 2025,
U_ISSSTE_610,NLIST000385,019-208-00,Propia,En Operación,Clínica de Medicina Familiar Escobedo,CMF Escobedo,Escobedo,Clínica de Medicina Familiar,CMF,Primer Nivel,No Aplica,ISSSTE,Nuevo León,Monterrey,Nuevo León,Calle,Abasolo,524,,Colonia,Paseo Real 2do Sector,66072,"Calle Abasolo 524, Colonia Paseo Real 2do Sector, Monterrey, Nuevo León, CP. 66072",25.797589127922958,-100.33385575028463,Validada,Anuario Estadístico 2025,
U_ISSSTE_611,OCIST000136,020-204-00,Propia,En Operación,Clínica de Medicina Familiar Salina Cruz,CMF Salina Cruz,Salina Cruz,Clínica de Medicina Familiar,CMF,Primer Nivel,No Aplica,ISSSTE,Oaxaca,Salina Cruz,Oaxaca,Calle,Frontera,209,,Barrio,Nuevo,70660,"Calle Frontera 209, Barrio Nuevo, Salina Cruz, Oaxaca, CP. 70660",16.17976809571165,-95.19920990412406,Validada,Anuario Estadístico 2025,
U_ISSSTE_612,OCIST000025,020-204-01,Propia,En Operación,Unidad de Medicina Familiar Ciudad Ixtepec,UMF Ciudad Ixtepec,Ciudad Ixtepec,Unidad de Medicina Familiar,UMF,Primer Nivel,No Aplica,ISSSTE,Oaxaca,Ciudad Ixtepec,Oaxaca,Calle,Rafael Ramírez,S/N,,Colonia,Moderna,70110,"Calle Rafael Ramírez S/N, Colonia Moderna, Ciudad Ixtepec, Oaxaca, CP. 70110",16.546888315515133,-95.08693350679188,Validada,Anuario Estadístico 2025,
U_ISSSTE_613,OCIST000066,020-204-02,Propia,En Operación,Unidad de Medicina Familiar Juchitán de Zaragoza,UMF Juchitán de Zaragoza,Juchitán de Zaragoza,Unidad de Medicina Familiar,UMF,Primer Nivel,No Aplica,ISSSTE,Oaxaca,Juchitán de Zaragoza,Oaxaca,Calle,Rosendo Díaz,S/N,,Sección,Segunda,70000,"Calle Rosendo Díaz S/N, Sección Segunda, Juchitán de Zaragoza, Oaxaca, CP. 70000",16.441828924225206,-95.01000190817172,Validada,Anuario Estadístico 2025,
U_ISSSTE_614,OCIST000585,020-204-03,Propia,En Operación,Unidad de Medicina Familiar Unión Hidalgo,UMF Unión Hidalgo,Unión Hidalgo,Unidad de Medicina Familiar,UMF,Primer Nivel,No Aplica,ISSSTE,Oaxaca,Unión Hidalgo,Oaxaca,Carretera,La Venta-Unión Hidalgo,S/N,,Colonia,Lázaro Cárdenas,70150,"Carretera La Venta-Unión Hidalgo S/N, Colonia Lázaro Cárdenas, Unión Hidalgo, Oaxaca, CP. 70150",16.491031231579875,-94.83262918857847,Validada,Anuario Estadístico 2025,
U_ISSSTE_615,OCIST000544,020-204-04,Subrogada,En Operación,Consultorio de Atención Familiar Santiago Laollaga,CAF Santiago Laollaga,Santiago Laollaga,Consultorio de Atención Familiar,CAF,Primer Nivel,No Aplica,ISSSTE,Oaxaca,Santiago Laollaga,Oaxaca,Avenida,Oaxaca,S/N,,Colonia,Jacarandas,70720,"Avenida Oaxaca S/N, Colonia Jacarandas, Santiago Laollaga, Oaxaca, CP. 70720",16.583171925246873,-95.20444467055444,Validada,Anuario Estadístico 2025,
U_ISSSTE_616,OCIST000515,020-204-05,Subrogada,En Operación,Consultorio de Atención Familiar Santiago Astata,CAF Santiago Astata,Santiago Astata,Consultorio de Atención Familiar,CAF,Primer Nivel,No Aplica,ISSSTE,Oaxaca,Santiago Astata,Oaxaca,Calle,Juárez,S/N,,Pueblo,Santa María Huamelula,70770,"Calle Juárez S/N, Pueblo Santa María Huamelula, Santiago Astata, Oaxaca, CP. 70770",15.992237267121864,-95.70279285028427,Validada,Anuario Estadístico 2025,
U_ISSSTE_617,OCIST000322,020-204-06,Subrogada,En Operación,Consultorio de Atención Familiar El Espinal,CAF El Espinal,El Espinal,Consultorio de Atención Familiar,CAF,Primer Nivel,No Aplica,ISSSTE,Oaxaca,El Espinal,Oaxaca,Calle,Porfirio Díaz,72,,Colonia,Centro,70117,"Calle Porfirio Díaz 72, Colonia Centro, El Espinal, Oaxaca, CP. 70117",16.485015404496025,-95.04385059367353,Solicitar Validación,Anuario Estadístico 2025,"Antiguamente exisitía un CAF, ahora un Banco Bienestar"
U_ISSSTE_618,OCIST000252,020-205-00,Propia,En Operación,Clínica Hospital Tehuantepec,CH Tehuantepec,Tehuantepec,Clínica Hospital,CH,Segundo Nivel,Primer Nivel,ISSSTE,Oaxaca,Santo Domingo Tehuantepec,Oaxaca,Carretera,Transitsmica,Km 7,,Sección,Cuarta de Santa Cruz,70760,"Carretera Transitsmica Km 7, Sección Cuarta de Santa Cruz, Santo Domingo Tehuantepec, Oaxaca, CP. 70760",16.292134000261424,-95.22960482260291,Validada,Anuario Estadístico 2025,
U_ISSSTE_619,OCIST000083,020-205-01,En Proceso de Regularización,En Operación,Unidad de Medicina Familiar Matías Romero,UMF Matías Romero,Matías Romero,Unidad de Medicina Familiar,UMF,Primer Nivel,No Aplica,ISSSTE,Oaxaca,Matías Romero Avendaño,Oaxaca,Calle,Corregidora Norte,251,,Colonia,El Bajío,70300,"Calle Corregidora Norte 251, Colonia El Bajío, Matías Romero Avendaño, Oaxaca, CP. 70300",16.884075110148157,-95.0388446868722,Validada,Anuario Estadístico 2025,
U_ISSSTE_620,OCIST000211,020-205-02,En Proceso de Regularización,En Operación,Unidad de Medicina Familiar San Pedro Tapanatepec,UMF San Pedro Tapanatepec,San Pedro Tapanatepec,Unidad de Medicina Familiar,UMF,Primer Nivel,No Aplica,ISSSTE,Oaxaca,San Pedro Tapanatepec,Oaxaca,Avenida,México,644,,Barrio,Unidad Agrícola,70180,"Avenida México 644, Barrio Unidad Agrícola, San Pedro Tapanatepec, Oaxaca, CP. 70180",16.370499307990922,-94.19114082529038,Validada,Anuario Estadístico 2025,
U_ISSSTE_621,OCIST000141,020-205-03,Propia,En Operación,Unidad de Medicina Familiar San Francisco Ixhuatán,UMF San Francisco Ixhuatán,San Francisco Ixhuatán,Unidad de Medicina Familiar,UMF,Primer Nivel,No Aplica,ISSSTE,Oaxaca,San Francisco Ixhuatán,Oaxaca,Calle,Independencia,39,,Colonia,Centro,70175,"Calle Independencia 39, Colonia Centro, San Francisco Ixhuatán, Oaxaca, CP. 70175",16.352609273416576,-94.48442247409147,Validada,Anuario Estadístico 2025,
U_ISSSTE_622,OCIST000392,020-205-04,Subrogada,En Operación,Consultorio de Atención Familiar San Francisco del Mar,CAF San Francisco del Mar,San Francisco del Mar,Consultorio de Atención Familiar,CAF,Primer Nivel,No Aplica,ISSSTE,Oaxaca,San Francisco del Mar,Oaxaca,Calle,Miguel Hidalgo,51,,Sección,Primera,70146,"Calle Miguel Hidalgo 51, Sección Primera, San Francisco del Mar, Oaxaca, CP. 70146",16.340484010408538,-94.5094197060651,Validada,Anuario Estadístico 2025,
U_ISSSTE_623,OCIST000346,020-205-05,Subrogada,En Operación,Consultorio de Atención Familiar Palomares,CAF Palomares,Palomares,Consultorio de Atención Familiar,CAF,Primer Nivel,No Aplica,ISSSTE,Oaxaca,Matías Romero Avendaño,Oaxaca,Calle,Ignacio Zaragoza,S/N,,Localidad,Palomares,70312,"Calle Ignacio Zaragoza S/N, Localidad Palomares, Matías Romero Avendaño, Oaxaca, CP. 70312",17.139283389214643,-95.0617116385833,Solicitar Validación,Anuario Estadístico 2025,No fue posible encontrar el CAF. Se hace uso de las coordenadas del Centro de Salud más cercano. Google Maps no disponible en la zona
U_ISSSTE_624,OCIST000556,020-205-06,Subrogada,En Operación,Consultorio de Atención Familiar Santo Domingo Zanatepec,CAF Santo Domingo Zanatepec,Santo Domingo Zanatepec,Consultorio de Atención Familiar,CAF,Primer Nivel,No Aplica,ISSSTE,Oaxaca,Santo Domingo Zanatepec,Oaxaca,Calle,Guerrero,9,,Sección,Tercera,70160,"Calle Guerrero 9, Sección Tercera, Santo Domingo Zanatepec, Oaxaca, CP. 70160",16.48104363508085,-94.35965179425403,Validada,Anuario Estadístico 2025,
U_ISSSTE_625,PENDIENTE,020-205-07,En Proceso de Regularización,En Operación,Consultorio de Atención Familiar San Pedro Comitancillo,CAF San Pedro Comitancillo,San Pedro Comitancillo,Consultorio de Atención Familiar,CAF,Primer Nivel,No Aplica,ISSSTE,Oaxaca,San Pedro Comitancillo,Oaxaca,Avenida,Centenario,68,,Pueblo,San Pedro Comitancillo,70750,"Avenida Centenario 68, Pueblo San Pedro Comitancillo, San Pedro Comitancillo, Oaxaca, CP. 70750",16.489724006117385,-95.15137852453908,Solicitar Validación,Anuario Estadístico 2025,Se usan las coordenadas del centro de salud más cercano
U_ISSSTE_626,OCIST000165,020-206-00,Propia,En Operación,Clínica Hospital Tuxtepec,CH Tuxtepec,Tuxtepec,Clínica Hospital,CH,Segundo Nivel,Primer Nivel,ISSSTE,Oaxaca,San Juan Bautista Tuxtepec,Oaxaca,Calle,Mérida,105,,Fraccionamiento,Jardínes del Arroyo,68340,"Calle Mérida 105, Fraccionamiento Jardínes del Arroyo, San Juan Bautista Tuxtepec, Oaxaca, CP. 68340",18.082017928914816,-96.15195886584074,Validada,Anuario Estadístico 2025,
U_ISSSTE_627,OCIST000305,020-206-01,Propia,En Operación,Unidad de Medicina Familiar Acatlán de Pérez Figueroa,UMF Acatlán de Pérez Figueroa,Acatlán de Pérez Figueroa,Unidad de Medicina Familiar,UMF,Primer Nivel,No Aplica,ISSSTE,Oaxaca,Acatlán de Pérez Figueroa,Oaxaca,Avenida,Porfirio Díaz,S/N,,Localidad,Acatlán de Pérez Figueroa,68420,"Avenida Porfirio Díaz S/N, Localidad Acatlán de Pérez Figueroa, Acatlán de Pérez Figueroa, Oaxaca, CP. 68420",18.54276609078541,-96.60598784200236,Validada,Anuario Estadístico 2025,
U_ISSSTE_628,OCIST000071,020-206-02,Propia,En Operación,Unidad de Medicina Familiar Loma Bonita,UMF Loma Bonita,Loma Bonita,Unidad de Medicina Familiar,UMF,Primer Nivel,No Aplica,ISSSTE,Oaxaca,Loma Bonita,Oaxaca,Calle,Aguascalientes,92,,Barrio,La Escobeta,68400,"Calle Aguascalientes 92, Barrio La Escobeta, Loma Bonita, Oaxaca, CP. 68400",18.103662515389747,-95.87504271192074,Validada,Anuario Estadístico 2025,
U_ISSSTE_629,OCIST000170,020-206-04,Propia,En Operación,Unidad de Medicina Familiar San Lucas Ojitlán,UMF San Lucas Ojitlán,San Lucas Ojitlán,Unidad de Medicina Familiar,UMF,Primer Nivel,No Aplica,ISSSTE,Oaxaca,San Lucas Ojitlán,Oaxaca,Calle,Miguel Hidalgo,50,,Sección,Primera,68470,"Calle Miguel Hidalgo 50, Sección Primera, San Lucas Ojitlán, Oaxaca, CP. 68470",18.057472798874613,-96.39303169471573,Validada,Anuario Estadístico 2025,
U_ISSSTE_630,OCIST000182,020-206-05,Propia,En Operación,Unidad de Medicina Familiar Temascal,UMF Temascal,Temascal,Unidad de Medicina Familiar,UMF,Primer Nivel,No Aplica,ISSSTE,Oaxaca,San Miguel Soyaltepec,Oaxaca,Calle,Ocho,285,,Colonia,Centro,68430,"Calle Ocho 285, Colonia Centro, San Miguel Soyaltepec, Oaxaca, CP. 68430",18.240569385561514,-96.40390664084336,Validada,Anuario Estadístico 2025,
U_ISSSTE_631,OCIST000590,020-206-06,Subrogada,En Operación,Consultorio de Atención Familiar Valle Nacional,CAF Valle Nacional,Valle Nacional,Consultorio de Atención Familiar,CAF,Primer Nivel,No Aplica,ISSSTE,Oaxaca,San Juan Bautista Valle Nacional,Oaxaca,Calle,Oriente Seis,24,,Colonia,Centro,68480,"Calle Oriente Seis 24, Colonia Centro, San Juan Bautista Valle Nacional, Oaxaca, CP. 68480",17.777426917868898,-96.29724019319283,Validada,Anuario Estadístico 2025,
U_ISSSTE_632,OCIST000380,020-206-08,Subrogada,En Operación,Consultorio de Atención Familiar San Felipe Usila,CAF San Felipe Usila,San Felipe Usila,Consultorio de Atención Familiar,CAF,Primer Nivel,No Aplica,ISSSTE,Oaxaca,San Felipe Usila,Oaxaca,Avenida,Mártires del Río Blanco,103,,Barrio,Chico,68490,"Avenida Mártires del Río Blanco 103, Barrio Chico, San Felipe Usila, Oaxaca, CP. 68490",17.8870344203312,-96.52475029233375,Solicitar Validación,Anuario Estadístico 2025,Google Maps y Clues difieren
U_ISSSTE_633,OCIST000042,020-207-00,Propia,En Operación,Clínica Hospital Huajuapan de León,CH Huajuapan de León,Huajuapan de León,Clínica Hospital,CH,Segundo Nivel,Primer Nivel,ISSSTE,Oaxaca,Heroica Ciudad de Huajuapan de León,Oaxaca,Calle,Violeta,19,,Fraccionamiento,Jardínes del Sur,69007,"Calle Violeta 19, Fraccionamiento Jardínes del Sur, Heroica Ciudad de Huajuapan de León, Oaxaca, CP. 69007",17.801335361606927,-97.78005551773678,Validada,Anuario Estadístico 2025,
U_ISSSTE_634,OCIST000532,020-207-02,Subrogada,En Operación,Consultorio de Atención Familiar Juxtlahuaca,CAF Juxtlahuaca,Juxtlahuaca,Consultorio de Atención Familiar,CAF,Primer Nivel,No Aplica,ISSSTE,Oaxaca,Santiago Juxtlahuaca,Oaxaca,Calle,Independencia Norte,301,,Colonia,Centro,69700,"Calle Independencia Norte 301, Colonia Centro, Santiago Juxtlahuaca, Oaxaca, CP. 69700",17.33670694568059,-98.01017402371934,Solicitar Validación,Anuario Estadístico 2025,"Coordenadas aproximadas, no fue posible localizar el CAF"
U_ISSSTE_635,OCIST000264,020-207-05,Propia,En Operación,Unidad de Medicina Familiar Silacayoápam,UMF Silacayoápam,Silacayoápam,Unidad de Medicina Familiar,UMF,Primer Nivel,No Aplica,ISSSTE,Oaxaca,Silacayoápam,Oaxaca,Calle,Valerio Trujano,11,,Barrio,de Guadalupe,69400,"Calle Valerio Trujano 11, Barrio de Guadalupe, Silacayoápam, Oaxaca, CP. 69400",17.50122483442147,-98.13892798687577,Validada,Anuario Estadístico 2025,
U_ISSSTE_636,OCIST000276,020-207-06,Propia,En Operación,Unidad de Medicina Familiar Tamazulapam,UMF Tamazulapam,Tamazulapam,Unidad de Medicina Familiar,UMF,Primer Nivel,No Aplica,ISSSTE,Oaxaca,Villa de Tamazulápam del Progreso,Oaxaca,Avenida,16 de Septiembre,51,,Villa,Tamazulápam,69510,"Avenida 16 de Septiembre 51, Villa Tamazulápam, Villa de Tamazulápam del Progreso, Oaxaca, CP. 69510",17.665788774510744,-97.57438854129632,Validada,Anuario Estadístico 2025,
U_ISSSTE_637,OCIST000124,020-207-08,Propia,En Operación,Unidad de Medicina Familiar Putla Villa de Guerrero,UMF Putla Villa de Guerrero,Putla Villa de Guerrero,Unidad de Medicina Familiar,UMF,Primer Nivel,No Aplica,ISSSTE,Oaxaca,Putla Villa de Guerrero,Oaxaca,Privada,Antonio Velasco,10,,Barrio,Cruz Grande,71007,"Privada Antonio Velasco 10, Barrio Cruz Grande, Putla Villa de Guerrero, Oaxaca, CP. 71007",17.021765450025732,-97.92030469557238,Validada,Anuario Estadístico 2025,
U_ISSSTE_638,OCIST000462,020-208-00,Propia,En Operación,Clínica de Medicina Familiar con Especialidades y Quirófano Puerto Escondido,CMFEQ Puerto Escondido,Puerto Escondido,Clínica de Medicina Familiar con Especialidades y Quirófano,CMFEQ,Segundo Nivel,Primer Nivel,ISSSTE,Oaxaca,San Pedro Mixtepec,Oaxaca,Calle,Quinta Norte,642,,Sector,Reforma C,71984,"Calle Quinta Norte 642, Sector Reforma C, San Pedro Mixtepec, Oaxaca, CP. 71984",15.867181849357145,-97.06832407475359,Validada,Anuario Estadístico 2025,
U_ISSSTE_639,OCIST000206,020-208-02,Propia,En Operación,Unidad de Medicina Familiar Pochutla,UMF Pochutla,Pochutla,Unidad de Medicina Familiar,UMF,Primer Nivel,No Aplica,ISSSTE,Oaxaca,San Pedro Pochutla,Oaxaca,Calle,Aquiles Serdán,37,,Colonia,La Pasadita,70900,"Calle Aquiles Serdán 37, Colonia La Pasadita, San Pedro Pochutla, Oaxaca, CP. 70900",15.733382921818436,-96.46851905354285,Validada,Anuario Estadístico 2025,
U_ISSSTE_640,OCIST000474,020-208-03,Propia,En Operación,Unidad de Medicina Familiar Río Grande,UMF Río Grande,Río Grande,Unidad de Medicina Familiar,UMF,Primer Nivel,No Aplica,ISSSTE,Oaxaca,Villa de Tututepec,Oaxaca,Calle,Diamante,S/N,,Fraccionamiento,La Perla,71835,"Calle Diamante S/N, Fraccionamiento La Perla, Villa de Tututepec, Oaxaca, CP. 71835",16.009305693742306,-97.45304745106768,Validada,Anuario Estadístico 2025,
U_ISSSTE_641,OCIST000223,020-208-04,Propia,En Operación,Unidad de Medicina Familiar Santa Rosa de Lima,UMF Santa Rosa de Lima,Santa Rosa de Lima,Unidad de Medicina Familiar,UMF,Primer Nivel,No Aplica,ISSSTE,Oaxaca,Villa de Tututepec,Oaxaca,Carretera,Costera del Pacífico,S/N,,Colonia,Cantarana,71810,"Carretera Costera del Pacífico S/N, Colonia Cantarana, Villa de Tututepec, Oaxaca, CP. 71810",16.074847014530032,-97.62626058194776,Validada,Anuario Estadístico 2025,
U_ISSSTE_642,OCIST000486,020-208-05,Subrogada,En Operación,Consultorio de Atención Familiar Juquila,CAF Juquila,Juquila,Consultorio de Atención Familiar,CAF,Primer Nivel,No Aplica,ISSSTE,Oaxaca,Santa Catarina Juquila,Oaxaca,Calle,Principal,S/N,,Barrio,Grande,71900,"Calle Principal S/N, Barrio Grande, Santa Catarina Juquila, Oaxaca, CP. 71900",16.236556247797743,-97.29096845506048,Solicitar Validación,Anuario Estadístico 2025,"Google Maps no disponible en la zona, se hace uso de las coordenadas del centro de salud más cercano"
U_ISSSTE_643,OCIST000491,020-208-09,Subrogada,En Operación,Consultorio de Atención Familiar Santa María Huatulco,CAF Santa María Huatulco,Santa María Huatulco,Consultorio de Atención Familiar,CAF,Primer Nivel,No Aplica,ISSSTE,Oaxaca,Santa María Huatulco,Oaxaca,Calle,Juan de la Barrera,S/N,,Colonia,Las Palmas,70980,"Calle Juan de la Barrera S/N, Colonia Las Palmas, Santa María Huatulco, Oaxaca, CP. 70980",15.83149393871122,-96.3178008100875,Validada,Anuario Estadístico 2025,
U_ISSSTE_644,OCIST000503,020-208-12,Subrogada,En Operación,Consultorio de Atención Familiar Santa Cruz Huatulco,CAF Santa Cruz Huatulco,Santa Cruz Huatulco,Consultorio de Atención Familiar,CAF,Primer Nivel,No Aplica,ISSSTE,Oaxaca,Santa María Huatulco,Oaxaca,Boulevard,Guelaguetza,510,,Sector,J,70988,"Boulevard Guelaguetza 510, Sector J, Santa María Huatulco, Oaxaca, CP. 70988",15.771446324857063,-96.13418309544785,Solicitar Validación,Anuario Estadístico 2025,"Ubicación aproximada, no fue posible localizar la CAF"
U_ISSSTE_645,OCIST000100,020-209-00,Propia,En Operación,Clínica de Medicina Familiar con Especialidades y Quirófano Oaxaca,CMFEQ Oaxaca,Oaxaca,Clínica de Medicina Familiar con Especialidades y Quirófano,CMFEQ,Segundo Nivel,Primer Nivel,ISSSTE,Oaxaca,Oaxaca de Juárez,Oaxaca,Boulevard,Eduardo Vasconcelos,615,,Colonia,Centro,68000,"Boulevard Eduardo Vasconcelos 615, Colonia Centro, Oaxaca de Juárez, Oaxaca, CP. 68000",17.066118127798784,-96.71436482678807,Validada,Anuario Estadístico 2025,
U_ISSSTE_646,OCIST000351,020-209-01,Subrogada,En Operación,Consultorio de Atención Familiar Ayutla Mixe,CAF Ayutla Mixe,Ayutla Mixe,Consultorio de Atención Familiar,CAF,Primer Nivel,No Aplica,ISSSTE,Oaxaca,Oaxaca de Juárez,Oaxaca,Calle,Epx Yukp,S/N,,Pueblo,San Pedro y San Pablo Ayutla,70283,"Calle Epx Yukp S/N, Pueblo San Pedro y San Pablo Ayutla, Oaxaca de Juárez, Oaxaca, CP. 70283",17.0350680375002,-96.07368291708634,Validada,Anuario Estadístico 2025,
U_ISSSTE_647,OCIST000404,020-209-02,Subrogada,En Operación,Consultorio de Atención Familiar Cuicatlán,CAF Cuicatlán,Cuicatlán,Consultorio de Atención Familiar,CAF,Primer Nivel,No Aplica,ISSSTE,Oaxaca,San Juan Bautista Cuicatlán,Oaxaca,Calle,Zaragoza,S/N,,Colonia,Centro,68607,"Calle Zaragoza S/N, Colonia Centro, San Juan Bautista Cuicatlán, Oaxaca, CP. 68607",17.80168586368861,-96.95949646747793,Solicitar Validación,Anuario Estadístico 2025,Las coordenadas envian a un laboratorio
U_ISSSTE_648,OCIST000030,020-209-04,Propia,En Operación,Unidad de Medicina Familiar Guelatao de Juárez,UMF Guelatao de Juárez,Guelatao de Juárez,Unidad de Medicina Familiar,UMF,Primer Nivel,No Aplica,ISSSTE,Oaxaca,Guelatao de Juárez,Oaxaca,Calle,Marcos Pérez,S/N,,Pueblo,Guelatao de Juárez,60770,"Calle Marcos Pérez S/N, Pueblo Guelatao de Juárez, Guelatao de Juárez, Oaxaca, CP. 60770",17.317119987340302,-96.4944381811408,Validada,Anuario Estadístico 2025,
U_ISSSTE_649,OCIST000054,020-209-05,Propia,En Operación,Unidad de Medicina Familiar Huautla de Jiménez,UMF Huautla de Jiménez,Huautla de Jiménez,Unidad de Medicina Familiar,UMF,Primer Nivel,No Aplica,ISSSTE,Oaxaca,Huautla de Jiménez,Oaxaca,Avenida,de los Constituyentes,88,,Colonia,Centro,68500,"Avenida de los Constituyentes 88, Colonia Centro, Huautla de Jiménez, Oaxaca, CP. 68500",18.128699221724432,-96.8448534619239,Validada,Anuario Estadístico 2025,
U_ISSSTE_650,OCIST000095,020-209-06,Propia,En Operación,Unidad de Medicina Familiar Miahuatlán de Porfirio Díaz,UMF Miahuatlán de Porfirio Díaz,Miahuatlán de Porfirio Díaz,Unidad de Medicina Familiar,UMF,Primer Nivel,No Aplica,ISSSTE,Oaxaca,Miahuatlán de Porfirio Díaz,Oaxaca,Calle,Mariano Escobedo,317,,Colonia,Centro,70805,"Calle Mariano Escobedo 317, Colonia Centro, Miahuatlán de Porfirio Díaz, Oaxaca, CP. 70805",16.32770438350081,-96.59409381448735,Validada,Anuario Estadístico 2025,
U_ISSSTE_651,OCIST000363,020-209-07,Subrogada,En Operación,Consultorio de Atención Familiar Ocotlán de Morelos,CAF Ocotlán de Morelos,Ocotlán de Morelos,Consultorio de Atención Familiar,CAF,Primer Nivel,No Aplica,ISSSTE,Oaxaca,Ocotlán de Morelos,Oaxaca,Calle,16 de Septiembre,S/N,,Colonia,Centro,71510,"Calle 16 de Septiembre S/N, Colonia Centro, Ocotlán de Morelos, Oaxaca, CP. 71510",16.77414178026365,-96.67349731009054,Validada,Anuario Estadístico 2025,
U_ISSSTE_652,OCIST000450,020-209-08,Propia,En Operación,Unidad de Medicina Familiar San Pablo Huixtepec,UMF San Pablo Huixtepec,San Pablo Huixtepec,Unidad de Medicina Familiar,UMF,Primer Nivel,No Aplica,ISSSTE,Oaxaca,San Pablo Huixtepec,Oaxaca,Calle,Olímpica,S/N,,Colonia,Francisco I. Madero (o Barrio de Niño Jesús),71270,"Calle Olímpica S/N, Colonia Francisco I. Madero (o Barrio de Niño Jesús), San Pablo Huixtepec, Oaxaca, CP. 71270",16.83405391877541,-96.78783476376799,Validada,Anuario Estadístico 2025,
U_ISSSTE_653,OCIST000281,020-209-10,Propia,En Operación,Unidad de Medicina Familiar Teotitlán de Flores Magón,UMF Teotitlán de Flores Magón,Teotitlán de Flores Magón,Unidad de Medicina Familiar,UMF,Primer Nivel,No Aplica,ISSSTE,Oaxaca,Teotitlán de Flores Magón,Oaxaca,Calle,Francisco F. Trujillo,3,,Barrio,San Isidro,68540,"Calle Francisco F. Trujillo 3, Barrio San Isidro, Teotitlán de Flores Magón, Oaxaca, CP. 68540",18.128863058985498,-97.06914936749288,Validada,Anuario Estadístico 2025,
U_ISSSTE_654,OCIST000153,020-209-11,Propia,En Operación,Unidad de Medicina Familiar Telixtlahuaca,UMF Telixtlahuaca,Telixtlahuaca,Unidad de Medicina Familiar,UMF,Primer Nivel,No Aplica,ISSSTE,Oaxaca,San Francisco Telixtlahuaca,Oaxaca,Calle,Galeana,2,,Colonia,Centro,68213,"Calle Galeana 2, Colonia Centro, San Francisco Telixtlahuaca, Oaxaca, CP. 68213",17.29564986506688,-96.90341630114064,Validada,Anuario Estadístico 2025,
U_ISSSTE_655,OCIST000573,020-209-12,Subrogada,En Operación,Consultorio de Atención Familiar Tlacolula de Matamoros,CAF Tlacolula de Matamoros,Tlacolula de Matamoros,Consultorio de Atención Familiar,CAF,Primer Nivel,No Aplica,ISSSTE,Oaxaca,Tlacolula de Matamoros,Oaxaca,Calle,Nicolás Bravo,9,,Sección,Primera,70400,"Calle Nicolás Bravo 9, Sección Primera, Tlacolula de Matamoros, Oaxaca, CP. 70400",16.956204858718344,-96.47807306911746,Validada,Anuario Estadístico 2025,
U_ISSSTE_656,OCIST000013,020-209-14,Propia,En Operación,Unidad de Medicina Familiar Asunción Nochixtlán,UMF Asunción Nochixtlán,Asunción Nochixtlán,Unidad de Medicina Familiar,UMF,Primer Nivel,No Aplica,ISSSTE,Oaxaca,Asunción Nochixtlán,Oaxaca,Calle,Alfonso López Arenas,S/N,,Barrio,La Peña,69600,"Calle Alfonso López Arenas S/N, Barrio La Peña, Asunción Nochixtlán, Oaxaca, CP. 69600",17.45424161832704,-97.22522600287566,Validada,Anuario Estadístico 2025,
U_ISSSTE_657,OCIST000614,020-209-17,En Proceso de Regularización,En Operación,Consultorio de Atención Familiar Tamazulápam del Espíritu Santo,CAF Tamazulápam del Espíritu Santo,Tamazulápam del Espíritu Santo,Consultorio de Atención Familiar,CAF,Primer Nivel,No Aplica,ISSSTE,Oaxaca,Tamazulápam del Espíritu Santo,Oaxaca,Calle,"""Sin Nombre""",S/N,,Pueblo,de Tamazulápam del Espíritu Santo,70280,"Calle ""Sin Nombre"" S/N, Pueblo de Tamazulápam del Espíritu Santo, Tamazulápam del Espíritu Santo, Oaxaca, CP. 70280",17.05330458906872,-96.07390706818008,Validada,Anuario Estadístico 2025,
U_ISSSTE_658,OCIST000240,020-210-00,Propia,En Operación,Clínica Hospital Pinotepa Nacional,CH Pinotepa Nacional,Pinotepa Nacional,Clínica Hospital,CH,Segundo Nivel,Primer Nivel,ISSSTE,Oaxaca,Santiago Pinotepa Nacional,Oaxaca,Carretera,a Collantes,S/N,,Barrio,del Zapote,71600,"Carretera a Collantes S/N, Barrio del Zapote, Santiago Pinotepa Nacional, Oaxaca, CP. 71600",16.3319108562666,-98.04727800890694,Validada,Anuario Estadístico 2025,
U_ISSSTE_659,PENDIENTE,020-210-01,Subrogada,En Operación,Consultorio de Atención Familiar Cacahuatepec,CAF Cacahuatepec,Cacahuatepec,Consultorio de Atención Familiar,CAF,Primer Nivel,No Aplica,ISSSTE,Oaxaca,San Juan Cacahuatepec,Oaxaca,Calle,Plutarco Elías Calles,S/N,,Pueblo,San Juan Cacahuatepec,71610,"Calle Plutarco Elías Calles S/N, Pueblo San Juan Cacahuatepec, San Juan Cacahuatepec, Oaxaca, CP. 71610",16.610918103300957,-98.15938047438378,Validada,Anuario Estadístico 2025,
U_ISSSTE_660,OCIST000235,020-211-00,Propia,En Operación,Clínica de Medicina Familiar con Especialidades y Quirófano Tlaxiaco,CMFEQ Tlaxiaco,Tlaxiaco,Clínica de Medicina Familiar con Especialidades y Quirófano,CMFEQ,Segundo Nivel,Primer Nivel,ISSSTE,Oaxaca,Heroica Ciudad de Tlaxiaco,Oaxaca,Carretera,Tlaxiaco-Oaxaca (Yacudaá),S/N,,Barrio,San Diego,69800,"Carretera Tlaxiaco-Oaxaca (Yacudaá) S/N, Barrio San Diego, Heroica Ciudad de Tlaxiaco, Oaxaca, CP. 69800",17.277865309649567,-97.6720866565649,Validada,Anuario Estadístico 2025,
U_ISSSTE_661,OCIST000310,020-211-01,Subrogada,En Operación,Consultorio de Atención Familiar Chalcatongo de Hidalgo,CAF Chalcatongo de Hidalgo,Chalcatongo de Hidalgo,Consultorio de Atención Familiar,CAF,Primer Nivel,No Aplica,ISSSTE,Oaxaca,Chalcatongo de Hidalgo,Oaxaca,Calle,"""Desconocida""",S/N,,Localidad,Chalcatongo de Hidalgo,71100,"Calle ""Desconocida"" S/N, Localidad Chalcatongo de Hidalgo, Chalcatongo de Hidalgo, Oaxaca, CP. 71100",17.034139837541648,-97.56970210322201,Solicitar Validación,Anuario Estadístico 2025,No fue posible localizar el CAF. Inconsistencias en el CLUES
U_ISSSTE_662,PLIST000014,021-205-00,En Proceso de Regularización,En Operación,Clínica de Medicina Familiar Acatlán de Osorio,CMF Acatlán de Osorio,Acatlán de Osorio,Clínica de Medicina Familiar,CMF,Primer Nivel,No Aplica,ISSSTE,Puebla,Acatlán,Puebla,Carretera,Internacional México-Oaxaca,39,,Colonia,La Palma,74949,"Carretera Internacional México-Oaxaca 39, Colonia La Palma, Acatlán, Puebla, CP. 74949",18.194095295707502,-98.05284821779107,Validada,Anuario Estadístico 2025,
U_ISSSTE_663,PLIST000026,021-206-00,Propia,En Operación,Clínica de Medicina Familiar Atlixco,CMF Atlixco,Atlixco,Clínica de Medicina Familiar,CMF,Primer Nivel,No Aplica,ISSSTE,Puebla,Atlixco,Puebla,Calle,Plaza San Francisco,11,,Colonia,FOVISSSTE San Agustín,74239,"Calle Plaza San Francisco 11, Colonia FOVISSSTE San Agustín, Atlixco, Puebla, CP. 74239",18.920244081694637,-98.43731028552737,Validada,Anuario Estadístico 2025,
U_ISSSTE_664,PLIST000253,021-206-01,Convenio,En Operación,Consultorio de Atención Familiar Estación Atencingo,CAF Estación Atencingo,Estación Atencingo,Consultorio de Atención Familiar,CAF,Primer Nivel,No Aplica,ISSSTE,Puebla,Chietla,Puebla,Calle,José Lima,48,,Colonia,Centro,74585,"Calle José Lima 48, Colonia Centro, Chietla, Puebla, CP. 74585",18.511046173572215,-98.60756722874261,Validada,Anuario Estadístico 2025,
U_ISSSTE_665,PLIST000241,021-206-02,Propia,En Operación,Unidad de Medicina Familiar Chiautla de Tapia,UMF Chiautla de Tapia,Chiautla de Tapia,Unidad de Medicina Familiar,UMF,Primer Nivel,No Aplica,ISSSTE,Puebla,Chiautla,Puebla,Avenida,Reforma,54,,Colonia,Tecomazuchil,74730,"Avenida Reforma 54, Colonia Tecomazuchil, Chiautla, Puebla, CP. 74730",18.300871102533566,-98.60594493331627,Validada,Anuario Estadístico 2025,
U_ISSSTE_666,PLIST000096,021-206-03,Propia,En Operación,Unidad de Medicina Familiar Izúcar de Matamoros,UMF Izúcar de Matamoros,Izúcar de Matamoros,Unidad de Medicina Familiar,UMF,Primer Nivel,No Aplica,ISSSTE,Puebla,Izúcar de Matamoros,Puebla,Calle,Hidalgo,59,,Barrio,Santa Catarina,74470,"Calle Hidalgo 59, Barrio Santa Catarina, Izúcar de Matamoros, Puebla, CP. 74470",18.59365065596021,-98.46942554152858,Validada,Anuario Estadístico 2025,
U_ISSSTE_667,PLIST000072,021-207-00,Propia,En Operación,Clínica Hospital Huauchinango,CH Huauchinango,Huauchinango,Clínica Hospital,CH,Segundo Nivel,Primer Nivel,ISSSTE,Puebla,Huauchinango,Puebla,Avenida,de los Técnicos,S/N,,Colonia,Rancho Viejo,73177,"Avenida de los Técnicos S/N, Colonia Rancho Viejo, Huauchinango, Puebla, CP. 73177",20.186282540502035,-98.06714642269078,Validada,Anuario Estadístico 2025,
U_ISSSTE_668,PLIST000311,021-207-01,Convenio,En Operación,Consultorio de Atención Familiar Pahuatlán del Valle,CAF Pahuatlán del Valle,Pahuatlán del Valle,Consultorio de Atención Familiar,CAF,Primer Nivel,No Aplica,ISSSTE,Puebla,Pahuatlán,Puebla,Calle,Hidalgo,3,,Colonia,Centro,73100,"Calle Hidalgo 3, Colonia Centro, Pahuatlán, Puebla, CP. 73100",20.275731206824908,-98.15174859654078,Solicitar Validación,Anuario Estadístico 2025,No fue posible localizar el CAF. El número de CLUES es incorrecto
U_ISSSTE_669,PLIST000195,021-207-02,En Proceso de Regularización,En Operación,Unidad de Medicina Familiar Xicotepec de Juárez,UMF Xicotepec de Juárez,Xicotepec de Juárez,Unidad de Medicina Familiar,UMF,Primer Nivel,No Aplica,ISSSTE,Puebla,Xicotepec,Puebla,Calle,Zaragoza,260-B,,Colonia,Centro,73080,"Calle Zaragoza 260-B, Colonia Centro, Xicotepec, Puebla, CP. 73080",20.26516198440665,-97.96097399183611,Validada,Anuario Estadístico 2025,
U_ISSSTE_670,PLIST000055,021-207-03,Propia,En Operación,Unidad de Medicina Familiar Chignahuapan,UMF Chignahuapan,Chignahuapan,Unidad de Medicina Familiar,UMF,Primer Nivel,No Aplica,ISSSTE,Puebla,Chignahuapan,Puebla,Carretera,Federal 119 (Chignahuapan-Zacatlán),Km. 0.5,,Barrio,Teoconchila,73300,"Carretera Federal 119 (Chignahuapan-Zacatlán) Km. 0.5, Barrio Teoconchila, Chignahuapan, Puebla, CP. 73300",19.846111506009333,-98.02819377942463,Validada,Anuario Estadístico 2025,
U_ISSSTE_671,PLIST000393,021-207-04,Subrogada,En Operación,Consultorio de Atención Familiar Tetela de Ocampo,CAF Tetela de Ocampo,Tetela de Ocampo,Consultorio de Atención Familiar,CAF,Primer Nivel,No Aplica,ISSSTE,Puebla,Tetela de Ocampo,Puebla,Calle,Tercera Norte,S/N,,Colonia,Centro,73640,"Calle Tercera Norte S/N, Colonia Centro, Tetela de Ocampo, Puebla, CP. 73640",19.81766137822431,-97.80640195412677,Solicitar Validación,Anuario Estadístico 2025,No fue posible localizar el CAF
U_ISSSTE_672,PLIST000200,021-207-05,Propia,En Operación,Unidad de Medicina Familiar Zacatlán,UMF Zacatlán,Zacatlán,Unidad de Medicina Familiar,UMF,Primer Nivel,No Aplica,ISSSTE,Puebla,Zacatlán,Puebla,Calle,Constitución de 1917,S/N,,Colonia,El Arco,73310,"Calle Constitución de 1917 S/N, Colonia El Arco, Zacatlán, Puebla, CP. 73310",19.92803561334431,-97.96281785827675,Validada,Anuario Estadístico 2025,
U_ISSSTE_673,PLIST000154,021-208-00,Propia,En Operación,Clínica Hospital Tehuacán,CH Tehuacán,Tehuacán,Clínica Hospital,CH,Segundo Nivel,Primer Nivel,ISSSTE,Puebla,Tehuacán,Puebla,Calle,Dr. Manuel Pereyra Mejía,107,,Colonia,Cerritos,75730,"Calle Dr. Manuel Pereyra Mejía 107, Colonia Cerritos, Tehuacán, Puebla, CP. 75730",18.472156896616923,-97.39884552805158,Validada,Anuario Estadístico 2025,
U_ISSSTE_674,PLIST000043,021-208-01,Propia,En Operación,Unidad de Medicina Familiar Cd. Serdán,UMF Cd. Serdán,Cd. Serdán,Unidad de Medicina Familiar,UMF,Primer Nivel,No Aplica,ISSSTE,Puebla,Chalchicomula de Sesma,Puebla,Callejón,de la Explosión,8,,Colonia,de Jesús,75520,"Callejón de la Explosión 8, Colonia de Jesús, Chalchicomula de Sesma, Puebla, CP. 75520",18.984571332520108,-97.44663852904887,Validada,Anuario Estadístico 2025,
U_ISSSTE_675,PLIST000060,021-208-02,En Proceso de Regularización,En Operación,Unidad de Medicina Familiar Esperanza,UMF Esperanza,Esperanza,Unidad de Medicina Familiar,UMF,Primer Nivel,No Aplica,ISSSTE,Puebla,Esperanza,Puebla,Calle,Emiliano Zapata,S/N,,Sección,Segunda,75560,"Calle Emiliano Zapata S/N, Sección Segunda, Esperanza, Puebla, CP. 75560",18.857732652044202,-97.37192550227138,Validada,Anuario Estadístico 2025,
U_ISSSTE_676,PLIST000270,021-208-05,Subrogada,En Operación,Consultorio de Atención Familiar Guadalupe Victoria,CAF Guadalupe Victoria,Guadalupe Victoria,Consultorio de Atención Familiar,CAF,Primer Nivel,No Aplica,ISSSTE,Puebla,Guadalupe Victoria,Puebla,Avenida,Cuarta Poniente,40,,Colonia,San Francisco,75040,"Avenida Cuarta Poniente 40, Colonia San Francisco, Guadalupe Victoria, Puebla, CP. 75040",19.292619364174524,-97.34339013529167,Validada,Anuario Estadístico 2025,
U_ISSSTE_677,PLIST000125,021-209-00,Propia,En Operación,Clínica de Medicina Familiar San Martín Texmelucan,CMF San Martín Texmelucan,San Martín Texmelucan,Clínica de Medicina Familiar,CMF,Primer Nivel,No Aplica,ISSSTE,Puebla,San Martín Texmelucan,Puebla,Calle,Cofre de Perote,82,,Colonia,Ojo de Agua,74072,"Calle Cofre de Perote 82, Colonia Ojo de Agua, San Martín Texmelucan, Puebla, CP. 74072",19.286604013474474,-98.4475001213993,Validada,Anuario Estadístico 2025,
U_ISSSTE_678,PLIST000282,021-209-01,Subrogada,En Operación,Consultorio de Atención Familiar Huejotzingo,CAF Huejotzingo,Huejotzingo,Consultorio de Atención Familiar,CAF,Primer Nivel,No Aplica,ISSSTE,Puebla,Huejotzingo,Puebla,Boulevard,Carlos B. Zetina,815 Local C,,Barrio,Primero,74160,"Boulevard Carlos B. Zetina 815 Local C, Barrio Primero, Huejotzingo, Puebla, CP. 74160",19.152677490230893,-98.40691018542907,Validada,Anuario Estadístico 2025,
U_ISSSTE_679,PLIST000171,021-210-00,Propia,En Operación,Clínica Hospital Teziutlán,CH Teziutlán,Teziutlán,Clínica Hospital,CH,Segundo Nivel,Primer Nivel,ISSSTE,Puebla,Teziutlán,Puebla,Carretera,Federal Teziutlán-Perote,S/N,,Localidad,San Pedro Xoloco,73870,"Carretera Federal Teziutlán-Perote S/N, Localidad San Pedro Xoloco, Teziutlán, Puebla, CP. 73870",19.810163065547272,-97.35631732057502,Validada,Anuario Estadístico 2025,
U_ISSSTE_680,PLIST000031,021-210-01,En Proceso de Regularización,En Operación,Unidad de Medicina Familiar Cuetzalan del Progreso,UMF Cuetzalan del Progreso,Cuetzalan del Progreso,Unidad de Medicina Familiar,UMF,Primer Nivel,No Aplica,ISSSTE,Puebla,Cuetzalan del Progreso,Puebla,Calle,Zaragoza,38,,Colonia,Coapech,73560,"Calle Zaragoza 38, Colonia Coapech, Cuetzalan del Progreso, Puebla, CP. 73560",20.01638951545224,-97.52449971232387,Validada,Anuario Estadístico 2025,
U_ISSSTE_681,PLIST000183,021-210-04,En Proceso de Regularización,En Operación,Unidad de Medicina Familiar Tlatlauquitepec,UMF Tlatlauquitepec,Tlatlauquitepec,Unidad de Medicina Familiar,UMF,Primer Nivel,No Aplica,ISSSTE,Puebla,Tlatlauquitepec,Puebla,Avenida,Independencia,4,,Colonia,Centro,73900,"Avenida Independencia 4, Colonia Centro, Tlatlauquitepec, Puebla, CP. 73900",19.852110784903907,-97.49830634864664,Validada,Anuario Estadístico 2025,
U_ISSSTE_682,PLIST000422,021-210-06,Rentada,En Operación,Consultorio de Atención Familiar Zacapoaxtla,CAF Zacapoaxtla,Zacapoaxtla,Consultorio de Atención Familiar,CAF,Primer Nivel,No Aplica,ISSSTE,Puebla,Zacapoaxtla,Puebla,Calle,Juan I. Alcántara,6-C,,Colonia,Centro,73680,"Calle Juan I. Alcántara 6-C, Colonia Centro, Zacapoaxtla, Puebla, CP. 73680",19.870699205184007,-97.58796830466433,Solicitar Validación,Anuario Estadístico 2025,Google Maps no disponible en la zona. Coordenadas aproximadas
U_ISSSTE_683,PLIST000460,021-210-07,Propia,En Operación,Unidad de Medicina Familiar Zaragoza,UMF Zaragoza,Zaragoza,Unidad de Medicina Familiar,UMF,Primer Nivel,No Aplica,ISSSTE,Puebla,Zaragoza,Puebla,Calle,Dieciseis Norte,14,,Colonia,Ampliación Zaragoza,73700,"Calle Dieciseis Norte 14, Colonia Ampliación Zaragoza, Zaragoza, Puebla, CP. 73700",19.77770159524224,-97.55182378896477,Validada,Anuario Estadístico 2025,
U_ISSSTE_684,PLIST000480,021-210-11,Convenio,En Operación,Consultorio de Atención Familiar Huehuetla,CAF Huehuetla,Huehuetla,Consultorio de Atención Familiar,CAF,Primer Nivel,No Aplica,ISSSTE,Puebla,Huehuetla,puebla,Calle,Victoria,9,,Colonia,Centro,73470,"Calle Victoria 9, Colonia Centro, Huehuetla, Puebla, CP. 73470",20.107482897660645,-97.62485015973472,Validada,Anuario Estadístico 2025,
U_ISSSTE_685,PLIST000212,021-214-00,Propia,En Operación,Clínica de Medicina Familiar con Especialidades y Quirófano Puebla,CMFEQ Puebla,Puebla,Clínica de Medicina Familiar con Especialidades y Quirófano,CMFEQ,Segundo Nivel,Primer Nivel,ISSSTE,Puebla,Puebla,Puebla,Calle,Pino Suárez,25,,Colonia,Santa María la Rivera,72010,"Calle Pino Suárez 25, Colonia Santa María la Rivera, Puebla, Puebla, CP. 72010",19.077033444711446,-98.2013999580483,Validada,Anuario Estadístico 2025,
U_ISSSTE_686,PLIST000381,021-214-04,Subrogada,En Operación,Consultorio de Atención Familiar Villa Rafael Lara Grajales,CAF Villa Rafael Lara Grajales,Villa Rafael Lara Grajales,Consultorio de Atención Familiar,CAF,Primer Nivel,No Aplica,ISSSTE,Puebla,Rafael Lara Grajales,Puebla,Calle,Segunda Oriente,8,,Colonia,Centro,75000,"Calle Segunda Oriente 8, Colonia Centro, Rafael Lara Grajales, Puebla, CP. 75000",19.22735361459066,-97.80264830923994,Validada,Anuario Estadístico 2025,
U_ISSSTE_687,PLIST000306,021-214-05,Subrogada,En Operación,Consultorio de Atención Familiar Libres,CAF Libres,Libres,Consultorio de Atención Familiar,CAF,Primer Nivel,No Aplica,ISSSTE,Puebla,Libres,Puebla,Calle,Porfirio Díaz,660,,Barrio,de Guadalupe,73783,"Calle Porfirio Díaz 660, Barrio de Guadalupe, Libres, Puebla, CP. 73783",19.46803575299744,-97.68652057118568,Solicitar Validación,Anuario Estadístico 2025,"Coordenadas aproximadas, no fue posible localizar el CAF"
U_ISSSTE_688,PLIST000084,021-214-06,Propia,En Operación,Unidad de Medicina Familiar San Juan Ixcaquixtla,UMF San Juan Ixcaquixtla,San Juan Ixcaquixtla,Unidad de Medicina Familiar,UMF,Primer Nivel,No Aplica,ISSSTE,Puebla,Ixcaquixtla,Puebla,Calle,Seis Oriente,112,,Colonia,Tres de Mayo,74900,"Calle Seis Oriente 112, Colonia Tres de Mayo, Ixcaquixtla, Puebla, CP. 74900",18.463812017200446,-97.82906675964541,Validada,Anuario Estadístico 2025,
U_ISSSTE_689,PLIST000142,021-214-07,Propia,En Operación,Unidad de Medicina Familiar Tecamachalco,UMF Tecamachalco,Tecamachalco,Unidad de Medicina Familiar,UMF,Primer Nivel,No Aplica,ISSSTE,Puebla,Tecamachalco,Puebla,Privada,Siete Sur,906,,Colonia,San Antonio,75486,"Privada Siete Sur 906, Colonia San Antonio, Tecamachalco, Puebla, CP. 75486",18.881789467860607,-97.7342644722053,Validada,Anuario Estadístico 2025,
U_ISSSTE_690,PLIST000166,021-214-08,Propia,En Operación,Unidad de Medicina Familiar Tepeaca,UMF Tepeaca,Tepeaca,Unidad de Medicina Familiar,UMF,Primer Nivel,No Aplica,ISSSTE,Puebla,Tepeaca,Puebla,Calle,Ocho Poniente,113,,Colonia,El Calvario,75200,"Calle Ocho Poniente 113, Colonia El Calvario, Tepeaca, Puebla, CP. 75200",18.971905821157357,-97.90455583985683,Validada,Anuario Estadístico 2025,
U_ISSSTE_691,PLIST000224,021-214-11,Subrogada,En Operación,Consultorio de Atención Familiar Acatzingo de Hidalgo,CAF Acatzingo de Hidalgo,Acatzingo de Hidalgo,Consultorio de Atención Familiar,CAF,Primer Nivel,No Aplica,ISSSTE,Puebla,Acatzingo,Puebla,Calle,Segunda Poniente,312,,Colonia,San Antonio,75150,"Calle Segunda Poniente 312, Colonia San Antonio, Acatzingo, Puebla, CP. 75150",18.982009874966185,-97.78750253717256,Validada,Anuario Estadístico 2025,
U_ISSSTE_692,PLIST000130,021-214-12,En Proceso de Regularización,En Operación,Unidad de Medicina Familiar Cholula,UMF Cholula,Cholula,Unidad de Medicina Familiar,UMF,Primer Nivel,No Aplica,ISSSTE,Puebla,San Pedro Cholula,Puebla,Avenida,Tecnológico,1208,,Pueblo,San Cristóbal Tepontla,72765,"Avenida Tecnológico 1208, Pueblo San Cristóbal Tepontla, San Pedro Cholula, Puebla, CP. 72765",19.068989513098767,-98.32532502875485,Validada,Anuario Estadístico 2025,
U_ISSSTE_693,PLIST000113,021-214-13,En Proceso de Regularización,En Operación,Unidad de Medicina Familiar Col. Magisterial Federal México 68,UMF Col. Magisterial Federal México 68,Col. Magisterial Federal México 68,Unidad de Medicina Familiar,UMF,Primer Nivel,No Aplica,ISSSTE,Puebla,Puebla,Puebla,Cerrada,Esgrima,4820,,Colonia,Magisterial México 68,72300,"Cerrada Esgrima 4820, Colonia Magisterial México 68, Puebla, Puebla, CP. 72300",19.0523193264005,-98.16364026429385,Validada,Anuario Estadístico 2025,
U_ISSSTE_694,PLIST000323,021-214-14,Convenio,En Operación,Consultorio de Atención Familiar UH. FOVISSSTE San Roque,CAF UH. FOVISSSTE San Roque,UH. FOVISSSTE San Roque,Consultorio de Atención Familiar,CAF,Primer Nivel,No Aplica,ISSSTE,Puebla,Puebla,Puebla,Calle,Lago Hurón,S/N,,Unidad Habitacional,FOVISSSTE San Roque,72460,"Calle Lago Hurón S/N, Unidad Habitacional FOVISSSTE San Roque, Puebla, Puebla, CP. 72460",19.007609859879445,-98.23985328034664,Validada,Anuario Estadístico 2025,
U_ISSSTE_695,PLIST000335,021-214-15,Convenio,En Operación,Consultorio Médico en Centro de Trabajo SNTE (Puebla),CMCT SNTE (Puebla),SNTE (Puebla),Consultorio Médico en Centro de Trabajo,CMCT,Primer Nivel,No Aplica,ISSSTE,Puebla,Puebla,Puebla,Calle,Naranjo,38,,Colonia,Jesús González Ortega,72040,"Calle Naranjo 38, Colonia Jesús González Ortega, Puebla, Puebla, CP. 72040",19.07995627548822,-98.21465133215091,Validada,Anuario Estadístico 2025,
U_ISSSTE_696,PLIST000340,021-214-16,Convenio,En Operación,Consultorio de Atención Familiar Col. Reforma Sur,CAF Col. Reforma Sur,Col. Reforma Sur,Consultorio de Atención Familiar,CAF,Primer Nivel,No Aplica,ISSSTE,Puebla,Puebla,Puebla,Calle,Cincuenta y Cinco Sur,311,,Colonia,Reforma Sur,72160,"Calle Cincuenta y Cinco Sur 311, Colonia Reforma Sur, Puebla, Puebla, CP. 72160",19.06142630756507,-98.23550026616576,Validada,Anuario Estadístico 2025,
U_ISSSTE_697,PLIST000352,021-214-17,Convenio,En Operación,Consultorio de Atención Familiar UH FOVISSSTE Villa Verde,CAF UH FOVISSSTE Villa Verde,UH FOVISSSTE Villa Verde,Consultorio de Atención Familiar,CAF,Primer Nivel,No Aplica,ISSSTE,Puebla,Puebla,Puebla,Calle,del Parque,18,,Unidad Habitacional,FOVISSSTE Villa Verde,72303,"Calle del Parque 18, Unidad Habitacional FOVISSSTE Villa Verde, Puebla, Puebla, CP. 72303",19.059223011392778,-98.16476192756586,Validada,Anuario Estadístico 2025,
U_ISSSTE_698,PLIST000364,021-214-27,Convenio,En Operación,Consultorio Médico en Centro de Trabajo SAT Puebla Sur,CMCT SAT Puebla Sur,SAT Puebla Sur,Consultorio Médico en Centro de Trabajo,CMCT,Primer Nivel,No Aplica,ISSSTE,Puebla,Puebla,Puebla,Eje,Vial Lateral de la Recta a Cholula,103,,Colonia,Bello Horizonte,72170,"Eje Vial Lateral de la Recta a Cholula 103, Colonia Bello Horizonte, Puebla, Puebla, CP. 72170",19.059366148885143,-98.25712256855441,Solicitar Validación,Anuario Estadístico 2025,"Inconsistencias en CLUES, la dirección envía al SAT, pero el nombre del centro hace alusión a una universidad"
U_ISSSTE_699,PLIST000376,021-214-28,Convenio,En Operación,Consultorio Médico en Centro de Trabajo Secretaría de Educación del Estado de Puebla-SEP,CMCT Secretaría de Educación del Estado de Puebla-SEP,Secretaría de Educación del Estado de Puebla-SEP,Consultorio Médico en Centro de Trabajo,CMCT,Primer Nivel,No Aplica,ISSSTE,Puebla,Puebla,Puebla,Avenida,Jesús Reyes Heroles,S/N,,Colonia,Ex Rancho Colorado,72044,"Avenida Jesús Reyes Heroles S/N, Colonia Ex Rancho Colorado, Puebla, Puebla, CP. 72044",19.07434548110995,-98.21103263396648,Validada,Anuario Estadístico 2025,
U_ISSSTE_700,PLIST000451,021-214-29,Convenio,En Operación,Consultorio Médico en Centro de Trabajo TFJA (San Andrés Cholula),CMCT TFJA (San Andrés Cholula),TFJA (San Andrés Cholula),Consultorio Médico en Centro de Trabajo,CMCT,Primer Nivel,No Aplica,ISSSTE,Puebla,San Andrés Cholula,Puebla,Avenida,Osa Menor,84,,Localidad,San Bernardino Tlaxcalancingo,72820,"Avenida Osa Menor 84, Localidad San Bernardino Tlaxcalancingo, San Andrés Cholula, Puebla, CP. 72820",19.015262504842134,-98.26830356574266,Validada,Anuario Estadístico 2025,
U_ISSSTE_701,QTIST000051,022-205-00,Propia,En Operación,Clínica de Medicina Familiar Querétaro,CMF Querétaro,Querétaro,Clínica de Medicina Familiar,CMF,Primer Nivel,No Aplica,ISSSTE,Querétaro,Querétaro,Querétaro,Avenida,Tecnológico,363,,Colonia,Centro Universitario,76017,"Avenida Tecnológico 363, Colonia Centro Universitario, Querétaro, Querétaro, CP. 76017",20.592749093840123,-100.40614296610279,Validada,Anuario Estadístico 2025,
U_ISSSTE_702,QTIST000010,022-205-03,Propia,En Operación,Unidad de Medicina Familiar Amealco,UMF Amealco,Amealco,Unidad de Medicina Familiar,UMF,Primer Nivel,No Aplica,ISSSTE,Querétaro,Amealco de Bonfil,Querétaro,Calle,Madroño,47,,Colonia,Los Miradores,76850,"Calle Madroño 47, Colonia Los Miradores, Amealco de Bonfil, Querétaro, CP. 76850",20.184771685292798,-100.14641745012753,Validada,Anuario Estadístico 2025,
U_ISSSTE_703,QTIST000022,022-205-05,Propia,En Operación,Unidad de Medicina Familiar Cadereyta de Montes,UMF Cadereyta de Montes,Cadereyta de Montes,Unidad de Medicina Familiar,UMF,Primer Nivel,No Aplica,ISSSTE,Querétaro,Cadereyta de Montes,Querétaro,Carretera,San Juan del Río-Jalpan de Serra,S/N,,Colonia,Centro,76500,"Carretera San Juan del Río-Jalpan de Serra S/N, Colonia Centro, Cadereyta de Montes, Querétaro, CP. 76500",20.701039060600376,-99.80961527056652,Validada,Anuario Estadístico 2025,
U_ISSSTE_704,QTIST000121,022-205-06,En Proceso de Regularización,En Operación,Consultorio de Atención Familiar Villa Colón,CAF Villa Colón,Villa Colón,Consultorio de Atención Familiar,CAF,Primer Nivel,No Aplica,ISSSTE,Querétaro,Colón,Querétaro,Manzana,Seis,Lote 1 y 2,,Fraccionamiento,Los Naranjos,76286,"Manzana Seis Lote 1 y 2, Fraccionamiento Los Naranjos, Colón, Querétaro, CP. 76286",20.765766336226353,-100.04844134928197,Validada,Anuario Estadístico 2025,Google Maps no disponible en la zona
U_ISSSTE_705,QTIST000133,022-205-07,Rentada,En Operación,Consultorio de Atención Familiar Ezequiel Montes,CAF Ezequiel Montes,Ezequiel Montes,Consultorio de Atención Familiar,CAF,Primer Nivel,No Aplica,ISSSTE,Querétaro,Ezequiel Montes,Querétaro,Avenida,Heroico Colegio Militar,500 (Local B-11),,Fraccionamiento,Las Fuentes,76651,"Avenida Heroico Colegio Militar 500 (Local B-11), Fraccionamiento Las Fuentes, Ezequiel Montes, Querétaro, CP. 76651",20.653247350302543,-99.90421153041959,Validada,Anuario Estadístico 2025,
U_ISSSTE_706,QTIST000034,022-205-08,Propia,En Operación,Unidad de Medicina Familiar Jalpan de Serra,UMF Jalpan de Serra,Jalpan de Serra,Unidad de Medicina Familiar,UMF,Primer Nivel,No Aplica,ISSSTE,Querétaro,Jalpan de Serra,Querétaro,Calle,Nicolás Bravo,S/N,,Colonia,Centro,76340,"Calle Nicolás Bravo S/N, Colonia Centro, Jalpan de Serra, Querétaro, CP. 76340",21.21807701890268,-99.47690536518726,Validada,Anuario Estadístico 2025,
U_ISSSTE_707,QTIST000150,022-205-13,Propia,En Operación,Unidad de Medicina Familiar Tequisquiapan,UMF Tequisquiapan,Tequisquiapan,Unidad de Medicina Familiar,UMF,Primer Nivel,No Aplica,ISSSTE,Querétaro,Tequisquiapan,Querétaro,Calle,Emiliano Zapata,1535,,Colonia,Ampliación Adolfo López Mateos,76753,"Calle Emiliano Zapata 1535, Colonia Ampliación Adolfo López Mateos, Tequisquiapan, Querétaro, CP. 76753",20.52398874957473,-99.90953124466085,Validada,Anuario Estadístico 2025,
U_ISSSTE_708,QTIST000092,022-205-14,Propia,En Operación,Unidad de Medicina Familiar Tolimán,UMF Tolimán,Tolimán,Unidad de Medicina Familiar,UMF,Primer Nivel,No Aplica,ISSSTE,Querétaro,Tolimán,Querétaro,Avenida,San Pedro de los Eucaliptos,S/N,,Barrio,de los Eucaliptos,76605,"Avenida San Pedro de los Eucaliptos S/N, Barrio de los Eucaliptos, Tolimán, Querétaro, CP. 76605",20.91414754941574,-99.93108235313774,Validada,Anuario Estadístico 2025,
U_ISSSTE_709,QTIST000145,022-205-16,En Proceso de Regularización,En Operación,Consultorio de Atención Familiar Pedro Escobedo,CAF Pedro Escobedo,Pedro Escobedo,Consultorio de Atención Familiar,CAF,Primer Nivel,No Aplica,ISSSTE,Querétaro,Pedro Escobedo,Querétaro,Calle,Revolución,33,,Colonia,Centro,76700,"Calle Revolución 33, Colonia Centro, Pedro Escobedo, Querétaro, CP. 76700",20.500379246005238,-100.13966429017421,Validada,Anuario Estadístico 2025,
U_ISSSTE_710,QTIST000063,022-205-18,Propia,En Operación,Unidad de Medicina Familiar Col. Satélite,UMF Col. Satélite,Col. Satélite,Unidad de Medicina Familiar,UMF,Primer Nivel,No Aplica,ISSSTE,Querétaro,Querétaro,Querétaro,Avenida,Acceso VI,8,,Colonia,Benito Juárez,76120,"Avenida Acceso VI 8, Colonia Benito Juárez, Querétaro, Querétaro, CP. 76120",20.64385619522347,-100.43433806129335,Validada,Anuario Estadístico 2025,
U_ISSSTE_711,QTIST000075,022-205-19,Propia,En Operación,Unidad de Medicina Familiar Azteca III,UMF Azteca III,Azteca III,Unidad de Medicina Familiar,UMF,Primer Nivel,No Aplica,ISSSTE,Querétaro,Querétaro,Querétaro,Calle,Tenoch,S/N,,Colonia,Azteca,76085,"Calle Tenoch S/N, Colonia Azteca, Querétaro, Querétaro, CP. 76085",20.55786028246383,-100.38424445939098,Validada,Anuario Estadístico 2025,
U_ISSSTE_712,QTIST000046,022-206-00,Propia,En Operación,Hospital General Querétaro,HG Querétaro,Querétaro,Hospital General,HG,Segundo Nivel,No Aplica,ISSSTE,Querétaro,Querétaro,Querétaro,Avenida,Tecnológico,101,,Colonia,Centro Universitario,76017,"Avenida Tecnológico 101, Colonia Centro Universitario, Querétaro, Querétaro, CP. 76017",20.59321044903974,-100.4071648011479,Validada,Anuario Estadístico 2025,
U_ISSSTE_713,PENDIENTE,022-207-00,Propia,En Operación,Clínica de Medicina Familiar con Especialidades y Quirófano San Juan del Río,CMFEQ San Juan del Río,San Juan del Río,Clínica de Medicina Familiar con Especialidades y Quirófano,CMFEQ,Segundo Nivel,Primer Nivel,ISSSTE,Querétaro,San Juan del Río,Querétaro,Calle,José María Pino Suárez,43,,Colonia,Centro,76800,"Calle José María Pino Suárez 43, Colonia Centro, San Juan del Río, Querétaro, CP. 76800",20.389305457750588,-99.99128994987123,Validada,Anuario Estadístico 2025,
U_ISSSTE_714,QRIST000043,023-204-00,Propia,En Operación,Clínica Hospital Chetumal,CH Chetumal,Chetumal,Clínica Hospital,CH,Segundo Nivel,Primer Nivel,ISSSTE,Quintana Roo,Othón P. Blanco,Quintana Roo,Avenida,Insurgentes,S/N,,Colonia,FOVISSSTE,77024,"Avenida Insurgentes S/N, Colonia FOVISSSTE, Othón P. Blanco, Quintana Roo, CP. 77024",18.518260176708726,-88.3240259609408,Validada,Anuario Estadístico 2025,
U_ISSSTE_715,QRIST000026,023-204-01,Propia,En Operación,Unidad de Medicina Familiar Felipe Carrillo Puerto,UMF Felipe Carrillo Puerto,Felipe Carrillo Puerto,Unidad de Medicina Familiar,UMF,Primer Nivel,No Aplica,ISSSTE,Quintana Roo,Felipe Carrillo Puerto,Quintana Roo,Avenida,Santiago Pacheco Cruz,1570,,Colonia,Centro,77200,"Avenida Santiago Pacheco Cruz 1570, Colonia Centro, Felipe Carrillo Puerto, Quintana Roo, CP. 77200",19.57522984279644,-88.04581226905921,Validada,Anuario Estadístico 2025,
U_ISSSTE_716,QRIST000060,023-204-02,Propia,En Operación,Unidad de Medicina Familiar José Ma. Morelos,UMF José Ma. Morelos,José Ma. Morelos,Unidad de Medicina Familiar,UMF,Primer Nivel,No Aplica,ISSSTE,Quintana Roo,José María Morelos,Quintana Roo,Calle,Cuarenta y Cuatro (Benito Juárez),S/N,,Colonia,Centro,77890,"Calle Cuarenta y Cuatro (Benito Juárez) S/N, Colonia Centro, José María Morelos, Quintana Roo, CP. 77890",19.74815820306124,-88.7069000287313,Validada,Anuario Estadístico 2025,
U_ISSSTE_717,QRIST000096,023-204-03,Convenio,En Operación,Consultorio de Atención Familiar Bacalar,CAF Bacalar,Bacalar,Consultorio de Atención Familiar,CAF,Primer Nivel,No Aplica,ISSSTE,Quintana Roo,Othón P. Blanco,Quintana Roo,Avenida,Trece,S/N,,Colonia,Sor Juana Inés de la Cruz,77934,"Avenida Trece S/N, Colonia Sor Juana Inés de la Cruz, Othón P. Blanco, Quintana Roo, CP. 77934",18.674927707790005,-88.39812877163405,Validada,Anuario Estadístico 2025,Google Maps no actualizado en la zona
U_ISSSTE_718,QRIST000055,023-205-00,Propia,En Operación,Clínica Hospital Cd. Cancún,CH Cd. Cancún,Cd. Cancún,Clínica Hospital,CH,Segundo Nivel,Primer Nivel,ISSSTE,Quintana Roo,Benito Juárez,Quintana Roo,Calle,Noventa y Tres,275,,Supermanzana,93,77517,"Calle Noventa y Tres 275, Supermanzana 93, Benito Juárez, Quintana Roo, CP. 77517",21.165139208913395,-86.85645420594378,Validada,Anuario Estadístico 2025,
U_ISSSTE_719,QRIST000072,023-205-01,En Proceso de Regularización,En Operación,Unidad de Medicina Familiar Kantunilkín,UMF Kantunilkín,Kantunilkín,Unidad de Medicina Familiar,UMF,Primer Nivel,No Aplica,ISSSTE,Quintana Roo,Lázaro Cárdenas,Quintana Roo,Calle,Reforma,S/N,,Localidad,Expo,77307,"Calle Reforma S/N, Localidad Expo, Lázaro Cárdenas, Quintana Roo, CP. 77307",21.104659085165586,-87.4912765363206,Validada,Anuario Estadístico 2025,
U_ISSSTE_720,QRIST000031,023-205-02,Propia,En Operación,Unidad de Medicina Familiar Isla Mujeres,UMF Isla Mujeres,Isla Mujeres,Unidad de Medicina Familiar,UMF,Primer Nivel,No Aplica,ISSSTE,Quintana Roo,Isla Mujeres,Quintana Roo,Avenida,Adolfo López Mateos,1,,Localidad,Centro Punta Norte Isla Mujeres,77400,"Avenida Adolfo López Mateos 1, Localidad Centro Punta Norte Isla Mujeres, Isla Mujeres, Quintana Roo, CP. 77400",21.259336625017745,-86.74899920347352,Validada,Anuario Estadístico 2025,
U_ISSSTE_721,PENDIENTE,023-205-05,Propia,En Operación,Unidad de Medicina Familiar Playa del Carmen,UMF Playa del Carmen,Playa del Carmen,Unidad de Medicina Familiar,UMF,Primer Nivel,No Aplica,ISSSTE,Quintana Roo,Playa del Carmen,Quintana Roo,Avenida,Arco Vial,138,,Fraccionamiento,Villa Mar,77725,"Avenida Arco Vial 138, Fraccionamiento Villa Mar, Playa del Carmen, Quintana Roo, CP. 77725",20.668290639275046,-87.06398776499393,Validada,Anuario Estadístico 2025,
U_ISSSTE_722,QRIST000014,023-206-00,Propia,En Operación,Clínica de Medicina Familiar con Especialidades y Quirófano Cozumel,CMFEQ Cozumel,Cozumel,Clínica de Medicina Familiar con Especialidades y Quirófano,CMFEQ,Segundo Nivel,Primer Nivel,ISSSTE,Quintana Roo,Cozumel,Quintana Roo,Calle,Primera Sur,99,,Colonia,Adolfo López Mateos,77667,"Calle Primera Sur 99, Colonia Adolfo López Mateos, Cozumel, Quintana Roo, CP. 77667",20.502391014174716,-86.94044278894624,Validada,Anuario Estadístico 2025,
U_ISSSTE_723,QRIST000084,023-207-00,Propia,En Operación,Clínica de Especialidades Clidda Chetumal,CE Clidda Chetumal,Clidda Chetumal,Clínica de Especialidades,CE,Segundo Nivel,Primer Nivel,ISSSTE,Quintana Roo,Othón P. Blanco,Quintana Roo,Avenida,Erick Paolo Martínez,S/N,,Colonia,17 de Octubre,77039,"Avenida Erick Paolo Martínez S/N, Colonia 17 de Octubre, Othón P. Blanco, Quintana Roo, CP. 77039",18.5247583259068,-88.310811950284,Validada,Anuario Estadístico 2025,
U_ISSSTE_724,SPIST000113,024-204-00,Propia,En Operación,"Hospital General San Luis Potosí, S.L.P.","HG San Luis Potosí, S.L.P.","San Luis Potosí, S.L.P.",Hospital General,HG,Segundo Nivel,No Aplica,ISSSTE,San Luis Potosí,San Luis Potosí,San Luis Potosí,Calle,Carlos Diez Gutiérrez,915,,Barrio,de San Juan de Guadalupe,78340,"Calle Carlos Diez Gutiérrez 915, Barrio de San Juan de Guadalupe, San Luis Potosí, San Luis Potosí, CP. 78340",22.14048337393098,-100.96985573090925,Validada,Anuario Estadístico 2025,
U_ISSSTE_725,SPIST000055,024-205-00,Propia,En Operación,Clínica Hospital Ciudad Valles,CH Ciudad Valles,Ciudad Valles,Clínica Hospital,CH,Segundo Nivel,Primer Nivel,ISSSTE,San Luis Potosí,Ciudad Valles,San Luis Potosí,Calle,Frontera,1509,,Colonia,Altavista,79050,"Calle Frontera 1509, Colonia Altavista, Ciudad Valles, San Luis Potosí, CP. 79050",21.993818664433853,-99.00408900660862,Validada,Anuario Estadístico 2025,
U_ISSSTE_726,SPIST000072,024-205-02,Propia,En Operación,Unidad de Medicina Familiar Ébano,UMF Ébano,Ébano,Unidad de Medicina Familiar,UMF,Primer Nivel,No Aplica,ISSSTE,San Luis Potosí,Ebano,San Luis Potosí,Calle,Jalisco,S/N,,Colonia,Obrera,79140,"Calle Jalisco S/N, Colonia Obrera, Ebano, San Luis Potosí, CP. 79140",22.210303837956744,-98.39261289333513,Validada,Anuario Estadístico 2025,
U_ISSSTE_727,SPIST000282,024-205-03,Subrogada,En Operación,Consultorio de Atención Familiar Tamasopo,CAF Tamasopo,Tamasopo,Consultorio de Atención Familiar,CAF,Primer Nivel,No Aplica,ISSSTE,San Luis Potosí,Tamasopo,San Luis Potosí,Calle,Ignacio Allende,S/N,,Colonia,Centro,79710,"Calle Ignacio Allende S/N, Colonia Centro, Tamasopo, San Luis Potosí, CP. 79710",21.92279154250283,-99.3912008219008,Validada,Anuario Estadístico 2025,
U_ISSSTE_728,SPIST000154,024-205-04,Propia,En Operación,Unidad de Medicina Familiar Tanquián de Escobedo,UMF Tanquián de Escobedo,Tanquián de Escobedo,Unidad de Medicina Familiar,UMF,Primer Nivel,No Aplica,ISSSTE,San Luis Potosí,Tanquián de Escobedo,San Luis Potosí,Calle,Mariano Escobedo,S/N,,Colonia,Centro,79840,"Calle Mariano Escobedo S/N, Colonia Centro, Tanquián de Escobedo, San Luis Potosí, CP. 79840",21.607969109937173,-98.66138005487429,Validada,Anuario Estadístico 2025,
U_ISSSTE_729,SPIST000183,024-205-05,Propia,En Operación,Unidad de Medicina Familiar Xilitla,UMF Xilitla,Xilitla,Unidad de Medicina Familiar,UMF,Primer Nivel,No Aplica,ISSSTE,San Luis Potosí,Xilitla,San Luis Potosí,Calle,Amado Nervo,116,,Colonia,Jardín,79900,"Calle Amado Nervo 116, Colonia Jardín, Xilitla, San Luis Potosí, CP. 79900",21.388741927632058,-98.98590887787073,Validada,Anuario Estadístico 2025,
U_ISSSTE_730,SPIST000043,024-205-10,Propia,En Operación,Unidad de Medicina Familiar Tancanhuitz de Santos,UMF Tancanhuitz de Santos,Tancanhuitz de Santos,Unidad de Medicina Familiar,UMF,Primer Nivel,No Aplica,ISSSTE,San Luis Potosí,Tancanhuitz,San Luis Potosí,Avenida,Lic. Carlos Jongitud Barrios,S/N,,Barrio,Xochimilco,79800,"Avenida Lic. Carlos Jongitud Barrios S/N, Barrio Xochimilco, Tancanhuitz, San Luis Potosí, CP. 79800",21.59304230849996,-98.96673927686243,Validada,Anuario Estadístico 2025,
U_ISSSTE_731,SPIST000294,024-205-11,Subrogada,En Operación,Consultorio de Atención Familiar San Vicente,CAF San Vicente,San Vicente,Consultorio de Atención Familiar,CAF,Primer Nivel,No Aplica,ISSSTE,San Luis Potosí,Vanegas,San Luis Potosí,Calle,Olímpica,S/N,,Colonia,Centro,79820,"Calle Olímpica S/N, Colonia Centro, Vanegas, San Luis Potosí, CP. 79820",21.71356553996559,-98.58990537712675,Solicitar Validación,Anuario Estadístico 2025,"Inconsistencias en clues, se hace uso de las coordenadas del centro de salud más cercano"
U_ISSSTE_732,SPIST000311,024-205-14,Subrogada,En Operación,Consultorio de Atención Familiar El Naranjo,CAF El Naranjo,El Naranjo,Consultorio de Atención Familiar,CAF,Primer Nivel,No Aplica,ISSSTE,San Luis Potosí,El Naranjo,San Luis Potosí,Calle,20 de Noviembre,18,,Colonia,Centro,79300,"Calle 20 de Noviembre 18, Colonia Centro, El Naranjo, San Luis Potosí, CP. 79300",22.52137115067065,-99.32427582198301,Solicitar Validación,Anuario Estadístico 2025,"Google Maps no disponible en la zona, se hace uso de coordenadas aproximadas"
U_ISSSTE_733,SPIST000212,024-206-00,Propia,En Operación,"Clínica de Medicina Familiar con Especialidades y Quirófano Dr. Pedro Bárcena Hiriart, S.L.P.","CMFEQ Dr. Pedro Bárcena Hiriart, S.L.P.","Dr. Pedro Bárcena Hiriart, S.L.P.",Clínica de Medicina Familiar con Especialidades y Quirófano,CMFEQ,Segundo Nivel,Primer Nivel,ISSSTE,San Luis Potosí,San Luis Potosí,San Luis Potosí,Avenida,Salvador Nava Martínez,S/N,,Fraccionamiento,Capricornio,78320,"Avenida Salvador Nava Martínez S/N, Fraccionamiento Capricornio, San Luis Potosí, San Luis Potosí, CP. 78320",22.144568450234313,-100.95587815449997,Validada,Anuario Estadístico 2025,
U_ISSSTE_734,SPIST000130,024-206-01,Propia,En Operación,Unidad de Medicina Familiar Col. Burócratas,UMF Col. Burócratas,Col. Burócratas,Unidad de Medicina Familiar,UMF,Primer Nivel,No Aplica,ISSSTE,San Luis Potosí,San Luis Potosí,San Luis Potosí,Avenida,Educación,300,,Colonia,Burócratas,78270,"Avenida Educación 300, Colonia Burócratas, San Luis Potosí, San Luis Potosí, CP. 78270",22.14442054692347,-101.00044546693812,Validada,Anuario Estadístico 2025,
U_ISSSTE_735,SPIST000026,024-206-03,Propia,En Operación,Unidad de Medicina Familiar Cerritos,UMF Cerritos,Cerritos,Unidad de Medicina Familiar,UMF,Primer Nivel,No Aplica,ISSSTE,San Luis Potosí,Cerritos,San Luis Potosí,Calle,Zaragoza,S/N,,Colonia,Centro,79440,"Calle Zaragoza S/N, Colonia Centro, Cerritos, San Luis Potosí, CP. 79440",22.432176283312472,-100.28122275164924,Validada,Anuario Estadístico 2025,
U_ISSSTE_736,SPIST000060,024-206-04,Propia,En Operación,Unidad de Medicina Familiar Cd. Charcas,UMF Cd. Charcas,Cd. Charcas,Unidad de Medicina Familiar,UMF,Primer Nivel,No Aplica,ISSSTE,San Luis Potosí,Charcas,San Luis Potosí,Calle,Independencia,105,,Colonia,Clavellinas,78597,"Calle Independencia 105, Colonia Clavellinas, Charcas, San Luis Potosí, CP. 78597",23.134616112890345,-101.10982148749163,Validada,Anuario Estadístico 2025,
U_ISSSTE_737,SPIST000101,024-206-05,Propia,En Operación,Unidad de Medicina Familiar Salinas de Hidalgo,UMF Salinas de Hidalgo,Salinas de Hidalgo,Unidad de Medicina Familiar,UMF,Primer Nivel,No Aplica,ISSSTE,San Luis Potosí,Salinas,San Luis Potosí,Calle,Francisco Villa,S/N,,Colonia,Centro,78620,"Calle Francisco Villa S/N, Colonia Centro, Salinas, San Luis Potosí, CP. 78620",22.627851532376855,-101.71889838866898,Validada,Anuario Estadístico 2025,
U_ISSSTE_738,SPIST000166,024-206-07,Propia,En Operación,Unidad de Medicina Familiar Villa Hidalgo,UMF Villa Hidalgo,Villa Hidalgo,Unidad de Medicina Familiar,UMF,Primer Nivel,No Aplica,ISSSTE,San Luis Potosí,Villa Hidalgo,San Luis Potosí,Avenida,Miguel Hidalgo,S/N,,Localidad,Villa Hidalgo,78960,"Avenida Miguel Hidalgo S/N, Localidad Villa Hidalgo, Villa Hidalgo, San Luis Potosí, CP. 78960",22.44279745677215,-100.68415281269371,Validada,Anuario Estadístico 2025,
U_ISSSTE_739,SPIST000270,024-206-09,Propia,En Operación,Unidad de Medicina Familiar Soledad de Graciano Sánchez,UMF Soledad de Graciano Sánchez,Soledad de Graciano Sánchez,Unidad de Medicina Familiar,UMF,Primer Nivel,No Aplica,ISSSTE,San Luis Potosí,Soledad de Graciano Sánchez,San Luis Potosí,Calle,Valle de Bellavista,131,,Fraccionamiento,Bellavista,78433,"Calle Valle de Bellavista 131, Fraccionamiento Bellavista, Soledad de Graciano Sánchez, San Luis Potosí, CP. 78433",22.174299626333994,-100.96696011042228,Validada,Anuario Estadístico 2025,
U_ISSSTE_740,SPIST000224,024-206-12,Convenio,En Operación,Consultorio Médico en Centro de Trabajo Casa de Moneda,CMCT Casa de Moneda,Casa de Moneda,Consultorio Médico en Centro de Trabajo,CMCT,Primer Nivel,No Aplica,ISSSTE,San Luis Potosí,San Luis Potosí,San Luis Potosí,Avenida,Comisión Federal de Electricidad,200,,Zona,Industrial 1ra Sección,78395,"Avenida Comisión Federal de Electricidad 200, Zona Industrial 1ra Sección, San Luis Potosí, San Luis Potosí, CP. 78395",22.085039440092235,-100.90036950828623,Validada,Anuario Estadístico 2025,
U_ISSSTE_741,SPIST000265,024-206-14,Subrogada,En Operación,Consultorio de Atención Familiar Santa María del Río,CAF Santa María del Río,Santa María del Río,Consultorio de Atención Familiar,CAF,Primer Nivel,No Aplica,ISSSTE,San Luis Potosí,Santa María del Río,San Luis Potosí,Calle,Fray Diego de la Magdalena,95,,Barrio,de Santiago,79560,"Calle Fray Diego de la Magdalena 95, Barrio de Santiago, Santa María del Río, San Luis Potosí, CP. 79560",21.809579528862002,-100.73168600132735,Validada,Anuario Estadístico 2025,
U_ISSSTE_742,SPIST000236,024-206-15,Convenio,En Operación,Consultorio Médico en Centro de Trabajo SNTE (San Luís Potosí),CMCT SNTE  (San Luís Potosí),SNTE (San Luís Potosí),Consultorio Médico en Centro de Trabajo,CMCT,Primer Nivel,No Aplica,ISSSTE,San Luis Potosí,San Luis Potosí,San Luis Potosí,Avenida,Himno Nacional,1800,,Colonia,Prados de San Luis,78268,"Avenida Himno Nacional 1800, Colonia Prados de San Luis, San Luis Potosí, San Luis Potosí, CP. 78268",22.142932227162277,-101.00062026745469,Validada,Anuario Estadístico 2025,
U_ISSSTE_743,SPIST000241,024-206-16,Convenio,En Operación,Consultorio Médico en Centro de Trabajo Secretaría de Educación del Estado de San Luis Potosí-SEP,CMCT Secretaría de Educación del Estado de San Luis Potosí-SEP,Secretaría de Educación del Estado de San Luis Potosí-SEP,Consultorio Médico en Centro de Trabajo,CMCT,Primer Nivel,No Aplica,ISSSTE,San Luis Potosí,San Luis Potosí,San Luis Potosí,Boulevard,Manuel Gómez Azcárate,S/N,,Colonia,Himno Nacional 2da Sección,78369,"Boulevard Manuel Gómez Azcárate S/N, Colonia Himno Nacional 2da Sección, San Luis Potosí, San Luis Potosí, CP. 78369",22.12793203509036,-100.98365601065069,Validada,Anuario Estadístico 2025,
U_ISSSTE_744,SPIST000084,024-207-00,Propia,En Operación,Clínica Hospital Matehuala,CH Matehuala,Matehuala,Clínica Hospital,CH,Segundo Nivel,Primer Nivel,ISSSTE,San Luis Potosí,Matehuala,San Luis Potosí,Calle,Mariano Matamoros,48,,Colonia,Santa Martha,78700,"Calle Mariano Matamoros 48, Colonia Santa Martha, Matehuala, San Luis Potosí, CP. 78700",23.651687340528014,-100.6363465906975,Validada,Anuario Estadístico 2025,
U_ISSSTE_745,SPIST000142,024-208-00,Propia,En Operación,Clínica Hospital Tamazunchale,CH Tamazunchale,Tamazunchale,Clínica Hospital,CH,Segundo Nivel,Primer Nivel,ISSSTE,San Luis Potosí,Tamazunchale,San Luis Potosí,Carretera,Tamazunlache-San Martín,Km. 5,,Colonia,Zacatitlán,79960,"Carretera Tamazunlache-San Martín Km. 5, Colonia Zacatitlán, Tamazunchale, San Luis Potosí, CP. 79960",21.251224169575696,-98.7758703395913,Validada,Anuario Estadístico 2025,
U_ISSSTE_746,SPIST000171,024-208-01,Propia,En Operación,Unidad de Medicina Familiar Axtla de Terrazas,UMF Axtla de Terrazas,Axtla de Terrazas,Unidad de Medicina Familiar,UMF,Primer Nivel,No Aplica,ISSSTE,San Luis Potosí,Axtla de Terrazas,San Luis Potosí,Avenida,Venustiano Carranza,64,,Barrio,La Libertad,79930,"Avenida Venustiano Carranza 64, Barrio La Libertad, Axtla de Terrazas, San Luis Potosí, CP. 79930",21.441153080207183,-98.87745596499765,Validada,Anuario Estadístico 2025,
U_ISSSTE_747,SPIST000253,024-208-02,Subrogada,En Operación,Consultorio de Atención Familiar San Martín Chalchicuautla,CAF San Martín Chalchicuautla,San Martín Chalchicuautla,Consultorio de Atención Familiar,CAF,Primer Nivel,No Aplica,ISSSTE,San Luis Potosí,San Martín Chalchicuautla,San Luis Potosí,Boulevard,Independencia,S/N,,Pueblo,San Martín Chalchicuautla,79950,"Boulevard Independencia S/N, Pueblo San Martín Chalchicuautla, San Martín Chalchicuautla, San Luis Potosí, CP. 79950",21.370770404613346,-98.66363560094584,Validada,Anuario Estadístico 2025,
U_ISSSTE_748,SPIST000306,024-208-03,Convenio,En Operación,Consultorio de Atención Familiar Matlapa,CAF Matlapa,Matlapa,Consultorio de Atención Familiar,CAF,Primer Nivel,No Aplica,ISSSTE,San Luis Potosí,Matlapa,San Luis Potosí,Calle,Pípila,2,,Localidad,Matlapa,79970,"Calle Pípila 2, Localidad Matlapa, Matlapa, San Luis Potosí, CP. 79970",21.338711391516906,-98.8269901095421,Validada,Anuario Estadístico 2025,
U_ISSSTE_749,SPIST000096,024-209-00,Propia,En Operación,Clínica Hospital Ríoverde,CH Ríoverde,Ríoverde,Clínica Hospital,CH,Segundo Nivel,Primer Nivel,ISSSTE,San Luis Potosí,Rioverde,San Luis Potosí,Calle,Ejército Nacional,100,,Zona,Centro,79610,"Calle Ejército Nacional 100, Zona Centro, Rioverde, San Luis Potosí, CP. 79610",21.923689001182925,-99.98778608585297,Validada,Anuario Estadístico 2025,
U_ISSSTE_750,SPIST000014,024-209-01,Propia,En Operación,Unidad de Medicina Familiar Cárdenas,UMF Cárdenas,Cárdenas,Unidad de Medicina Familiar,UMF,Primer Nivel,No Aplica,ISSSTE,San Luis Potosí,Cárdenas,San Luis Potosí,Calle,Comonfort,50,,Barrio,El Corito,79384,"Calle Comonfort 50, Barrio El Corito, Cárdenas, San Luis Potosí, CP. 79384",21.994003504486983,-99.63429371296618,Validada,Anuario Estadístico 2025,
U_ISSSTE_751,SPIST000031,024-209-02,Propia,En Operación,Unidad de Medicina Familiar Cd. del Maíz,UMF Cd. del Maíz,Cd. del Maíz,Unidad de Medicina Familiar,UMF,Primer Nivel,No Aplica,ISSSTE,San Luis Potosí,Ciudad del Maíz,San Luis Potosí,Calle,General Anaya,2,,Colonia,El Callejón,79324,"Calle General Anaya 2, Colonia El Callejón, Ciudad del Maíz, San Luis Potosí, CP. 79324",22.405504709370323,-99.59979857402493,Validada,Anuario Estadístico 2025,
U_ISSSTE_752,SPIST000200,024-209-03,Subrogada,En Operación,Consultorio de Atención Familiar San Ciro de Acosta,CAF San Ciro de Acosta,San Ciro de Acosta,Consultorio de Atención Familiar,CAF,Primer Nivel,No Aplica,ISSSTE,San Luis Potosí,San Ciro de Acosta,San Luis Potosí,Calle,Hidalgo,10,,Barrio,de San José,79680,"Calle Hidalgo 10, Barrio de San José, San Ciro de Acosta, San Luis Potosí, CP. 79680",21.649948400979678,-99.81959720225788,Solicitar Validación,Anuario Estadístico 2025,Las coordenadas envían a un DIF
U_ISSSTE_753,SLIST000196,025-204-00,Propia,En Operación,Clínica Hospital Mazatlán,CH Mazatlán,Mazatlán,Clínica Hospital,CH,Segundo Nivel,Primer Nivel,ISSSTE,Sinaloa,Mazatlán,Sinaloa,Avenida,Mazatlán,S/N,,Colonia,Plaza San Ignacio,82157,"Avenida Mazatlán S/N, Colonia Plaza San Ignacio, Mazatlán, Sinaloa, CP. 82157",23.252790012304047,-106.41869751929565,Validada,Anuario Estadístico 2025,
U_ISSSTE_754,SLIST000056,025-204-01,Propia,En Operación,Unidad de Medicina Familiar Concordia,UMF Concordia,Concordia,Unidad de Medicina Familiar,UMF,Primer Nivel,No Aplica,ISSSTE,Sinaloa,Concordia,Sinaloa,Carretera,Federal 40 (Mazatlán-Durango),Km. 46,,Colonia,20 de Enero,82600,"Carretera Federal 40 (Mazatlán-Durango) Km. 46, Colonia 20 de Enero, Concordia, Sinaloa, CP. 82600",23.285252370773204,-106.06721447260774,Validada,Anuario Estadístico 2025,
U_ISSSTE_755,SLIST000225,025-204-03,Propia,En Operación,Unidad de Medicina Familiar El Rosario,UMF El Rosario,El Rosario,Unidad de Medicina Familiar,UMF,Primer Nivel,No Aplica,ISSSTE,Sinaloa,Rosario,Sinaloa,Calle,José López Portillo,S/N,,Colonia,Panteón,82802,"Calle José López Portillo S/N, Colonia Panteón, Rosario, Sinaloa, CP. 82802",22.993943859279735,-105.86090498947667,Validada,Anuario Estadístico 2025,
U_ISSSTE_756,SLIST000131,025-204-04,Propia,En Operación,Unidad de Medicina Familiar Escuinapa,UMF Escuinapa,Escuinapa,Unidad de Medicina Familiar,UMF,Primer Nivel,No Aplica,ISSSTE,Sinaloa,Escuinapa,Sinaloa,Avenida,Sandra Calderón,S/N,,Colonia,Solidaridad,82457,"Avenida Sandra Calderón S/N, Colonia Solidaridad, Escuinapa, Sinaloa, CP. 82457",22.82719063319751,-105.78499949785935,Validada,Anuario Estadístico 2025,
U_ISSSTE_757,SLIST000242,025-204-05,Propia,En Operación,Unidad de Medicina Familiar San Ignacio,UMF San Ignacio,San Ignacio,Unidad de Medicina Familiar,UMF,Primer Nivel,No Aplica,ISSSTE,Sinaloa,San Ignacio,Sinaloa,Avenida,del Puente,S/N,,Colonia,Laveaga,82917,"Avenida del Puente S/N, Colonia Laveaga, San Ignacio, Sinaloa, CP. 82917",23.937610032333826,-106.43130621439995,Validada,Anuario Estadístico 2025,
U_ISSSTE_758,SLIST000201,025-204-07,Propia,En Operación,Unidad de Medicina Familiar La Esperanza,UMF La Esperanza,La Esperanza,Unidad de Medicina Familiar,UMF,Primer Nivel,No Aplica,ISSSTE,Sinaloa,Mazatlán,Sinaloa,Calle,Isla de Pájaros,S/N,,Unidad Habitacional,FOVISSSTE La Esperanza,82159,"Calle Isla de Pájaros S/N, Unidad Habitacional FOVISSSTE La Esperanza, Mazatlán, Sinaloa, CP. 82159",23.24464321902829,-106.39250284359838,Validada,Anuario Estadístico 2025,
U_ISSSTE_759,SLIST000015,025-205-00,Propia,En Operación,Clínica Hospital Los Mochis,CH Los Mochis,Los Mochis,Clínica Hospital,CH,Segundo Nivel,Primer Nivel,ISSSTE,Sinaloa,Ahome,Sinaloa,Boulevard,10 de Mayo,S/N,,Colonia,Jiquilpan,81226,"Boulevard 10 de Mayo S/N, Colonia Jiquilpan, Ahome, Sinaloa, CP. 81226",25.808545527983878,-108.98828678999699,Validada,Anuario Estadístico 2025,
U_ISSSTE_760,SLIST000020,025-205-01,Propia,En Operación,Unidad de Medicina Familiar Ahome,UMF Ahome,Ahome,Unidad de Medicina Familiar,UMF,Primer Nivel,No Aplica,ISSSTE,Sinaloa,Ahome,Sinaloa,Calle,Lauro Barelleza,S/N,,Fraccionamiento,Villas de Guadalupe,81315,"Calle Lauro Barelleza S/N, Fraccionamiento Villas de Guadalupe, Ahome, Sinaloa, CP. 81315",25.921387736350724,-109.17277752924788,Validada,Anuario Estadístico 2025,
U_ISSSTE_761,SLIST000172,025-205-03,Propia,En Operación,Unidad de Medicina Familiar Estación Bamoa,UMF Estación Bamoa,Estación Bamoa,Unidad de Medicina Familiar,UMF,Primer Nivel,No Aplica,ISSSTE,Sinaloa,Guasave,Sinaloa,Calle,Gral. Ignacio Zaragoza,87,,Colonia,Centro,81140,"Calle Gral. Ignacio Zaragoza 87, Colonia Centro, Guasave, Sinaloa, CP. 81140",25.707727873940367,-108.34436072906442,Validada,Anuario Estadístico 2025,
U_ISSSTE_762,SLIST000114,025-205-04,Propia,En Operación,Unidad de Medicina Familiar Choix,UMF Choix,Choix,Unidad de Medicina Familiar,UMF,Primer Nivel,No Aplica,ISSSTE,Sinaloa,Choix,Sinaloa,Calle,Sufragio Efectivo,S/N,,Colonia,Reforma,81709,"Calle Sufragio Efectivo S/N, Colonia Reforma, Choix, Sinaloa, CP. 81709",26.71272399948735,-108.33035642923393,Validada,Anuario Estadístico 2025,
U_ISSSTE_763,SLIST000283,025-205-05,Convenio,En Operación,Consultorio de Atención Familiar El Carrizo,CAF El Carrizo,El Carrizo,Consultorio de Atención Familiar,CAF,Primer Nivel,No Aplica,ISSSTE,Sinaloa,Ahome,Sinaloa,Calle,Río San Lorenzo,S/N,,Villa,Gustavo Díaz Ordaz,81343,"Calle Río San Lorenzo S/N, Villa Gustavo Díaz Ordaz, Ahome, Sinaloa, CP. 81343",26.270239342788656,-109.03574286908126,Validada,Anuario Estadístico 2025,
U_ISSSTE_764,SLIST000143,025-205-06,Propia,En Operación,Unidad de Medicina Familiar El Fuerte,UMF El Fuerte,El Fuerte,Unidad de Medicina Familiar,UMF,Primer Nivel,No Aplica,ISSSTE,Sinaloa,El Fuerte,Sinaloa,Carretera,Estatal 32 (San Blas-Choix),Km. 82,,Localidad,El Fuerte,81820,"Carretera Estatal 32 (San Blas-Choix) Km. 82, Localidad El Fuerte, El Fuerte, Sinaloa, CP. 81820",26.407396912557772,-108.61895985997852,Validada,Anuario Estadístico 2025,
U_ISSSTE_765,SLIST000370,025-205-07,Rentada,En Operación,Consultorio de Atención Familiar Estación Naranjo,CAF Estación Naranjo,Estación Naranjo,Consultorio de Atención Familiar,CAF,Primer Nivel,No Aplica,ISSSTE,Sinaloa,Sinaloa,Sinaloa,Calle,Gabriel Leyva,S/N,,Colonia,Centro,81980,"Calle Gabriel Leyva S/N, Colonia Centro, Sinaloa, Sinaloa, CP. 81980",25.80254688198414,-108.47906055182493,Validada,Anuario Estadístico 2025,
U_ISSSTE_766,SLIST000295,025-205-09,Rentada,En Operación,Consultorio de Atención Familiar Higuera de Zaragoza,CAF Higuera de Zaragoza,Higuera de Zaragoza,Consultorio de Atención Familiar,CAF,Primer Nivel,No Aplica,ISSSTE,Sinaloa,Ahome,Sinaloa,Calle,Ignacio Zaragoza,128,,Colonia,Centro,81330,"Calle Ignacio Zaragoza 128, Colonia Centro, Ahome, Sinaloa, CP. 81330",25.965755375908888,-109.293922194692,Solicitar Validación,Anuario Estadístico 2025,Las coordenadas envían a un Centro de Salud
U_ISSSTE_767,SLIST000184,025-205-10,Propia,En Operación,Unidad de Medicina Familiar Gral. Juan José Ríos,UMF Gral. Juan José Ríos,Gral. Juan José Ríos,Unidad de Medicina Familiar,UMF,Primer Nivel,No Aplica,ISSSTE,Sinaloa,Guasave,Sinaloa,Calle,Novena,S/N,,Colonia,Centro,81110,"Calle Novena S/N, Colonia Centro, Guasave, Sinaloa, CP. 81110",25.756612946318896,-108.82480638471618,Validada,Anuario Estadístico 2025,
U_ISSSTE_768,SLIST000353,025-205-11,Rentada,En Operación,Consultorio de Atención Familiar Adolfo Ruíz Cortines,CAF Adolfo Ruíz Cortines,Adolfo Ruíz Cortines,Consultorio de Atención Familiar,CAF,Primer Nivel,No Aplica,ISSSTE,Sinaloa,Guasave,Sinaloa,Calle,Diego Martínez,S/N,,Localidad,Adolfo Ruíz Cortines,81121,"Calle Diego Martínez S/N, Localidad Adolfo Ruíz Cortines, Guasave, Sinaloa, CP. 81121",25.707085059161066,-108.71700311293537,Solicitar Validación,Anuario Estadístico 2025,Las coordenadas envían al centro de salud más cercano
U_ISSSTE_769,SLIST000155,025-205-12,Propia,En Operación,Unidad de Medicina Familiar San Blas,UMF San Blas,San Blas,Unidad de Medicina Familiar,UMF,Primer Nivel,No Aplica,ISSSTE,Sinaloa,El Fuerte,Sinaloa,Calle,Francisco I. Madero,S/N,,Localidad,San Blas,81803,"Calle Francisco I. Madero S/N, Localidad San Blas, El Fuerte, Sinaloa, CP. 81803",26.08175700247415,-108.75977743803134,Solicitar Validación,Anuario Estadístico 2025,Google Maps no disponible en la zona. Coordenadas aproximadas
U_ISSSTE_770,SLIST000254,025-205-13,Propia,En Operación,Unidad de Medicina Familiar Sinaloa de Leyva,UMF Sinaloa de Leyva,Sinaloa de Leyva,Unidad de Medicina Familiar,UMF,Primer Nivel,No Aplica,ISSSTE,Sinaloa,Sinaloa,Sinaloa,Calle,Dr. Jorge Anaya Gil,1001,,Localidad,Sinaloa de Leyva,81912,"Calle Dr. Jorge Anaya Gil 1001, Localidad Sinaloa de Leyva, Sinaloa, Sinaloa, CP. 81912",25.828459908583266,-108.22116470650256,Validada,Anuario Estadístico 2025,
U_ISSSTE_771,SLIST000266,025-205-14,Propia,En Operación,Unidad de Medicina Familiar Ocoroni,UMF Ocoroni,Ocoroni,Unidad de Medicina Familiar,UMF,Primer Nivel,No Aplica,ISSSTE,Sinaloa,Sinaloa,Sinaloa,Calle,Poste Número 17,S/N,,Localidad,Santiago de Ocoroni,81960,"Calle Poste Número 17 S/N, Localidad Santiago de Ocoroni, Sinaloa, Sinaloa, CP. 81960",25.948965388571462,-108.41306688355984,Validada,Anuario Estadístico 2025,
U_ISSSTE_772,SLIST000073,025-206-00,Propia,En Operación,Clínica de Medicina Familiar Culiacán,CMF Culiacán,Culiacán,Clínica de Medicina Familiar,CMF,Primer Nivel,No Aplica,ISSSTE,Sinaloa,Culiacán,Sinaloa,Calle,29 de Septiembre,S/N,,Colonia,5 de Mayo,80230,"Calle 29 de Septiembre S/N, Colonia 5 de Mayo, Culiacán, Sinaloa, CP. 80230",24.796321252046408,-107.3769093198445,Validada,Anuario Estadístico 2025,
U_ISSSTE_773,SLIST000032,025-206-01,Propia,En Operación,Unidad de Medicina Familiar Angostura,UMF Angostura,Angostura,Unidad de Medicina Familiar,UMF,Primer Nivel,No Aplica,ISSSTE,Sinaloa,Angostura,Sinaloa,Avenida,5 de Mayo,S/N,,Ciudad,Angostura,81600,"Avenida 5 de Mayo S/N, Ciudad Angostura, Angostura, Sinaloa, CP. 81600",25.36209831907205,-108.15782750350192,Validada,Anuario Estadístico 2025,
U_ISSSTE_774,SLIST000044,025-206-02,Propia,En Operación,Unidad de Medicina Familiar Badiraguato,UMF Badiraguato,Badiraguato,Unidad de Medicina Familiar,UMF,Primer Nivel,No Aplica,ISSSTE,Sinaloa,Badiraguato,Sinaloa,Calle,Gral. Antonio Rosales,S/N,,Ciudad,Badiraguato,80500,"Calle Gral. Antonio Rosales S/N, Ciudad Badiraguato, Badiraguato, Sinaloa, CP. 80500",25.37056486354626,-107.55026439017736,Validada,Anuario Estadístico 2025,
U_ISSSTE_775,SLIST000061,025-206-03,Propia,En Operación,Unidad de Medicina Familiar Cosalá,UMF Cosalá,Cosalá,Unidad de Medicina Familiar,UMF,Primer Nivel,No Aplica,ISSSTE,Sinaloa,Cosalá,Sinaloa,Cerrada,Casa Hogar,S/N,,Colonia,Luis Donaldo Colosio,80707,"Cerrada Casa Hogar S/N, Colonia Luis Donaldo Colosio, Cosalá, Sinaloa, CP. 80707",24.412886292315235,-106.69593544636612,Validada,Anuario Estadístico 2025,
U_ISSSTE_776,SLIST000102,025-206-04,Propia,En Operación,Unidad de Medicina Familiar El Dorado,UMF El Dorado,El Dorado,Unidad de Medicina Familiar,UMF,Primer Nivel,No Aplica,ISSSTE,Sinaloa,Culiacán,Sinaloa,Calle,Flores Negras,S/N,,Colonia,Navitos,80450,"Calle Flores Negras S/N, Colonia Navitos, Culiacán, Sinaloa, CP. 80450",24.327770576121118,-107.36066165618826,Validada,Anuario Estadístico 2025,
U_ISSSTE_777,SLIST000230,025-206-05,Propia,En Operación,Unidad de Medicina Familiar Guamúchil,UMF Guamúchil,Guamúchil,Unidad de Medicina Familiar,UMF,Primer Nivel,No Aplica,ISSSTE,Sinaloa,Salvador Alvarado,Sinaloa,Calle,Gabriela Mistral,1126,,Colonia,Magisterio,81470,"Calle Gabriela Mistral 1126, Colonia Magisterio, Salvador Alvarado, Sinaloa, CP. 81470",25.45322807469707,-108.07148334240415,Validada,Anuario Estadístico 2025,
U_ISSSTE_778,SLIST000126,025-206-06,Propia,En Operación,Unidad de Medicina Familiar Estación la Cruz,UMF Estación la Cruz,Estación la Cruz,Unidad de Medicina Familiar,UMF,Primer Nivel,No Aplica,ISSSTE,Sinaloa,Elota,Sinaloa,Calle,a Residencial Santa Cruz,S/N,,Colonia,Residencial Santa Cruz,82703,"Calle a Residencial Santa Cruz S/N, Colonia Residencial Santa Cruz, Elota, Sinaloa, CP. 82703",23.92442826894211,-106.88337997707899,Validada,Anuario Estadístico 2025,
U_ISSSTE_779,SLIST000213,025-206-07,Propia,En Operación,Unidad de Medicina Familiar Mocorito,UMF Mocorito,Mocorito,Unidad de Medicina Familiar,UMF,Primer Nivel,No Aplica,ISSSTE,Sinaloa,Mocorito,Sinaloa,Carretera,a Guamúchil,Km. 1,,Colonia,Aviación,80807,"Carretera a Guamúchil Km. 1, Colonia Aviación, Mocorito, Sinaloa, CP. 80807",25.479190997864933,-107.92595031486289,Validada,Anuario Estadístico 2025,
U_ISSSTE_780,SLIST000271,025-206-08,Propia,En Operación,Unidad de Medicina Familiar Navolato,UMF Navolato,Navolato,Unidad de Medicina Familiar,UMF,Primer Nivel,No Aplica,ISSSTE,Sinaloa,Navolato,Sinaloa,Calle,Júpiter,S/N,,Colonia,ISSSTESIN Esperanza,80327,"Calle Júpiter S/N, Colonia ISSSTESIN Esperanza, Navolato, Sinaloa, CP. 80327",24.765699456698727,-107.70919464230845,Validada,Anuario Estadístico 2025,
U_ISSSTE_781,SLIST000365,025-206-09,Propia,En Operación,Unidad de Medicina Familiar Pericos,UMF Pericos,Pericos,Unidad de Medicina Familiar,UMF,Primer Nivel,No Aplica,ISSSTE,Sinaloa,Mocorito,Sinaloa,Calle,Benito Juárez,82,,Colonia,FONAPO Pericos-Mocorito,80950,"Calle Benito Juárez 82, Colonia FONAPO Pericos-Mocorito, Mocorito, Sinaloa, CP. 80950",25.08011123224273,-107.70330751245986,Validada,Anuario Estadístico 2025,
U_ISSSTE_782,SLIST000336,025-206-10,En Proceso de Regularización,En Operación,Unidad de Medicina Familiar Quilá,UMF Quilá,Quilá,Unidad de Medicina Familiar,UMF,Primer Nivel,No Aplica,ISSSTE,Sinaloa,Culiacán,Sinaloa,Calle,Once Norte,S/N,,Colonia,Unión,80409,"Calle Once Norte S/N, Colonia Unión, Culiacán, Sinaloa, CP. 80409",24.425906473922982,-107.21279550048733,Validada,Anuario Estadístico 2025,
U_ISSSTE_783,SLIST000312,025-206-12,Convenio,En Operación,Consultorio de Atención Familiar UH. FOVISSSTE CATRA (Casa del Trabajador),CAF UH. FOVISSSTE CATRA (Casa del Trabajador),UH. FOVISSSTE CATRA (Casa del Trabajador),Consultorio de Atención Familiar,CAF,Primer Nivel,No Aplica,ISSSTE,Sinaloa,Culiacán,Sinaloa,Calle,Artículo 123,1821,,Fraccionamiento,FOVISSSTE Chapultepec,80040,"Calle Artículo 123 1821, Fraccionamiento FOVISSSTE Chapultepec, Culiacán, Sinaloa, CP. 80040",24.820264795735376,-107.385135533116,Validada,Anuario Estadístico 2025,
U_ISSSTE_784,SLIST000300,025-206-13,Convenio,En Operación,Consultorio de Atención Familiar Gato de Lara,CAF Gato de Lara,Gato de Lara,Consultorio de Atención Familiar,CAF,Primer Nivel,No Aplica,ISSSTE,Sinaloa,Angostura,Sinaloa,Calle,Sonora,S/N,,Colonia,Sindicatura La Reforma,81670,"Calle Sonora S/N, Colonia Sindicatura La Reforma, Angostura, Sinaloa, CP. 81670",25.12251378552261,-108.01300155476822,Validada,Anuario Estadístico 2025,
U_ISSSTE_785,SLIST000324,025-206-14,En Proceso de Regularización,En Operación,Unidad de Medicina Familiar Costa Rica,UMF Costa Rica,Costa Rica,Unidad de Medicina Familiar,UMF,Primer Nivel,No Aplica,ISSSTE,Sinaloa,Culiacán,Sinaloa,Calle,Dr. Jorge Magaña,52,,Colonia,Juan de Dios Bátiz,80430,"Calle Dr. Jorge Magaña 52, Colonia Juan de Dios Bátiz, Culiacán, Sinaloa, CP. 80430",24.58893863573714,-107.39749164836797,Validada,Anuario Estadístico 2025,
U_ISSSTE_786,SLIST000090,025-206-15,Propia,En Operación,Unidad de Medicina Familiar Col. STASE,UMF Col. STASE,Col. STASE,Unidad de Medicina Familiar,UMF,Primer Nivel,No Aplica,ISSSTE,Sinaloa,Culiacán,Sinaloa,Boulevard,Diamante,1643,,Colonia,STASE Humaya,80020,"Boulevard Diamante 1643, Colonia STASE Humaya, Culiacán, Sinaloa, CP. 80020",24.827788873393562,-107.4120743884364,Validada,Anuario Estadístico 2025,
U_ISSSTE_787,PENDIENTE,025-208-00,Propia,En Operación,Clínica de Medicina Familiar con Especialidades y Quirófano Guasave,CMFEQ Guasave,Guasave,Clínica de Medicina Familiar con Especialidades y Quirófano,CMFEQ,Segundo Nivel,Primer Nivel,ISSSTE,Sinaloa,Guasave,Sinaloa,Calle,Jacarandas,S/N,,Colonia,del Bosque,81040,"Calle Jacarandas S/N, Colonia del Bosque, Guasave, Sinaloa, CP. 81040",25.571178456724155,-108.47330385537904,Validada,Anuario Estadístico 2025,
U_ISSSTE_788,SRIST000133,026-204-00,Propia,En Operación,"Hospital General Dr. Fernando Ocaranza, Hermosillo","HG Dr. Fernando Ocaranza, Hermosillo","Dr. Fernando Ocaranza, Hermosillo",Hospital General,HG,Segundo Nivel,No Aplica,ISSSTE,Sonora,Hermosillo,Sonora,Boulevard,José María Morelos,S/N,,Colonia,Loma Linda,83150,"Boulevard José María Morelos S/N, Colonia Loma Linda, Hermosillo, Sonora, CP. 83150",29.110348142937102,-110.95062108987449,Validada,Anuario Estadístico 2025,
U_ISSSTE_789,SRIST000046,026-205-00,Propia,En Operación,Clínica Hospital Cd. Obregón,CH Cd. Obregón,Cd. Obregón,Clínica Hospital,CH,Segundo Nivel,Primer Nivel,ISSSTE,Sonora,Cajeme,Sonora,Calle,Querétaro,S/N,,Colonia,Cincuentenario,85100,"Calle Querétaro S/N, Colonia Cincuentenario, Cajeme, Sonora, CP. 85100",27.505892960887817,-109.95182333546336,Validada,Anuario Estadístico 2025,
U_ISSSTE_790,SRIST000051,026-205-01,En Proceso de Regularización,En Operación,Unidad de Medicina Familiar Estación Esperanza,UMF Estación Esperanza,Estación Esperanza,Unidad de Medicina Familiar,UMF,Primer Nivel,No Aplica,ISSSTE,Sonora,Cajeme,Sonora,Calle,Puerto Guaymas,S/N,,Colonia,Nueva Esperanza,85210,"Calle Puerto Guaymas S/N, Colonia Nueva Esperanza, Cajeme, Sonora, CP. 85210",27.567646762222974,-109.92936366000558,Validada,Anuario Estadístico 2025,
U_ISSSTE_791,SRIST000116,026-205-02,En Proceso de Regularización,En Operación,Unidad de Medicina Familiar Estación Vicam,UMF Estación Vicam,Estación Vicam,Unidad de Medicina Familiar,UMF,Primer Nivel,No Aplica,ISSSTE,Sonora,Guaymas,Sonora,Calle,Heroico Colegio Militar,12,,Colonia,Centro,85510,"Calle Heroico Colegio Militar 12, Colonia Centro, Guaymas, Sonora, CP. 85510",27.64479317834134,-110.29231188589456,Validada,Anuario Estadístico 2025,
U_ISSSTE_792,SRIST000080,026-205-03,Propia,En Operación,Unidad de Medicina Familiar Villa Juárez,UMF Villa Juárez,Villa Juárez,Unidad de Medicina Familiar,UMF,Primer Nivel,No Aplica,ISSSTE,Sonora,Etchojoa,Sonora,Calle,16 de Septiembre,947,,Colonia,Centro,85290,"Calle 16 de Septiembre 947, Colonia Centro, Etchojoa, Sonora, CP. 85290",27.127270201636087,-109.84012250637974,Validada,Anuario Estadístico 2025,
U_ISSSTE_793,SRIST000261,026-205-04,Convenio,En Operación,Consultorio de Atención Familiar UH. FOVISSSTE No. 2 Cd. Obregón,CAF UH. FOVISSSTE No. 2 Cd. Obregón,UH. FOVISSSTE No. 2 Cd. Obregón,Consultorio de Atención Familiar,CAF,Primer Nivel,No Aplica,ISSSTE,Sonora,Cajeme,Sonora,Calle,Otancahui,731,,Unidad Habitacional,FOVISSSTE 2 Cd. Obregón,85140,"Calle Otancahui 731, Unidad Habitacional FOVISSSTE 2 Cd. Obregón, Cajeme, Sonora, CP. 85140",27.48555676045633,-109.9561184088851,Validada,Anuario Estadístico 2025,
U_ISSSTE_794,SRIST000401,026-205-06,Subrogada,En Operación,Consultorio de Atención Familiar Rosario Tesopaco,CAF Rosario Tesopaco,Rosario Tesopaco,Consultorio de Atención Familiar,CAF,Primer Nivel,No Aplica,ISSSTE,Sonora,Rosario,Sonora,Avenida,Álvaro Obregón,238,,Localidad,Rosario Tesopaco,85700,"Avenida Álvaro Obregón 238, Localidad Rosario Tesopaco, Rosario, Sonora, CP. 85700",27.84049992918769,-109.36974740858362,Validada,Anuario Estadístico 2025,
U_ISSSTE_795,SRIST000162,026-206-00,En Proceso de Regularización,En Operación,Clínica Hospital Navojoa,CH Navojoa,Navojoa,Clínica Hospital,CH,Segundo Nivel,Primer Nivel,ISSSTE,Sonora,Navojoa,Sonora,Avenida,Guillermo Chávez,502,,Colonia,Hidalgo,85840,"Avenida Guillermo Chávez 502, Colonia Hidalgo, Navojoa, Sonora, CP. 85840",27.088341164240436,-109.43667911097857,Validada,Anuario Estadístico 2025,
U_ISSSTE_796,SRIST000022,026-206-01,Propia,En Operación,Unidad de Medicina Familiar Álamos,UMF Álamos,Álamos,Unidad de Medicina Familiar,UMF,Primer Nivel,No Aplica,ISSSTE,Sonora,Álamos,Sonora,Calle,Amado Nervo,13,,Colonia,Los Guayparines,85766,"Calle Amado Nervo 13, Colonia Los Guayparines, Álamos, Sonora, CP. 85766",27.030285573405514,-108.94217074928999,Validada,Anuario Estadístico 2025,
U_ISSSTE_797,SRIST000092,026-206-02,Propia,En Operación,Unidad de Medicina Familiar Bacobampo,UMF Bacobampo,Bacobampo,Unidad de Medicina Familiar,UMF,Primer Nivel,No Aplica,ISSSTE,Sonora,Etchojoa,Sonora,Calle,Graciano Sánchez,S/N,,Barrio,Salubridad,85287,"Calle Graciano Sánchez S/N, Barrio Salubridad, Etchojoa, Sonora, CP. 85287",26.97891383814771,-109.65785551566037,Validada,Anuario Estadístico 2025,
U_ISSSTE_798,SRIST000145,026-206-03,Propia,En Operación,Unidad de Medicina Familiar Huatabampo,UMF Huatabampo,Huatabampo,Unidad de Medicina Familiar,UMF,Primer Nivel,No Aplica,ISSSTE,Sonora,Huatabampo,Sonora,Calle,Adolfo de la Huerta,S/N,,Colonia,Obregón,85950,"Calle Adolfo de la Huerta S/N, Colonia Obregón, Huatabampo, Sonora, CP. 85950",26.826847627649123,-109.63426552900634,Validada,Anuario Estadístico 2025,
U_ISSSTE_799,SRIST000302,026-206-04,Propia,En Operación,Unidad de Medicina Familiar Etchojoa,UMF Etchojoa,Etchojoa,Unidad de Medicina Familiar,UMF,Primer Nivel,No Aplica,ISSSTE,Sonora,Etchojoa,Sonora,Carretera,Navojoa-Huatabampo,12,,Colonia,Progresista,85280,"Carretera Navojoa-Huatabampo 12, Colonia Progresista, Etchojoa, Sonora, CP. 85280",26.90688611581937,-109.63108750731223,Validada,Anuario Estadístico 2025,
U_ISSSTE_800,SRIST000104,026-208-00,Propia,En Operación,Clínica Hospital Guaymas,CH Guaymas,Guaymas,Clínica Hospital,CH,Segundo Nivel,Primer Nivel,ISSSTE,Sonora,Guaymas,Sonora,Calle,Ensenada Grande,S/N,,Colonia,FOVISSSTE,85440,"Calle Ensenada Grande S/N, Colonia FOVISSSTE, Guaymas, Sonora, CP. 85440",27.924071542614676,-110.92106055692008,Validada,Anuario Estadístico 2025,
U_ISSSTE_801,SRIST000075,026-208-01,Propia,En Operación,Unidad de Medicina Familiar Empalme,UMF Empalme,Empalme,Unidad de Medicina Familiar,UMF,Primer Nivel,No Aplica,ISSSTE,Sonora,Empalme,Sonora,Calle,Primera,65,,Sector,Libertad,85370,"Calle Primera 65, Sector Libertad, Empalme, Sonora, CP. 85370",27.96340713895564,-110.80517579596986,Validada,Anuario Estadístico 2025,
U_ISSSTE_802,SRIST000203,026-211-00,Propia,En Operación,Clínica Hospital San Luís Río Colorado,CH San Luís Río Colorado,San Luís Río Colorado,Clínica Hospital,CH,Segundo Nivel,Primer Nivel,ISSSTE,Sonora,San Luis Río Colorado,Sonora,Avenida,Libertad,210,,Colonia,Sonora,83440,"Avenida Libertad 210, Colonia Sonora, San Luis Río Colorado, Sonora, CP. 83440",32.469570957021496,-114.7856909746945,Validada,Anuario Estadístico 2025,
U_ISSSTE_803,SRIST000186,026-211-01,Propia,En Operación,Unidad de Medicina Familiar Puerto Peñasco,UMF Puerto Peñasco,Puerto Peñasco,Unidad de Medicina Familiar,UMF,Primer Nivel,No Aplica,ISSSTE,Sonora,Puerto Peñasco,Sonora,Calle,de las Margaritas,S/N,,Colonia,Centro,83550,"Calle de las Margaritas S/N, Colonia Centro, Puerto Peñasco, Sonora, CP. 83550",31.309439547623562,-113.5389563884249,Validada,Anuario Estadístico 2025,
U_ISSSTE_804,SRIST000232,026-211-02,Propia,En Operación,Unidad de Medicina Familiar Sonoyta,UMF Sonoyta,Sonoyta,Unidad de Medicina Familiar,UMF,Primer Nivel,No Aplica,ISSSTE,Sonora,Puerto Peñasco,Sonora,Avenida,16 de Septiembre,S/N,,Colonia,Las Dunas,83570,"Avenida 16 de Septiembre S/N, Colonia Las Dunas, Puerto Peñasco, Sonora, CP. 83570",31.86780594350274,-112.86011100148562,Validada,Anuario Estadístico 2025,
U_ISSSTE_805,SRIST000121,026-212-00,Propia,En Operación,Clínica de Medicina Familiar Hermosillo,CMF Hermosillo,Hermosillo,Clínica de Medicina Familiar,CMF,Primer Nivel,No Aplica,ISSSTE,Sonora,Hermosillo,Sonora,Boulevard,José María Morelos,294,,Colonia,Sacramento,83140,"Boulevard José María Morelos 294, Colonia Sacramento, Hermosillo, Sonora, CP. 83140",29.11634428749188,-110.95166083643413,Validada,Anuario Estadístico 2025,
U_ISSSTE_806,SRIST000256,026-212-01,Subrogada,En Operación,Consultorio de Atención Familiar Aconchi (Baviácora),CAF Aconchi (Baviácora),Aconchi (Baviácora),Consultorio de Atención Familiar,CAF,Primer Nivel,No Aplica,ISSSTE,Sonora,Aconchi,Sonora,Avenida,Álvaro Obregón,89,,Pueblo,Aconchi,84920,"Avenida Álvaro Obregón 89, Pueblo Aconchi, Aconchi, Sonora, CP. 84920",29.822152118651573,-110.22692615815453,Validada,Anuario Estadístico 2025,
U_ISSSTE_807,SRIST000285,026-212-02,Subrogada,En Operación,Consultorio de Atención Familiar Carbó,CAF Carbó,Carbó,Consultorio de Atención Familiar,CAF,Primer Nivel,No Aplica,ISSSTE,Sonora,Carbó,Sonora,Calle,Morelia,16,,Colonia,Centro,83380,"Calle Morelia 16, Colonia Centro, Carbó, Sonora, CP. 83380",29.685318677928787,-110.95575193602977,Validada,Anuario Estadístico 2025,
U_ISSSTE_808,SRIST000290,026-212-03,Convenio,En Operación,Consultorio de Atención Familiar Cumpas,CAF Cumpas,Cumpas,Consultorio de Atención Familiar,CAF,Primer Nivel,No Aplica,ISSSTE,Sonora,Cumpas,Sonora,Calle,Quinta,48,,Localidad,Cumpas,84500,"Calle Quinta 48, Localidad Cumpas, Cumpas, Sonora, CP. 84500",29.99526098030479,-109.78221537154927,Solicitar Validación,Anuario Estadístico 2025,Las coordenadas dirigen al ISSSTESON
U_ISSSTE_809,SRIST000150,026-212-04,Propia,En Operación,Unidad de Medicina Familiar Moctezuma,UMF Moctezuma,Moctezuma,Unidad de Medicina Familiar,UMF,Primer Nivel,No Aplica,ISSSTE,Sonora,Moctezuma,Sonora,Calle,El Encino,S/N,,Colonia,Coplamar,84563,"Calle El Encino S/N, Colonia Coplamar, Moctezuma, Sonora, CP. 84563",29.80721792327685,-109.6765314970441,Validada,Anuario Estadístico 2025,
U_ISSSTE_810,SRIST000220,026-212-05,Acuerdo de Destino,En Operación,Unidad de Medicina Familiar Ures,UMF Ures,Ures,Unidad de Medicina Familiar,UMF,Primer Nivel,No Aplica,ISSSTE,Sonora,Ures,Sonora,Avenida,Lafontaine,13,,Colonia,Centro,84900,"Avenida Lafontaine 13, Colonia Centro, Ures, Sonora, CP. 84900",29.428337117581535,-110.3915722441444,Validada,Anuario Estadístico 2025,
U_ISSSTE_811,SRIST000191,026-212-06,Propia,En Operación,Unidad de Medicina Familiar Sahuaripa,UMF Sahuaripa,Sahuaripa,Unidad de Medicina Familiar,UMF,Primer Nivel,No Aplica,ISSSTE,Sonora,Sahuaripa,Sonora,Calle,de la Pitahaya,S/N,,Colonia,Nuevo Sahuaripa,85600,"Calle de la Pitahaya S/N, Colonia Nuevo Sahuaripa, Sahuaripa, Sonora, CP. 85600",29.06031098940647,-109.23616441860156,Validada,Anuario Estadístico 2025,
U_ISSSTE_812,SRIST000326,026-212-07,Convenio,En Operación,Consultorio de Atención Familiar Poblado Miguel Alemán,CAF Poblado Miguel Alemán,Poblado Miguel Alemán,Consultorio de Atención Familiar,CAF,Primer Nivel,No Aplica,ISSSTE,Sonora,Hermosillo,Sonora,Avenida,Benito Juárez García,26,,Colonia,Aguayo Porchas,83346,"Avenida Benito Juárez García 26, Colonia Aguayo Porchas, Hermosillo, Sonora, CP. 83346",28.841340514324486,-111.48888552750475,Solicitar Validación,Anuario Estadístico 2025,Las coordenadas envían a un IMSS Bienestar
U_ISSSTE_813,SRIST000331,026-212-08,Convenio,En Operación,Consultorio de Atención Familiar UH. FOVISSSTE No. 1 Hermosillo,CAF UH. FOVISSSTE No. 1 Hermosillo,UH. FOVISSSTE No. 1 Hermosillo,Consultorio de Atención Familiar,CAF,Primer Nivel,No Aplica,ISSSTE,Sonora,Hermosillo,Sonora,Calle,Omicron,S/N,,Unidad Habitacional,FOVISSSTE Hermosillo,83288,"Calle Omicron S/N, Unidad Habitacional FOVISSSTE Hermosillo, Hermosillo, Sonora, CP. 83288",29.058982402554022,-110.96566178413384,Validada,Anuario Estadístico 2025,
U_ISSSTE_814,SRIST000360,026-212-10,Subrogada,En Operación,Consultorio de Atención Familiar Mazatán,CAF Mazatán,Mazatán,Consultorio de Atención Familiar,CAF,Primer Nivel,No Aplica,ISSSTE,Sonora,Mazatán,Sonora,Calle,Benito Juárez,18,,Colonia,Centro,85560,"Calle Benito Juárez 18, Colonia Centro, Mazatán, Sonora, CP. 85560",29.00404630985902,-110.13968038456571,Solicitar Validación,Anuario Estadístico 2025,Las coordenadas envían a una farmacia. Ubicación según el número telefónico
U_ISSSTE_815,SRIST000425,026-212-11,Subrogada,En Operación,Consultorio de Atención Familiar Huépac,CAF Huépac,Huépac,Consultorio de Atención Familiar,CAF,Primer Nivel,No Aplica,ISSSTE,Sonora,Huépac,Sonora,Calle,Hidalgo,S/N,,Colonia,Centro,84865,"Calle Hidalgo S/N, Colonia Centro, Huépac, Sonora, CP. 84865",29.91363346002282,-110.21368450408345,Solicitar Validación,Anuario Estadístico 2025,Las coordenadas envían a una farmacia. Ubicación según el número telefónico
U_ISSSTE_816,SRIST000174,026-215-00,Propia,En Operación,Clínica Hospital Nogales,CH Nogales,Nogales,Clínica Hospital,CH,Segundo Nivel,Primer Nivel,ISSSTE,Sonora,Nogales,Sonora,Boulevard,del Ensueño,24,,Colonia,Lomas de Fátima,84020,"Boulevard del Ensueño 24, Colonia Lomas de Fátima, Nogales, Sonora, CP. 84020",31.323995393637134,-110.95292423120237,Validada,Anuario Estadístico 2025,
U_ISSSTE_817,SRIST000034,026-215-01,Propia,En Operación,Unidad de Medicina Familiar Caborca,UMF Caborca,Caborca,Unidad de Medicina Familiar,UMF,Primer Nivel,No Aplica,ISSSTE,Sonora,Caborca,Sonora,Calle,Bizani,137,,Colonia,Agronómica,83600,"Calle Bizani 137, Colonia Agronómica, Caborca, Sonora, CP. 83600",30.706271061676667,-112.15757576475934,Validada,Anuario Estadístico 2025,
U_ISSSTE_818,SRIST000244,026-215-02,Subrogada,En Operación,Consultorio de Atención Familiar Cd. Magdalena de Kino,CAF Cd. Magdalena de Kino,Cd. Magdalena de Kino,Consultorio de Atención Familiar,CAF,Primer Nivel,No Aplica,ISSSTE,Sonora,Magdalena,Sonora,Calle,Cananea,211,,Colonia,Fátima,84160,"Calle Cananea 211, Colonia Fátima, Magdalena, Sonora, CP. 84160",30.63101292401435,-110.95881887109402,Solicitar Validación,Anuario Estadístico 2025,Google Maps no actualizado en la zona. Coordenadas dirigen a un consultorio
U_ISSSTE_819,SRIST000215,026-215-03,Propia,En Operación,Unidad de Medicina Familiar Santa Ana,UMF Santa Ana,Santa Ana,Unidad de Medicina Familiar,UMF,Primer Nivel,No Aplica,ISSSTE,Sonora,Santa Ana,Sonora,Calle,Heroico Colegio Militar,S/N,,Colonia,del Río,84600,"Calle Heroico Colegio Militar S/N, Colonia del Río, Santa Ana, Sonora, CP. 84600",30.54377700603782,-111.12654210238932,Validada,Anuario Estadístico 2025,
U_ISSSTE_820,SRIST000355,026-215-04,Convenio,En Operación,Consultorio de Atención Familiar Imuris,CAF Imuris,Imuris,Consultorio de Atención Familiar,CAF,Primer Nivel,No Aplica,ISSSTE,Sonora,Imuris,Sonora,Calle,Luis Donaldo Colosio Murrieta,119,,Colonia,Centro,84120,"Calle Luis Donaldo Colosio Murrieta 119, Colonia Centro, Imuris, Sonora, CP. 84120",30.779228098809956,-110.85603784865222,Solicitar Validación,Anuario Estadístico 2025,Google Maps no actualizado en la zona. Coordenadas aproximadas
U_ISSSTE_821,SRIST000010,026-215-06,Propia,En Operación,Unidad de Medicina Familiar Agua Prieta,UMF Agua Prieta,Agua Prieta,Unidad de Medicina Familiar,UMF,Primer Nivel,No Aplica,ISSSTE,Sonora,Agua Prieta,Sonora,Avenida,Catorce,S/N,,Colonia,INFONAVIT,84269,"Avenida Catorce S/N, Colonia INFONAVIT, Agua Prieta, Sonora, CP. 84269",31.321347708175455,-109.54917736943003,Validada,Anuario Estadístico 2025,
U_ISSSTE_822,SRIST000063,026-215-09,Propia,En Operación,Unidad de Medicina Familiar Cananea,UMF Cananea,Cananea,Unidad de Medicina Familiar,UMF,Primer Nivel,No Aplica,ISSSTE,Sonora,Cananea,Sonora,Calle,La República,S/N,,Colonia,Minera II Sección Este,84623,"Calle La República S/N, Colonia Minera II Sección Este, Cananea, Sonora, CP. 84623",30.990024094096967,-110.2819895591542,Validada,Anuario Estadístico 2025,
U_ISSSTE_823,TCIST000273,027-204-00,App,En Operación,Hospital General Villahermosa,HG Villahermosa,Villahermosa,Hospital General,HG,Segundo Nivel,No Aplica,ISSSTE,Tabasco,Centro,Tabasco,Carretera,Villahermosa-Mascupana Km. 15 Dos Montes,S/N,,Ranchería,Coronel Traconis 1ra Sección,86265,"Carretera Villahermosa-Mascupana Km. 15 Dos Montes S/N, Ranchería Coronel Traconis 1ra Sección, Centro, Tabasco, CP. 86265",17.959942908611158,-92.80613405533092,Validada,Anuario Estadístico 2025,
U_ISSSTE_824,TCIST000034,027-205-00,Propia,En Operación,Clínica de Medicina Familiar Cárdenas,CMF Cárdenas,Cárdenas,Clínica de Medicina Familiar,CMF,Primer Nivel,No Aplica,ISSSTE,Tabasco,Cárdenas,Tabasco,Avenida,Las Palmas,S/N,,Colonia,FOVISSSTE,86599,"Avenida Las Palmas S/N, Colonia FOVISSSTE, Cárdenas, Tabasco, CP. 86599",17.98185233816219,-93.36835534296871,Validada,Anuario Estadístico 2025,
U_ISSSTE_825,TCIST000186,027-206-00,Propia,En Operación,"Clínica de Medicina Familiar Casablanca, Villahermosa","CMF Casablanca, Villahermosa","Casablanca, Villahermosa",Clínica de Medicina Familiar,CMF,Primer Nivel,No Aplica,ISSSTE,Tabasco,Centro,Tabasco,Calle,Río Usumacinta,205,,Colonia,Casa Blanca 1ra Sección,86060,"Calle Río Usumacinta 205, Colonia Casa Blanca 1ra Sección, Centro, Tabasco, CP. 86060",18.001023634641342,-92.91500423453755,Validada,Anuario Estadístico 2025,
U_ISSSTE_826,TCIST000010,027-206-01,Propia,En Operación,Unidad de Medicina Familiar Balancán de Domínguez,UMF Balancán de Domínguez,Balancán de Domínguez,Unidad de Medicina Familiar,UMF,Primer Nivel,No Aplica,ISSSTE,Tabasco,Balancán,Tabasco,Boulevard,Carlos A. Madrazo,S/N,,Colonia,El Carmen,86930,"Boulevard Carlos A. Madrazo S/N, Colonia El Carmen, Balancán, Tabasco, CP. 86930",17.811421802720712,-91.53325253122603,Validada,Anuario Estadístico 2025,
U_ISSSTE_827,TCIST000075,027-206-02,Propia,En Operación,Unidad de Medicina Familiar Comalcalco,UMF Comalcalco,Comalcalco,Unidad de Medicina Familiar,UMF,Primer Nivel,No Aplica,ISSSTE,Tabasco,Comalcalco,Tabasco,Calle,Gilberto Garcías,S/N,,Colonia,San Silverio,86320,"Calle Gilberto Garcías S/N, Colonia San Silverio, Comalcalco, Tabasco, CP. 86320",18.27901394561164,-93.22531235748387,Validada,Anuario Estadístico 2025,
U_ISSSTE_828,TCIST000080,027-206-03,Propia,En Operación,Unidad de Medicina Familiar Cunduacán,UMF Cunduacán,Cunduacán,Unidad de Medicina Familiar,UMF,Primer Nivel,No Aplica,ISSSTE,Tabasco,Cunduacán,Tabasco,Calle,Huimanguillo,S/N,,Fraccionamiento,Cunduacán 2000,86690,"Calle Huimanguillo S/N, Fraccionamiento Cunduacán 2000, Cunduacán, Tabasco, CP. 86690",18.0657373385612,-93.16519518722072,Validada,Anuario Estadístico 2025,
U_ISSSTE_829,TCIST000092,027-206-04,Propia,En Operación,Unidad de Medicina Familiar Emiliano Zapata,UMF Emiliano Zapata,Emiliano Zapata,Unidad de Medicina Familiar,UMF,Primer Nivel,No Aplica,ISSSTE,Tabasco,Emiliano Zapata,Tabasco,Calle,Francisco J. Mujica,S/N,,Colonia,Tierra y Libertad,86992,"Calle Francisco J. Mujica S/N, Colonia Tierra y Libertad, Emiliano Zapata, Tabasco, CP. 86992",17.739889957419805,-91.77869432727164,Validada,Anuario Estadístico 2025,
U_ISSSTE_830,TCIST000051,027-206-05,Propia,En Operación,Unidad de Medicina Familiar Frontera Centla,UMF Frontera Centla,Frontera Centla,Unidad de Medicina Familiar,UMF,Primer Nivel,No Aplica,ISSSTE,Tabasco,Centla,Tabasco,Calle,Álvaro Obregón,159,,Colonia,Jacobo Nazar,86750,"Calle Álvaro Obregón 159, Colonia Jacobo Nazar, Centla, Tabasco, CP. 86750",18.53419388995586,-92.64419647218683,Validada,Anuario Estadístico 2025,
U_ISSSTE_831,TCIST000104,027-206-06,Propia,En Operación,Unidad de Medicina Familiar Huimanguillo,UMF Huimanguillo,Huimanguillo,Unidad de Medicina Familiar,UMF,Primer Nivel,No Aplica,ISSSTE,Tabasco,Huimanguillo,Tabasco,Calle,La Juventud,S/N,,Colonia,La Juventud,86400,"Calle La Juventud S/N, Colonia La Juventud, Huimanguillo, Tabasco, CP. 86400",17.814389289883618,-93.39819609799154,Validada,Anuario Estadístico 2025,
U_ISSSTE_832,TCIST000116,027-206-07,Propia,En Operación,Unidad de Medicina Familiar Jalpa de Méndez,UMF Jalpa de Méndez,Jalpa de Méndez,Unidad de Medicina Familiar,UMF,Primer Nivel,No Aplica,ISSSTE,Tabasco,Jalpa de Méndez,Tabasco,Calle,Francisco Indalecio Madero,29,,Barrio,de la Guadalupe,86200,"Calle Francisco Indalecio Madero 29, Barrio de la Guadalupe, Jalpa de Méndez, Tabasco, CP. 86200",18.178499958689326,-93.05880532833199,Validada,Anuario Estadístico 2025,
U_ISSSTE_833,TCIST000121,027-206-08,Propia,En Operación,Unidad de Medicina Familiar Macuspana,UMF Macuspana,Macuspana,Unidad de Medicina Familiar,UMF,Primer Nivel,No Aplica,ISSSTE,Tabasco,Macuspana,Tabasco,Calle,Ulises González Blengio,S/N,,Colonia,Centro,86700,"Calle Ulises González Blengio S/N, Colonia Centro, Macuspana, Tabasco, CP. 86700",17.757041215654134,-92.59078501274959,Validada,Anuario Estadístico 2025,
U_ISSSTE_834,TCIST000145,027-206-09,Propia,En Operación,Unidad de Medicina Familiar Paraíso,UMF Paraíso,Paraíso,Unidad de Medicina Familiar,UMF,Primer Nivel,No Aplica,ISSSTE,Tabasco,Paraíso,Tabasco,Calle,Miguel Lerdo de Tejada,S/N,,Colonia,Centro,86605,"Calle Miguel Lerdo de Tejada S/N, Colonia Centro, Paraíso, Tabasco, CP. 86605",18.402256883647443,-93.20910165169064,Validada,Anuario Estadístico 2025,
U_ISSSTE_835,TCIST000162,027-206-10,Propia,En Operación,Unidad de Medicina Familiar Teapa,UMF Teapa,Teapa,Unidad de Medicina Familiar,UMF,Primer Nivel,No Aplica,ISSSTE,Tabasco,Teapa,Tabasco,Calle,Río Teapa,209,,Colonia,La Sierra,86801,"Calle Río Teapa 209, Colonia La Sierra, Teapa, Tabasco, CP. 86801",17.558000028798173,-92.94599975972648,Validada,Anuario Estadístico 2025,
U_ISSSTE_836,TCIST000174,027-206-11,En Proceso de Regularización,En Operación,Unidad de Medicina Familiar Tenosique de Pino Suárez,UMF Tenosique de Pino Suárez,Tenosique de Pino Suárez,Unidad de Medicina Familiar,UMF,Primer Nivel,No Aplica,ISSSTE,Tabasco,Tenosique,Tabasco,Calle,Cincuenta,S/N,,Colonia,Magisterial,86902,"Calle Cincuenta S/N, Colonia Magisterial, Tenosique, Tabasco, CP. 86902",17.472925053651743,-91.41951366940816,Validada,Anuario Estadístico 2025,
U_ISSSTE_837,TCIST000046,027-206-12,Propia,En Operación,Unidad de Medicina Familiar Villa Benito Juárez (Cárdenas),UMF Villa Benito Juárez (Cárdenas),Villa Benito Juárez (Cárdenas),Unidad de Medicina Familiar,UMF,Primer Nivel,No Aplica,ISSSTE,Tabasco,Cárdenas,Tabasco,Avenida,Paraíso,S/N,,Localidad,Benito Juárez,86461,"Avenida Paraíso S/N, Localidad Benito Juárez, Cárdenas, Tabasco, CP. 86461",18.178122925879155,-93.9137933513559,Validada,Anuario Estadístico 2025,
U_ISSSTE_838,TCIST000133,027-206-13,Rentada,En Operación,Consultorio de Atención Familiar Nacajuca,CAF Nacajuca,Nacajuca,Consultorio de Atención Familiar,CAF,Primer Nivel,No Aplica,ISSSTE,Tabasco,Nacajuca,Tabasco,Calle,Nicolás Bravo,170,,Colonia,Centro,86220,"Calle Nicolás Bravo 170, Colonia Centro, Nacajuca, Tabasco, CP. 86220",18.168699363756232,-93.02424044449624,Validada,Anuario Estadístico 2025,
U_ISSSTE_839,TCIST000150,027-206-15,Propia,En Operación,Unidad de Medicina Familiar Tacotalpa,UMF Tacotalpa,Tacotalpa,Unidad de Medicina Familiar,UMF,Primer Nivel,No Aplica,ISSSTE,Tabasco,Tacotalpa,Tabasco,Calle,Sebastián Lerdo,12,,Colonia,Centro,86870,"Calle Sebastián Lerdo 12, Colonia Centro, Tacotalpa, Tabasco, CP. 86870",17.592305782520725,-92.82730630978588,Validada,Anuario Estadístico 2025,
U_ISSSTE_840,TCIST000244,027-206-17,Subrogada,En Operación,Consultorio de Atención Familiar Jalapa,CAF Jalapa,Jalapa,Consultorio de Atención Familiar,CAF,Primer Nivel,No Aplica,ISSSTE,Tabasco,Jalapa,Tabasco,Calle,Prof. Rogelio Torpey A.,112,,Localidad,Jalapa,86850,"Calle Prof. Rogelio Torpey A. 112, Localidad Jalapa, Jalapa, Tabasco, CP. 86850",17.719986732679665,-92.81356957094516,Validada,Anuario Estadístico 2025,
U_ISSSTE_841,TCIST000022,027-206-18,Propia,En Operación,Unidad de Medicina Familiar El Triunfo,UMF El Triunfo,El Triunfo,Unidad de Medicina Familiar,UMF,Primer Nivel,No Aplica,ISSSTE,Tabasco,Balancán,Tabasco,Boulevard,Francisco J. Santa María,S/N,,Localidad,Villa El Triunfo,86950,"Boulevard Francisco J. Santa María S/N, Localidad Villa El Triunfo, Balancán, Tabasco, CP. 86950",17.926995105657,-91.17083979787309,Validada,Anuario Estadístico 2025,
U_ISSSTE_842,TCIST000256,027-206-19,Subrogada,En Operación,Consultorio de Atención Familiar Jonuta,CAF Jonuta,Jonuta,Consultorio de Atención Familiar,CAF,Primer Nivel,No Aplica,ISSSTE,Tabasco,Jonuta,Tabasco,Calle,Aquiles Serdán,S/N,,Colonia,Centro,86780,"Calle Aquiles Serdán S/N, Colonia Centro, Jonuta, Tabasco, CP. 86780",18.091378471302846,-92.1375926275185,Solicitar Validación,Anuario Estadístico 2025,Inconsistencias en Clues y Google Maps
U_ISSSTE_843,TCIST000261,027-206-20,Subrogada,En Operación,Consultorio de Atención Familiar Villa Benito Juárez (Macuspana),CAF Villa Benito Juárez (Macuspana),Villa Benito Juárez (Macuspana),Consultorio de Atención Familiar,CAF,Primer Nivel,No Aplica,ISSSTE,Tabasco,Macuspana,Tabasco,Calle,Vicente Guerrero,S/N,,Colonia,Pueblo Nuevo,86726,"Calle Vicente Guerrero S/N, Colonia Pueblo Nuevo, Macuspana, Tabasco, CP. 86726",17.83428943715331,-92.52695825294502,Validada,Anuario Estadístico 2025,
U_ISSSTE_844,TCIST000215,027-206-22,Subrogada,En Operación,Consultorio de Atención Familiar Tamulté de Las Sábanas,CAF Tamulté de Las Sábanas,Tamulté de Las Sábanas,Consultorio de Atención Familiar,CAF,Primer Nivel,No Aplica,ISSSTE,Tabasco,Centro,Tabasco,Calle,Juan Aldama,S/N,,Colonia,José G. Asmitia,86253,"Calle Juan Aldama S/N, Colonia José G. Asmitia, Centro, Tabasco, CP. 86253",18.160290229582838,-92.78257984837819,Validada,Anuario Estadístico 2025,
U_ISSSTE_845,TSIST000153,028-204-00,Propia,En Operación,Clínica Hospital Cd. Victoria,CH Cd. Victoria,Cd. Victoria,Clínica Hospital,CH,Segundo Nivel,Primer Nivel,ISSSTE,Tamaulipas,Victoria,Tamaulipas,Calle,Mier y Terán,S/N,,Unidad Habitacional,FOVISSSTE,87020,"Calle Mier y Terán S/N, Unidad Habitacional FOVISSSTE, Victoria, Tamaulipas, CP. 87020",23.754566550947818,-99.15159889524631,Validada,Anuario Estadístico 2025,
U_ISSSTE_846,TSIST000013,028-204-01,Propia,En Operación,Unidad de Medicina Familiar Abasolo,UMF Abasolo,Abasolo,Unidad de Medicina Familiar,UMF,Primer Nivel,No Aplica,ISSSTE,Tamaulipas,Abasolo,Tamaulipas,Calle,Pedro José Méndez,S/N,,Colonia,Américo Villarreal,87760,"Calle Pedro José Méndez S/N, Colonia Américo Villarreal, Abasolo, Tamaulipas, CP. 87760",24.05647542580898,-98.37949937325308,Validada,Anuario Estadístico 2025,
U_ISSSTE_847,TSIST000310,028-204-02,Subrogada,En Operación,Consultorio de Atención Familiar El Barretal,CAF El Barretal,El Barretal,Consultorio de Atención Familiar,CAF,Primer Nivel,No Aplica,ISSSTE,Tamaulipas,Padilla,Tamaulipas,Carretera,Federal 85 (Hidalgo-Ciudad Victoria),S/N,,Ejido,Francisco I. Madero,87799,"Carretera Federal 85 (Hidalgo-Ciudad Victoria) S/N, Ejido Francisco I. Madero, Padilla, Tamaulipas, CP. 87799",24.084310354212434,-99.12300009728975,Solicitar Validación,Anuario Estadístico 2025,"Coordenadas inconsistentes, no fue posible localizar el CAF. Coordenadas dirigen a Zona Escolar"
U_ISSSTE_848,TSIST000252,028-204-03,Propia,En Operación,Unidad de Medicina Familiar Jaumave,UMF Jaumave,Jaumave,Unidad de Medicina Familiar,UMF,Primer Nivel,No Aplica,ISSSTE,Tamaulipas,Jaumave,Tamaulipas,Boulevard,Jaumave,S/N,,Colonia,Centro,87930,"Boulevard Jaumave S/N, Colonia Centro, Jaumave, Tamaulipas, CP. 87930",23.406968524001957,-99.38715191473061,Validada,Anuario Estadístico 2025,
U_ISSSTE_849,TSIST000264,028-204-04,Subrogada,En Operación,Consultorio de Atención Familiar Santander Jiménez,CAF Santander Jiménez,Santander Jiménez,Consultorio de Atención Familiar,CAF,Primer Nivel,No Aplica,ISSSTE,Tamaulipas,Jiménez,Tamaulipas,Calle,Aldama,S/N,,Colonia,Centro,87700,"Calle Aldama S/N, Colonia Centro, Jiménez, Tamaulipas, CP. 87700",24.217015490589223,-98.48819483308947,Solicitar Validación,Anuario Estadístico 2025,"Google Maps no disponible en la zona, se hace uso de coordenadas aproximadas"
U_ISSSTE_850,TSIST000240,028-204-05,Subrogada,En Operación,Consultorio de Atención Familiar Hidalgo,CAF Hidalgo,Hidalgo,Consultorio de Atención Familiar,CAF,Primer Nivel,No Aplica,ISSSTE,Tamaulipas,Hidalgo,Tamaulipas,Calle,Melchor Ocampo,401,,Localidad,Hidalgo,87800,"Calle Melchor Ocampo 401, Localidad Hidalgo, Hidalgo, Tamaulipas, CP. 87800",24.24768895097057,-99.43967455656438,Solicitar Validación,Anuario Estadístico 2025,Las coordenadas envían a un DIF
U_ISSSTE_851,TSIST000042,028-204-06,Propia,En Operación,Unidad de Medicina Familiar Llera de Canales,UMF Llera de Canales,Llera de Canales,Unidad de Medicina Familiar,UMF,Primer Nivel,No Aplica,ISSSTE,Tamaulipas,Llera,Tamaulipas,Calle,José María Morelos,17,,Colonia,Centro,87200,"Calle José María Morelos 17, Colonia Centro, Llera, Tamaulipas, CP. 87200",23.31929801604222,-99.02211229843199,Validada,Anuario Estadístico 2025,
U_ISSSTE_852,TSIST000305,028-204-08,Subrogada,En Operación,Consultorio de Atención Familiar Padilla,CAF Padilla,Padilla,Consultorio de Atención Familiar,CAF,Primer Nivel,No Aplica,ISSSTE,Tamaulipas,Padilla,Tamaulipas,Calle,Ignacio Zaragoza,S/N,,Colonia,Centro,87780,"Calle Ignacio Zaragoza S/N, Colonia Centro, Padilla, Tamaulipas, CP. 87780",24.049827497402884,-98.90140776996729,Validada,Anuario Estadístico 2025,
U_ISSSTE_853,TSIST000322,028-204-09,En Proceso de Regularización,En Operación,Consultorio de Atención Familiar Tula,CAF Tula,Tula,Consultorio de Atención Familiar,CAF,Primer Nivel,No Aplica,ISSSTE,Tamaulipas,Tula,Tamaulipas,Calle,Ignacio López Rayón,50,,Ciudad,Tula,87900,"Calle Ignacio López Rayón 50, Ciudad Tula, Tula, Tamaulipas, CP. 87900",23.005511950373556,-99.70280581862329,Validada,Anuario Estadístico 2025,
U_ISSSTE_854,TSIST000334,028-204-10,Subrogada,En Operación,Consultorio de Atención Familiar Villagrán,CAF Villagrán,Villagrán,Consultorio de Atención Familiar,CAF,Primer Nivel,No Aplica,ISSSTE,Tamaulipas,Villagrán,Tamaulipas,Calle,Álvaro Obregón,S/N,,Colonia,Centro,87880,"Calle Álvaro Obregón S/N, Colonia Centro, Villagrán, Tamaulipas, CP. 87880",24.474536813875307,-99.49039070652051,Solicitar Validación,Anuario Estadístico 2025,"Clues inconsistente, se usan coordenadas de IMSS Bienestar"
U_ISSSTE_855,TSIST000124,028-204-12,Subrogada,En Operación,Consultorio de Atención Familiar Soto La Marina,CAF Soto La Marina,Soto La Marina,Consultorio de Atención Familiar,CAF,Primer Nivel,No Aplica,ISSSTE,Tamaulipas,Soto la Marina,Tamaulipas,Calle,Díaz Mirón,S/N,,Colonia,Centro,87670,"Calle Díaz Mirón S/N, Colonia Centro, Soto la Marina, Tamaulipas, CP. 87670",23.767080585563797,-98.20815431092286,Validada,Anuario Estadístico 2025,
U_ISSSTE_856,TSIST000100,028-206-00,Propia,En Operación,"Clínica Hospital Dr. Baudelio Villanueva, Reynosa","CH Dr. Baudelio Villanueva, Reynosa","Dr. Baudelio Villanueva, Reynosa",Clínica Hospital,CH,Segundo Nivel,Primer Nivel,ISSSTE,Tamaulipas,Reynosa,Tamaulipas,Calle,Nicolás Bravo,S/N,,Colonia,Ferrocarril Zona Centro,88570,"Calle Nicolás Bravo S/N, Colonia Ferrocarril Zona Centro, Reynosa, Tamaulipas, CP. 88570",26.088567844859504,-98.28508756937828,Validada,Anuario Estadístico 2025,
U_ISSSTE_857,TSIST000025,028-206-01,Propia,En Operación,Unidad de Medicina Familiar Cd. Camargo,UMF Cd. Camargo,Cd. Camargo,Unidad de Medicina Familiar,UMF,Primer Nivel,No Aplica,ISSSTE,Tamaulipas,Camargo,Tamaulipas,Calle,Niños Héroes,S/N,,Colonia,Centro,88444,"Calle Niños Héroes S/N, Colonia Centro, Camargo, Tamaulipas, CP. 88444",26.32234510220499,-98.83954418805537,Validada,Anuario Estadístico 2025,
U_ISSSTE_858,TSIST000235,028-206-02,Rentada,En Operación,Consultorio de Atención Familiar Cd. Gustavo Díaz Ordaz,CAF Cd. Gustavo Díaz Ordaz,Cd. Gustavo Díaz Ordaz,Consultorio de Atención Familiar,CAF,Primer Nivel,No Aplica,ISSSTE,Tamaulipas,Gustavo Díaz Ordaz,Tamaulipas,Calle,Francisco I. Madero,123,,Colonia,Centro,88400,"Calle Francisco I. Madero 123, Colonia Centro, Gustavo Díaz Ordaz, Tamaulipas, CP. 88400",26.230569023809924,-98.59518488152645,Solicitar Validación,Anuario Estadístico 2025,"Posible cambio debido a la construcción de una UMF en la zona (26.240590608108686, -98.59785311639553)"
U_ISSSTE_859,TSIST000083,028-206-04,Propia,En Operación,Unidad de Medicina Familiar Cd. Miguel Alemán,UMF Cd. Miguel Alemán,Cd. Miguel Alemán,Unidad de Medicina Familiar,UMF,Primer Nivel,No Aplica,ISSSTE,Tamaulipas,Miguel Alemán,Tamaulipas,Calle,Puerto Mazatlán,201,,Colonia,Jardínes de San Germán,88307,"Calle Puerto Mazatlán 201, Colonia Jardínes de San Germán, Miguel Alemán, Tamaulipas, CP. 88307",26.39935745777834,-99.03350127791185,Validada,Anuario Estadístico 2025,
U_ISSSTE_860,TSIST000281,028-206-05,Rentada,En Operación,Consultorio de Atención Familiar Cd. Mier,CAF Cd. Mier,Cd. Mier,Consultorio de Atención Familiar,CAF,Primer Nivel,No Aplica,ISSSTE,Tamaulipas,Mier,Tamaulipas,Calle,Guerrero,104,,Colonia,Centro,88390,"Calle Guerrero 104, Colonia Centro, Mier, Tamaulipas, CP. 88390",26.430281966961243,-99.1502408672989,Validada,Anuario Estadístico 2025,
U_ISSSTE_861,TSIST000071,028-207-00,Propia,En Operación,"Clínica Hospital Dr. Manuel F. Rodriguez, Matamoros","CH Dr. Manuel F. Rodriguez, Matamoros","Dr. Manuel F. Rodriguez, Matamoros",Clínica Hospital,CH,Segundo Nivel,Primer Nivel,ISSSTE,Tamaulipas,Matamoros,Tamaulipas,Avenida,Canales,103,,Colonia,Lázaro Cárdenas,87360,"Avenida Canales 103, Colonia Lázaro Cárdenas, Matamoros, Tamaulipas, CP. 87360",25.868472654166876,-97.49292854981051,Validada,Anuario Estadístico 2025,
U_ISSSTE_862,TSIST000276,028-207-01,Rentada,En Operación,Consultorio de Atención Familiar Control,CAF Control,Control,Consultorio de Atención Familiar,CAF,Primer Nivel,No Aplica,ISSSTE,Tamaulipas,Matamoros,Tamaulipas,Calle,Juárez,S/N,,Localidad,El Control,87552,"Calle Juárez S/N, Localidad El Control, Matamoros, Tamaulipas, CP. 87552",25.961703313656383,-97.81411166196212,Solicitar Validación,Anuario Estadístico 2025,"Google Maps no disponible en la zona, se hace uso de coordenadas aproximadas"
U_ISSSTE_863,TSIST000141,028-207-02,Propia,En Operación,Unidad de Medicina Familiar Valle Hermoso,UMF Valle Hermoso,Valle Hermoso,Unidad de Medicina Familiar,UMF,Primer Nivel,No Aplica,ISSSTE,Tamaulipas,Valle Hermoso,Tamaulipas,Calle,Quinta,S/N,,Colonia,Centro,87500,"Calle Quinta S/N, Colonia Centro, Valle Hermoso, Tamaulipas, CP. 87500",25.668216703957384,-97.8089472846668,Validada,Anuario Estadístico 2025,
U_ISSSTE_864,TSIST000112,028-207-03,Propia,En Operación,Unidad de Medicina Familiar San Fernando,UMF San Fernando,San Fernando,Unidad de Medicina Familiar,UMF,Primer Nivel,No Aplica,ISSSTE,Tamaulipas,San Fernando,Tamaulipas,Calle,Margarita Maza de Juárez,S/N,,Colonia,Bellavista Norte,87602,"Calle Margarita Maza de Juárez S/N, Colonia Bellavista Norte, San Fernando, Tamaulipas, CP. 87602",24.84711283386906,-98.14504374887704,Validada,Anuario Estadístico 2025,
U_ISSSTE_865,TSIST000095,028-208-00,Propia,En Operación,"Clínica Hospital Agosto 12, Nuevo Laredo","CH Agosto 12, Nuevo Laredo","Agosto 12, Nuevo Laredo",Clínica Hospital,CH,Segundo Nivel,Primer Nivel,ISSSTE,Tamaulipas,Nuevo Laredo,Tamaulipas,Calle,Reynosa,1802,,Colonia,Ferrocarril,88040,"Calle Reynosa 1802, Colonia Ferrocarril, Nuevo Laredo, Tamaulipas, CP. 88040",27.48426897892051,-99.50520020163412,Validada,Anuario Estadístico 2025,
U_ISSSTE_866,TSIST000223,028-208-01,Subrogada,En Operación,Consultorio de Atención Familiar Nueva Cd. Guerrero,CAF Nueva Cd. Guerrero,Nueva Cd. Guerrero,Consultorio de Atención Familiar,CAF,Primer Nivel,No Aplica,ISSSTE,Tamaulipas,Guerrero,Tamaulipas,Avenida,Miguel Hidalgo y Costilla,1000,,Colonia,Centro,88370,"Avenida Miguel Hidalgo y Costilla 1000, Colonia Centro, Guerrero, Tamaulipas, CP. 88370",26.564859150320043,-99.22619206864945,Validada,Anuario Estadístico 2025,
U_ISSSTE_867,TSIST000170,028-209-00,Propia,En Operación,Clínica Hospital Río Bravo,CH Río Bravo,Río Bravo,Clínica Hospital,CH,Segundo Nivel,Primer Nivel,ISSSTE,Tamaulipas,Río Bravo,Tamaulipas,Avenida,Las Américas,S/N,,Colonia,FOVISSSTE,88970,"Avenida Las Américas S/N, Colonia FOVISSSTE, Río Bravo, Tamaulipas, CP. 88970",25.97863658169596,-98.0819450921492,Validada,Anuario Estadístico 2025,
U_ISSSTE_868,TSIST000054,028-210-00,Propia,En Operación,Clínica Hospital Cd. Mante,CH Cd. Mante,Cd. Mante,Clínica Hospital,CH,Segundo Nivel,Primer Nivel,ISSSTE,Tamaulipas,El Mante,Tamaulipas,Calle,Guillermo Prieto,701,,Colonia,Tamaulipas,89858,"Calle Guillermo Prieto 701, Colonia Tamaulipas, El Mante, Tamaulipas, CP. 89858",22.73791714479925,-98.98348444418808,Validada,Anuario Estadístico 2025,
U_ISSSTE_869,TSIST000066,028-210-01,Propia,En Operación,Unidad de Medicina Familiar Los Aztecas,UMF Los Aztecas,Los Aztecas,Unidad de Medicina Familiar,UMF,Primer Nivel,No Aplica,ISSSTE,Tamaulipas,El Mante,Tamaulipas,Calle,Vicente Guerrero,S/N,,Localidad,Los Aztecas,89950,"Calle Vicente Guerrero S/N, Localidad Los Aztecas, El Mante, Tamaulipas, CP. 89950",22.497563106881177,-98.61038529902963,Validada,Anuario Estadístico 2025,
U_ISSSTE_870,TSIST000293,028-210-02,Propia,En Operación,Unidad de Medicina Familiar Ocampo,UMF Ocampo,Ocampo,Unidad de Medicina Familiar,UMF,Primer Nivel,No Aplica,ISSSTE,Tamaulipas,Ocampo,Tamaulipas,Calle,Emiliano Zapata,S/N,,Colonia,Centro,87980,"Calle Emiliano Zapata S/N, Colonia Centro, Ocampo, Tamaulipas, CP. 87980",22.844298092948264,-99.33404587179645,Validada,Anuario Estadístico 2025,
U_ISSSTE_871,TSIST000030,028-210-03,Propia,En Operación,Unidad de Medicina Familiar Villa González,UMF Villa González,Villa González,Unidad de Medicina Familiar,UMF,Primer Nivel,No Aplica,ISSSTE,Tamaulipas,González,Tamaulipas,Calle,20 de Noviembre,407,,Sector,Oriente,89713,"Calle 20 de Noviembre 407, Sector Oriente, González, Tamaulipas, CP. 89713",22.822922587564445,-98.42487018336429,Validada,Anuario Estadístico 2025,
U_ISSSTE_872,TSIST000165,028-210-04,En Proceso de Regularización,En Operación,Unidad de Medicina Familiar Villa Xicoténcatl,UMF Villa Xicoténcatl,Villa Xicoténcatl,Unidad de Medicina Familiar,UMF,Primer Nivel,No Aplica,ISSSTE,Tamaulipas,Xicoténcatl,Tamaulipas,Calle,Francisco I. Madero,10,,Colonia,Centro,89759,"Calle Francisco I. Madero 10, Colonia Centro, Xicoténcatl, Tamaulipas, CP. 89759",22.988891166938004,-98.94882938239236,Validada,Anuario Estadístico 2025,
U_ISSSTE_873,TSIST000136,028-211-00,Propia,En Operación,Clínica de Medicina Familiar con Especialidades y Quirófano Tampico,CMFEQ Tampico,Tampico,Clínica de Medicina Familiar con Especialidades y Quirófano,CMFEQ,Segundo Nivel,Primer Nivel,ISSSTE,Tamaulipas,Tampico,Tamaulipas,Avenida,Universidad,1705,,Colonia,Universidad Sur,89109,"Avenida Universidad 1705, Colonia Universidad Sur, Tampico, Tamaulipas, CP. 89109",22.27104248291806,-97.85840805227306,Validada,Anuario Estadístico 2025,
U_ISSSTE_874,TSIST000194,028-211-01,Rentada,En Operación,Consultorio de Atención Familiar Villa Aldama,CAF Villa Aldama,Villa Aldama,Consultorio de Atención Familiar,CAF,Primer Nivel,No Aplica,ISSSTE,Tamaulipas,Aldama,Tamaulipas,Calle,Libertad,305,,Colonia,Centro,89670,"Calle Libertad 305, Colonia Centro, Aldama, Tamaulipas, CP. 89670",22.917102370736753,-98.07439018091958,Validada,Anuario Estadístico 2025,
U_ISSSTE_875,TSIST000211,028-211-02,Convenio,En Operación,Consultorio de Atención Familiar UHF. Las Arboledas,CAF UHF. Las Arboledas,UHF. Las Arboledas,Consultorio de Atención Familiar,CAF,Primer Nivel,No Aplica,ISSSTE,Tamaulipas,Ciudad Madero,Tamaulipas,Avenida,de los Cedros,408,,Unidad Habitacional,Las Arboledas,89496,"Avenida de los Cedros 408, Unidad Habitacional Las Arboledas, Ciudad Madero, Tamaulipas, CP. 89496",22.241637744892433,-97.83732517812952,Validada,Anuario Estadístico 2025,
U_ISSSTE_876,TSIST000206,028-211-03,Propia,En Operación,Unidad de Medicina Familiar Altamira,UMF Altamira,Altamira,Unidad de Medicina Familiar,UMF,Primer Nivel,No Aplica,ISSSTE,Tamaulipas,Altamira,Tamaulipas,Calle,San Marcos,S/N,,Fraccionamiento,San Jacinto,89603,"Calle San Marcos S/N, Fraccionamiento San Jacinto, Altamira, Tamaulipas, CP. 89603",22.38872178791823,-97.90810051717605,Validada,Anuario Estadístico 2025,
U_ISSSTE_877,TSIST000345,028-214-00,Propia,En Operación,Clínica de Medicina Familiar Cd. Victoria,CMF Cd. Victoria,Cd. Victoria,Clínica de Medicina Familiar,CMF,Primer Nivel,No Aplica,ISSSTE,Tamaulipas,Victoria,Tamaulipas,Calle,Mier y Terán,2376,,Colonia,FOVISSSTE,87049,"Calle Mier y Terán 2376, Colonia FOVISSSTE, Victoria, Tamaulipas, CP. 87049",23.754087116774578,-99.15166213146593,Validada,Anuario Estadístico 2025,
U_ISSSTE_878,TSIST000363,028-215-00,Propia,En Operación,Hospital General Tampico,HG Tampico,Tampico,Hospital General,HG,Segundo Nivel,No Aplica,ISSSTE,Tamaulipas,Tampico,Tamaulipas,Avenida,Ejército Mexicano,1401,,Colonia,Los Pinos,89137,"Avenida Ejército Mexicano 1401, Colonia Los Pinos, Tampico, Tamaulipas, CP. 89137",22.252375076930598,-97.85990618764963,Validada,Anuario Estadístico 2025,
U_ISSSTE_879,TLIST000042,029-204-00,Propia,En Operación,Hospital General Tlaxcala,HG Tlaxcala,Tlaxcala,Hospital General,HG,Segundo Nivel,No Aplica,ISSSTE,Tlaxcala,Tlaxcala,Tlaxcala,Avenida,Ocotlán-Chiautempan,120,,Localidad,San Gabriel Cuauhtla,90117,"Avenida Ocotlán-Chiautempan 120, Localidad San Gabriel Cuauhtla, Tlaxcala, Tlaxcala, CP. 90117",19.31089618002928,-98.23649728803609,Validada,Anuario Estadístico 2025,
U_ISSSTE_880,TLIST000013,029-204-01,Propia,En Operación,Unidad de Medicina Familiar Apizaco,UMF Apizaco,Apizaco,Unidad de Medicina Familiar,UMF,Primer Nivel,No Aplica,ISSSTE,Tlaxcala,Apizaco,Tlaxcala,Camino,a San Benito,S/N,,Colonia,La Noria,90300,"Camino a San Benito S/N, Colonia La Noria, Apizaco, Tlaxcala, CP. 90300",19.410075353373003,-98.15308830097534,Validada,Anuario Estadístico 2025,
U_ISSSTE_881,TLIST000025,029-204-02,Propia,En Operación,Unidad de Medicina Familiar Calpulalpan,UMF Calpulalpan,Calpulalpan,Unidad de Medicina Familiar,UMF,Primer Nivel,No Aplica,ISSSTE,Tlaxcala,Calpulalpan,Tlaxcala,Calle,Camino Nacional,2,,Colonia,Francisco Sarabia,90207,"Calle Camino Nacional 2, Colonia Francisco Sarabia, Calpulalpan, Tlaxcala, CP. 90207",19.588031091230715,-98.5747565428393,Validada,Anuario Estadístico 2025,
U_ISSSTE_882,TLIST000030,029-204-03,Propia,En Operación,Unidad de Medicina Familiar Huamantla,UMF Huamantla,Huamantla,Unidad de Medicina Familiar,UMF,Primer Nivel,No Aplica,ISSSTE,Tlaxcala,Huamantla,Tlaxcala,Calle,Río Balsas,3,,Barrio,San Lucas,90507,"Calle Río Balsas 3, Barrio San Lucas, Huamantla, Tlaxcala, CP. 90507",19.30502427788047,-97.9225288664079,Validada,Anuario Estadístico 2025,
U_ISSSTE_883,TLIST000054,029-204-04,Propia,En Operación,Unidad de Medicina Familiar Zacatelco,UMF Zacatelco,Zacatelco,Unidad de Medicina Familiar,UMF,Primer Nivel,No Aplica,ISSSTE,Tlaxcala,Zacatelco,Tlaxcala,Avenida,Barranca Seca,94,,Sección,Segunda,90740,"Avenida Barranca Seca 94, Sección Segunda, Zacatelco, Tlaxcala, CP. 90740",19.20580599794729,-98.24967609632073,Validada,Anuario Estadístico 2025,
U_ISSSTE_884,TLIST000066,029-205-00,Rentada,En Operación,Clínica de Medicina Familiar Tlaxcala,CMF Tlaxcala,Tlaxcala,Clínica de Medicina Familiar,CMF,Primer Nivel,No Aplica,ISSSTE,Tlaxcala,Tlaxcala,Tlaxcala,Avenida,Juárez,227,,Colonia,Cuahuatzala,90100,"Avenida Juárez 227, Colonia Cuahuatzala, Tlaxcala, Tlaxcala, CP. 90100",19.33851876400193,-98.20567826622872,Validada,Anuario Estadístico 2025,
U_ISSSTE_885,VZIST000120,030-204-00,Propia,En Operación,Clínica Hospital Xalapa,CH Xalapa,Xalapa,Clínica Hospital,CH,Segundo Nivel,Primer Nivel,ISSSTE,Veracruz,Xalapa,Veracruz,Calle,Fraternidad,409,,Colonia,Obrero Campesina,91020,"Calle Fraternidad 409, Colonia Obrero Campesina, Xalapa, Veracruz, CP. 91020",19.545030863405916,-96.93756365095608,Validada,Anuario Estadístico 2025,
U_ISSSTE_886,VZIST000050,030-204-01,Propia,En Operación,Unidad de Medicina Familiar Coatepec,UMF Coatepec,Coatepec,Unidad de Medicina Familiar,UMF,Primer Nivel,No Aplica,ISSSTE,Veracruz,Coatepec,Veracruz,Calle,Melchor Ocampo,81-B,,Colonia,Centro,91500,"Calle Melchor Ocampo 81-B, Colonia Centro, Coatepec, Veracruz, CP. 91500",19.451339344124708,-96.96222494922743,Validada,Anuario Estadístico 2025,
U_ISSSTE_887,VZIST000202,030-204-02,Propia,En Operación,Unidad de Medicina Familiar Perote,UMF Perote,Perote,Unidad de Medicina Familiar,UMF,Primer Nivel,No Aplica,ISSSTE,Veracruz,Perote,Veracruz,Carretera,Federal 131 (Teziutlán-Perote),39,,Colonia,Centro,91273,"Carretera Federal 131 (Teziutlán-Perote) 39, Colonia Centro, Perote, Veracruz, CP. 91273",19.566314747367755,-97.24689029859252,Validada,Anuario Estadístico 2025,
U_ISSSTE_888,VZIST000470,030-204-03,Subrogada,En Operación,Consultorio de Atención Familiar Rinconada,CAF Rinconada,Rinconada,Consultorio de Atención Familiar,CAF,Primer Nivel,No Aplica,ISSSTE,Veracruz,Emiliano Zapata,Veracruz,Carretera,Federal 140,S/N,,Localidad,Rinconada,91634,"Carretera Federal 140 S/N, Localidad Rinconada, Emiliano Zapata, Veracruz, CP. 91634",19.36278690762531,-96.57405067978561,Validada,Anuario Estadístico 2025,
U_ISSSTE_889,VZIST000593,030-204-04,Subrogada,En Operación,Consultorio de Atención Familiar Xico,CAF Xico,Xico,Consultorio de Atención Familiar,CAF,Primer Nivel,No Aplica,ISSSTE,Veracruz,Xico,Veracruz,Avenida,Miguel Hidalgo,12,,Ciudad,Xico,91240,"Avenida Miguel Hidalgo 12, Ciudad Xico, Xico, Veracruz, CP. 91240",19.418581802587592,-97.00000244304998,Validada,Anuario Estadístico 2025,
U_ISSSTE_890,VZIST000540,030-204-06,Convenio,En Operación,Consultorio de Atención Familiar Inmecafé,CAF Inmecafé,Inmecafé,Consultorio de Atención Familiar,CAF,Primer Nivel,No Aplica,ISSSTE,Veracruz,Xalapa,Veracruz,Calle,Tuxtla Gutiérrez,15,,Colonia,Inmecafé,91067,"Calle Tuxtla Gutiérrez 15, Colonia Inmecafé, Xalapa, Veracruz, CP. 91067",19.527994230446225,-96.89669507577942,Validada,Anuario Estadístico 2025,
U_ISSSTE_891,VZIST000552,030-204-07,Convenio,En Operación,Consultorio de Atención Familiar UH. FOVISSSTE No. 2 Xalapa,CAF UH. FOVISSSTE No. 2 Xalapa,UH. FOVISSSTE No. 2 Xalapa,Consultorio de Atención Familiar,CAF,Primer Nivel,No Aplica,ISSSTE,Veracruz,Xalapa,Veracruz,Andador,Onix,1,,Unidad Habitacional,FOVISSSTE Xalapa,91023,"Andador Onix 1, Unidad Habitacional FOVISSSTE Xalapa, Xalapa, Veracruz, CP. 91023",19.550336402053546,-96.93885073358953,Validada,Anuario Estadístico 2025,
U_ISSSTE_892,VZIST000564,030-204-08,Convenio,En Operación,Consultorio Médico en Centro de Trabajo Secretaría de Educación del Estado de Veracruz-SEP,CMCT Secretaría de Educación del Estado de Veracruz-SEP,Secretaría de Educación del Estado de Veracruz-SEP,Consultorio Médico en Centro de Trabajo,CMCT,Primer Nivel,No Aplica,ISSSTE,Veracruz,Xalapa,Veracruz,Carretera,Veracruz-Xalapa,Km. 4.5,,Colonia,Rubí Ánimas,91193,"Carretera Veracruz-Xalapa Km. 4.5, Colonia Rubí Ánimas, Xalapa, Veracruz, CP. 91193",19.514192864820966,-96.87538394247855,Validada,Anuario Estadístico 2025,
U_ISSSTE_893,VZIST000576,030-204-09,Convenio,En Operación,Consultorio Médico en Centro de Trabajo SNTE (Veracruz),CMCT SNTE (Veracruz),SNTE (Veracruz),Consultorio Médico en Centro de Trabajo,CMCT,Primer Nivel,No Aplica,ISSSTE,Veracruz,Xalapa,Veracruz,Calle,Saltillo,1,,Colonia,Progreso Macuiltepetl,91130,"Calle Saltillo 1, Colonia Progreso Macuiltepetl, Xalapa, Veracruz, CP. 91130",19.546670904977912,-96.92384705700228,Validada,Anuario Estadístico 2025,
U_ISSSTE_894,VZIST000330,030-204-10,Subrogada,En Operación,Consultorio de Atención Familiar Altotonga,CAF Altotonga,Altotonga,Consultorio de Atención Familiar,CAF,Primer Nivel,No Aplica,ISSSTE,Veracruz,Altotonga,Veracruz,Calle,Rafael Vera de Córdoba,52,,Colonia,Centro,93700,"Calle Rafael Vera de Córdoba 52, Colonia Centro, Altotonga, Veracruz, CP. 93700",19.76756757856716,-97.24736093788745,Validada,Anuario Estadístico 2025,
U_ISSSTE_895,VZIST000354,030-204-11,Subrogada,En Operación,Consultorio de Atención Familiar Atzalan,CAF Atzalan,Atzalan,Consultorio de Atención Familiar,CAF,Primer Nivel,No Aplica,ISSSTE,Veracruz,Atzalan,Veracruz,Calle,José María Morelos,48,,Colonia,Centro,93680,"Calle José María Morelos 48, Colonia Centro, Atzalan, Veracruz, CP. 93680",19.789514158097564,-97.24161180220504,Validada,Anuario Estadístico 2025,
U_ISSSTE_896,VZIST000424,030-206-00,Propia,En Operación,Clínica de Medicina Familiar con Especialidades y Quirófano Córdoba,CMFEQ Córdoba,Córdoba,Clínica de Medicina Familiar con Especialidades y Quirófano,CMFEQ,Segundo Nivel,Primer Nivel,ISSSTE,Veracruz,Córdoba,Veracruz,Avenida,Cuarenta y Tres,310,,Colonia,Rancho San Juan Nepomuceno,94657,"Avenida Cuarenta y Tres 310, Colonia Rancho San Juan Nepomuceno, Córdoba, Veracruz, CP. 94657",18.879737642364518,-96.94680325898108,Validada,Anuario Estadístico 2025,
U_ISSSTE_897,VZIST000506,030-206-01,Propia,En Operación,Unidad de Medicina Familiar Huatusco de Chicuéllar,UMF Huatusco de Chicuéllar,Huatusco de Chicuéllar,Unidad de Medicina Familiar,UMF,Primer Nivel,No Aplica,ISSSTE,Veracruz,Huatusco,Veracruz,Calle,Uno Norte,589,,Colonia,El Salto,94100,"Calle Uno Norte 589, Colonia El Salto, Huatusco, Veracruz, CP. 94100",19.151744806326366,-96.96344659887453,Validada,Anuario Estadístico 2025,
U_ISSSTE_898,VZIST000733,030-206-02,Subrogada,En Operación,Consultorio de Atención Familiar Tezonapa,CAF Tezonapa,Tezonapa,Consultorio de Atención Familiar,CAF,Primer Nivel,No Aplica,ISSSTE,Veracruz,Tezonapa,Veracruz,Avenida,5 de Mayo,40,Dentro del Laboratorio,Colonia,La Herradura,95096,"Avenida 5 de Mayo 40, Colonia La Herradura, Tezonapa, Veracruz, CP. 95096",18.597076570435842,-96.688493535999,Validada,Anuario Estadístico 2025,
U_ISSSTE_899,VZIST000663,030-206-04,Subrogada,En Operación,Consultorio de Atención Familiar Paso del Macho,CAF Paso del Macho,Paso del Macho,Consultorio de Atención Familiar,CAF,Primer Nivel,No Aplica,ISSSTE,Veracruz,Paso del Macho,Veracruz,Avenida,Nacional,712,Atrás del Centro de Salud,Colonia,Centro,94970,"Avenida Nacional 712, Colonia Centro, Paso del Macho, Veracruz, CP. 94970",18.97326491849503,-96.71904102702268,Validada,Anuario Estadístico 2025,
U_ISSSTE_900,VZIST000272,030-206-05,Propia,En Operación,Unidad de Medicina Familiar Tierra Blanca,UMF Tierra Blanca,Tierra Blanca,Unidad de Medicina Familiar,UMF,Primer Nivel,No Aplica,ISSSTE,Veracruz,Tierra Blanca,Veracruz,Calle,Melchor Ocampo,209,,Colonia,Tierra Blanca El Viejo,95180,"Calle Melchor Ocampo 209, Colonia Tierra Blanca El Viejo, Tierra Blanca, Veracruz, CP. 95180",18.441135255381855,-96.35256386916927,Validada,Anuario Estadístico 2025,
U_ISSSTE_901,VZIST000173,030-207-00,Propia,En Operación,Clínica Hospital Orizaba,CH Orizaba,Orizaba,Clínica Hospital,CH,Segundo Nivel,Primer Nivel,ISSSTE,Veracruz,Orizaba,Veracruz,Calle,Las Gardenias,51,,Colonia,El Espinal,94330,"Calle Las Gardenias 51, Colonia El Espinal, Orizaba, Veracruz, CP. 94330",18.868742891794987,-97.09632200748585,Validada,Anuario Estadístico 2025,
U_ISSSTE_902,VZIST000313,030-207-02,Propia,En Operación,Unidad de Medicina Familiar Zongolica,UMF Zongolica,Zongolica,Unidad de Medicina Familiar,UMF,Primer Nivel,No Aplica,ISSSTE,Veracruz,Zongolica,Veracruz,Calle,Ignacio Manuel Altamirano,53,,Barrio,de Guadalupe,95000,"Calle Ignacio Manuel Altamirano 53, Barrio de Guadalupe, Zongolica, Veracruz, CP. 95000",18.665683270811638,-96.99645283777538,Validada,Anuario Estadístico 2025,
U_ISSSTE_903,VZIST000296,030-208-00,Propia,En Operación,Clínica Hospital Tuxpan,CH Tuxpan,Tuxpan,Clínica Hospital,CH,Segundo Nivel,Primer Nivel,ISSSTE,Veracruz,Tuxpan,Veracruz,Calle,5 de Mayo,33,,Colonia,Zapote Gordo,92860,"Calle 5 de Mayo 33, Colonia Zapote Gordo, Tuxpan, Veracruz, CP. 92860",20.952704397798232,-97.41699731927126,Validada,Anuario Estadístico 2025,
U_ISSSTE_904,VZIST000716,030-208-01,Subrogada,En Operación,Consultorio de Atención Familiar Tamiahua,CAF Tamiahua,Tamiahua,Consultorio de Atención Familiar,CAF,Primer Nivel,No Aplica,ISSSTE,Veracruz,Tamiahua,Veracruz,Calle,Allende,S/N,,Zona,Sur,92560,"Calle Allende S/N, Zona Sur, Tamiahua, Veracruz, CP. 92560",21.27432463767928,-97.44635998490298,Solicitar Validación,Anuario Estadístico 2025,No fue posible identificar el CAF. Las coordenadas envían a una casa
U_ISSSTE_905,VZIST000774,030-208-02,Convenio,En Operación,Consultorio de Atención Familiar UH. FOVISSSTE No. 1 Tuxpan,CAF UH. FOVISSSTE No. 1 Tuxpan,UH. FOVISSSTE No. 1 Tuxpan,Consultorio de Atención Familiar,CAF,Primer Nivel,No Aplica,ISSSTE,Veracruz,Tuxpan,Veracruz,Andador,Framboyán,1 (Local 1),,Unidad Habitacional,FOVISSSTE Tuxpan,92876,"Andador Framboyán 1 (Local 1), Unidad Habitacional FOVISSSTE Tuxpan, Tuxpan, Veracruz, CP. 92876",20.949611622659287,-97.38589965193198,Solicitar Validación,Anuario Estadístico 2025,"Google Maps no disponible en la zona, se hace uso de coordenadas aproximadas"
U_ISSSTE_906,VZIST000255,030-208-03,Propia,En Operación,Unidad de Medicina Familiar Tantoyuca,UMF Tantoyuca,Tantoyuca,Unidad de Medicina Familiar,UMF,Primer Nivel,No Aplica,ISSSTE,Veracruz,Tantoyuca,Veracruz,Calle,Francisco Javier Clavijero,S/N,,Colonia,Adolfo Ruíz Cortines,92123,"Calle Francisco Javier Clavijero S/N, Colonia Adolfo Ruíz Cortines, Tantoyuca, Veracruz, CP. 92123",21.353264633436254,-98.22064682930021,Validada,Anuario Estadístico 2025,
U_ISSSTE_907,VZIST000366,030-208-04,Subrogada,En Operación,Consultorio de Atención Familiar Benito Juárez,CAF Benito Juárez,Benito Juárez,Consultorio de Atención Familiar,CAF,Primer Nivel,No Aplica,ISSSTE,Veracruz,Benito Juárez,Veracruz,Calle,Ignacio Zaragoza,S/N,,Localidad,Benito Juárez,92660,"Calle Ignacio Zaragoza S/N, Localidad Benito Juárez, Benito Juárez, Veracruz, CP. 92660",20.88718261677299,-98.20638403482822,Validada,Anuario Estadístico 2025,
U_ISSSTE_908,VZIST000091,030-208-05,Propia,En Operación,Unidad de Medicina Familiar Chicontepec de Tejeda,UMF Chicontepec de Tejeda,Chicontepec de Tejeda,Unidad de Medicina Familiar,UMF,Primer Nivel,No Aplica,ISSSTE,Veracruz,Chicontepec,Veracruz,Calle,Constitución,S/N,,Localidad,Chicontepec de Tejeda,92700,"Calle Constitución S/N, Localidad Chicontepec de Tejeda, Chicontepec, Veracruz, CP. 92700",20.96935777227446,-98.18766194551887,Validada,Anuario Estadístico 2025,
U_ISSSTE_909,VZIST000675,030-208-06,Subrogada,En Operación,Consultorio de Atención Familiar Platón Sánchez,CAF Platón Sánchez,Platón Sánchez,Consultorio de Atención Familiar,CAF,Primer Nivel,No Aplica,ISSSTE,Veracruz,Platón Sánchez,Veracruz,Calle,Doctor Medina,S/N,,Colonia,El Llano,92147,"Calle Doctor Medina S/N, Colonia El Llano, Platón Sánchez, Veracruz, CP. 92147",21.269010563902476,-98.372117779793,Solicitar Validación,Anuario Estadístico 2025,"Coordenadas inconsistentes, no fue posible localizar el CAF"
U_ISSSTE_910,VZIST000721,030-208-07,Subrogada,En Operación,Consultorio de Atención Familiar Tempoal de Sánchez,CAF Tempoal de Sánchez,Tempoal de Sánchez,Consultorio de Atención Familiar,CAF,Primer Nivel,No Aplica,ISSSTE,Veracruz,Tempoal,Veracruz,Calle,Libertad,22,"JUNTO A DULCERIA KANDY, CASA JUNTO A LOS 2 POSTES DE LUZ",Colonia,Centro,92063,"Calle Libertad 22, Colonia Centro, Tempoal, Veracruz, CP. 92063",21.520309821884243,-98.39238932069124,Solicitar Validación,Anuario Estadístico 2025,No hay indicativos de caf
U_ISSSTE_911,VZIST000045,030-208-08,Propia,En Operación,Unidad de Medicina Familiar Cerro Azul,UMF Cerro Azul,Cerro Azul,Unidad de Medicina Familiar,UMF,Primer Nivel,No Aplica,ISSSTE,Veracruz,Cerro Azul,Veracruz,Calle,Amado Nervo,12,,Colonia,Lázaro Cárdenas,92513,"Calle Amado Nervo 12, Colonia Lázaro Cárdenas, Cerro Azul, Veracruz, CP. 92513",21.19771221226507,-97.73547461222408,Validada,Anuario Estadístico 2025,
U_ISSSTE_912,VZIST000864,030-208-09,Propia,En Operación,Unidad de Medicina Familiar Naranjos,UMF Naranjos,Naranjos,Unidad de Medicina Familiar,UMF,Primer Nivel,No Aplica,ISSSTE,Veracruz,Naranjos Amatlán,Veracruz,Avenida,Cervantes,118,,Colonia,Campo Empleados Pemex,92360,"Avenida Cervantes 118, Colonia Campo Empleados Pemex, Naranjos Amatlán, Veracruz, CP. 92360",21.345683288829083,-97.69554988310517,Validada,Anuario Estadístico 2025,
U_ISSSTE_913,VZIST000646,030-208-10,Subrogada,En Operación,Consultorio de Atención Familiar Ozuluama,CAF Ozuluama,Ozuluama,Consultorio de Atención Familiar,CAF,Primer Nivel,No Aplica,ISSSTE,Veracruz,Ozuluama de Mascareñas,Veracruz,Calle,Desiderio Pavón,101,,Colonia,Centro,92080,"Calle Desiderio Pavón 101, Colonia Centro, Ozuluama de Mascareñas, Veracruz, CP. 92080",21.661213820162413,-97.85056599692014,Validada,Anuario Estadístico 2025,
U_ISSSTE_914,VZIST000185,030-208-11,Propia,En Operación,Unidad de Medicina Familiar Pánuco,UMF Pánuco,Pánuco,Unidad de Medicina Familiar,UMF,Primer Nivel,No Aplica,ISSSTE,Veracruz,Pánuco,Veracruz,Calle,18 de Marzo,129,,Colonia,Adolfo López Mateos,93995,"Calle 18 de Marzo 129, Colonia Adolfo López Mateos, Pánuco, Veracruz, CP. 93995",22.049000876570428,-98.18980695454584,Validada,Anuario Estadístico 2025,
U_ISSSTE_915,VZIST000844,030-208-12,Subrogada,En Operación,Consultorio de Atención Familiar El Higo,CAF El Higo,El Higo,Consultorio de Atención Familiar,CAF,Primer Nivel,No Aplica,ISSSTE,Veracruz,El Higo,Veracruz,Calle,Emiliano Zapata,S/N,Frente a parque 1 de mayo,Colonia,Centro,92400,"Calle Emiliano Zapata S/N, Colonia Centro, El Higo, Veracruz, CP. 92400",21.76876799520489,-98.45451713684972,Solicitar Validación,Anuario Estadístico 2025,Coordenadas de unidad periférica del ISSSTE. Se menciona la construcción de una unidad en otro lugar
U_ISSSTE_916,VZIST000680,030-208-13,Subrogada,En Operación,Consultorio de Atención Familiar Cd. Cuauhtémoc,CAF Cd. Cuauhtémoc,Cd. Cuauhtémoc,Consultorio de Atención Familiar,CAF,Primer Nivel,No Aplica,ISSSTE,Veracruz,Pueblo Viejo,Veracruz,Calle,Mil Novecientos Veintidós,25,,Colonia,Centro,92030,"Calle Mil Novecientos Veintidós 25, Colonia Centro, Pueblo Viejo, Veracruz, CP. 92030",22.182033214586763,-97.83560383576817,Validada,Anuario Estadístico 2025,
U_ISSSTE_917,VZIST000226,030-209-00,Propia,En Operación,Clínica Hospital Poza Rica de Hidalgo,CH Poza Rica de Hidalgo,Poza Rica de Hidalgo,Clínica Hospital,CH,Segundo Nivel,Primer Nivel,ISSSTE,Veracruz,Poza Rica de Hidalgo,Veracruz,Avenida,Papantla,S/N,,Colonia,Morelos,93369,"Avenida Papantla S/N, Colonia Morelos, Poza Rica de Hidalgo, Veracruz, CP. 93369",20.506681758497805,-97.46029410542454,Validada,Anuario Estadístico 2025,
U_ISSSTE_918,VZIST000651,030-209-01,Propia,En Operación,Unidad de Medicina Familiar Álamo,UMF Álamo,Álamo,Unidad de Medicina Familiar,UMF,Primer Nivel,No Aplica,ISSSTE,Veracruz,Pánuco,Veracruz,Calle,Salvador Díaz Mirón,33,,Colonia,Centro,92730,"Calle Salvador Díaz Mirón 33, Colonia Centro, Pánuco, Veracruz, CP. 92730",20.912305241171513,-97.67928271435977,Validada,Anuario Estadístico 2025,
U_ISSSTE_919,VZIST000400,030-209-02,Subrogada,En Operación,Consultorio de Atención Familiar Cazones de Herrera,CAF Cazones de Herrera,Cazones de Herrera,Consultorio de Atención Familiar,CAF,Primer Nivel,No Aplica,ISSSTE,Veracruz,Cazones de Herrera,Veracruz,Calle,Independencia,S/N,Arriba del Banco Azteca (En Unidad Médica Cazones),Colonia,Centro,92987,"Calle Independencia S/N, Colonia Centro, Cazones de Herrera, Veracruz, CP. 92987",20.7064541073915,-97.31009061072955,Validada,Anuario Estadístico 2025,
U_ISSSTE_920,VZIST000453,030-209-03,Subrogada,En Operación,Consultorio de Atención Familiar Coyutla,CAF Coyutla,Coyutla,Consultorio de Atención Familiar,CAF,Primer Nivel,No Aplica,ISSSTE,Veracruz,Coyutla,Veracruz,Calle,Morelos,8,,Colonia,Centro,93140,"Calle Morelos 8, Colonia Centro, Coyutla, Veracruz, CP. 93140",20.246367420139542,-97.65957297581257,Solicitar Validación,Anuario Estadístico 2025,"No existen señales para confirmar la presencia de un CAF, se muestran coordenadas aproximadas"
U_ISSSTE_921,VZIST000103,030-209-05,Propia,En Operación,Unidad de Medicina Familiar Gutiérrez Zamora,UMF Gutiérrez Zamora,Gutiérrez Zamora,Unidad de Medicina Familiar,UMF,Primer Nivel,No Aplica,ISSSTE,Veracruz,Gutiérrez Zamora,Veracruz,Calle,Galeana,19,,Colonia,Centro,93556,"Calle Galeana 19, Colonia Centro, Gutiérrez Zamora, Veracruz, CP. 93556",20.45228104873158,-97.0866038650529,Validada,Anuario Estadístico 2025,
U_ISSSTE_922,VZIST000115,030-209-06,Propia,En Operación,Unidad de Medicina Familiar Huayacocotla,UMF Huayacocotla,Huayacocotla,Unidad de Medicina Familiar,UMF,Primer Nivel,No Aplica,ISSSTE,Veracruz,Huayacocotla,Veracruz,Cerrada,Lázaro Cárdenas,S/N,,Sección,Cuarta,92600,"Cerrada Lázaro Cárdenas S/N, Sección Cuarta, Huayacocotla, Veracruz, CP. 92600",20.536743672963773,-98.48418670453923,Validada,Anuario Estadístico 2025,
U_ISSSTE_923,VZIST000535,030-209-07,Subrogada,En Operación,Consultorio de Atención Familiar Ixhuatlán de Madero,CAF Ixhuatlán de Madero,Ixhuatlán de Madero,Consultorio de Atención Familiar,CAF,Primer Nivel,No Aplica,ISSSTE,Veracruz,Ixhuatlán de Madero,Veracruz,Calle,Benito Juárez,S/N,,Colonia,Centro,92680,"Calle Benito Juárez S/N, Colonia Centro, Ixhuatlán de Madero, Veracruz, CP. 92680",20.68866459027423,-98.01225255554083,Validada,Anuario Estadístico 2025,
U_ISSSTE_924,VZIST000190,030-209-09,Propia,En Operación,Unidad de Medicina Familiar Papantla,UMF Papantla,Papantla,Unidad de Medicina Familiar,UMF,Primer Nivel,No Aplica,ISSSTE,Veracruz,Papantla,Veracruz,Calle,Sombrerete,S/N,,Colonia,Unidad y Trabajo,93410,"Calle Sombrerete S/N, Colonia Unidad y Trabajo, Papantla, Veracruz, CP. 93410",20.45775761398295,-97.33081195478515,Validada,Anuario Estadístico 2025,
U_ISSSTE_925,VZIST000086,030-209-11,Propia,En Operación,Unidad de Medicina Familiar Cosamaloapan de Carpio,UMF Cosamaloapan de Carpio,Cosamaloapan de Carpio,Unidad de Medicina Familiar,UMF,Primer Nivel,No Aplica,ISSSTE,Veracruz,Cosamaloapan de Carpio,Veracruz,Calle,Emiliano Zapata,101,,Colonia,Manlio Fabio Altamirano,95390,"Calle Emiliano Zapata 101, Colonia Manlio Fabio Altamirano, Cosamaloapan de Carpio, Veracruz, CP. 95390",18.36054845101238,-95.80398349166323,Validada,Anuario Estadístico 2025,
U_ISSSTE_926,VZIST000074,030-209-12,Propia,En Operación,Unidad de Medicina Familiar Cd. Miguel Alemán,UMF Cd. Miguel Alemán,Cd. Miguel Alemán,Unidad de Medicina Familiar,UMF,Primer Nivel,No Aplica,ISSSTE,Veracruz,Cosamaloapan de Carpio,Veracruz,Avenida,del Cempoaltepetl,S/N,,Colonia,Centro,95429,"Avenida del Cempoaltepetl S/N, Colonia Centro, Cosamaloapan de Carpio, Veracruz, CP. 95429",18.188965709558154,-96.10037870760699,Validada,Anuario Estadístico 2025,
U_ISSSTE_927,VZIST000062,030-210-00,Propia,En Operación,Clínica Hospital Coatzacoalcos,CH Coatzacoalcos,Coatzacoalcos,Clínica Hospital,CH,Segundo Nivel,Primer Nivel,ISSSTE,Veracruz,Coatzacoalcos,Veracruz,Calle,Náhuatl,20,,Colonia,FOVISSSTE,96537,"Calle Náhuatl 20, Colonia FOVISSSTE, Coatzacoalcos, Veracruz, CP. 96537",18.145292501088225,-94.48444291691891,Validada,Anuario Estadístico 2025,
U_ISSSTE_928,VZIST000832,030-210-01,Subrogada,En Operación,Consultorio de Atención Familiar Agua Dulce,CAF Agua Dulce,Agua Dulce,Consultorio de Atención Familiar,CAF,Primer Nivel,No Aplica,ISSSTE,Veracruz,Agua Dulce,Veracruz,Calle,Francisco Villa,28,,Colonia,Díaz Ordaz,96680,"Calle Francisco Villa 28, Colonia Díaz Ordaz, Agua Dulce, Veracruz, CP. 96680",18.128202430259797,-94.1491952882405,Validada,Anuario Estadístico 2025,
U_ISSSTE_929,VZIST000412,030-210-02,Convenio,En Operación,Consultorio de Atención Familiar UH. FOVISSSTE No. 3 Coatzacoalcos,CAF UH. FOVISSSTE No. 3 Coatzacoalcos,UH. FOVISSSTE No. 3 Coatzacoalcos,Consultorio de Atención Familiar,CAF,Primer Nivel,No Aplica,ISSSTE,Veracruz,Coatzacoalcos,Veracruz,Calle,Acantos,17,,Unidad Habitacional,FOVISSSTE 3 Rancho Alegre,96568,"Calle Acantos 17, Unidad Habitacional FOVISSSTE 3 Rancho Alegre, Coatzacoalcos, Veracruz, CP. 96568",18.13861398773775,-94.46618445608784,Validada,Anuario Estadístico 2025,
U_ISSSTE_930,VZIST000465,030-210-03,Rentada,En Operación,Consultorio de Atención Familiar Las Choapas,CAF Las Choapas,Las Choapas,Consultorio de Atención Familiar,CAF,Primer Nivel,No Aplica,ISSSTE,Veracruz,Las Choapas,Veracruz,Calle,José Mariano Abasolo,18,,Colonia,Anáhuac,96980,"Calle José Mariano Abasolo 18, Colonia Anáhuac, Las Choapas, Veracruz, CP. 96980",17.89899078829322,-94.0988520590731,Validada,Anuario Estadístico 2025,
U_ISSSTE_931,VZIST000231,030-213-00,Propia,En Operación,Clínica de Medicina Familiar San Andrés Tuxtla,CMF San Andrés Tuxtla,San Andrés Tuxtla,Clínica de Medicina Familiar,CMF,Primer Nivel,No Aplica,ISSSTE,Veracruz,San Andrés Tuxtla,Veracruz,Calle,Catemaco,S/N,,Fraccionamiento,San Andrés,95730,"Calle Catemaco S/N, Fraccionamiento San Andrés, San Andrés Tuxtla, Veracruz, CP. 95730",18.450436921934628,-95.22036410852331,Validada,Anuario Estadístico 2025,
U_ISSSTE_932,VZIST000395,030-213-01,Subrogada,En Operación,Consultorio de Atención Familiar Catemaco,CAF Catemaco,Catemaco,Consultorio de Atención Familiar,CAF,Primer Nivel,No Aplica,ISSSTE,Veracruz,Catemaco,Veracruz,Avenida,Venustiano Carranza,4,,Colonia,Centro,95870,"Avenida Venustiano Carranza 4, Colonia Centro, Catemaco, Veracruz, CP. 95870",18.418943243170585,-95.11051101719475,Solicitar Validación,Anuario Estadístico 2025,Las coordenadas dirigen a una farmacia
U_ISSSTE_933,VZIST000511,030-213-02,Subrogada,En Operación,Consultorio de Atención Familiar Juan Díaz Covarrubias,CAF Juan Díaz Covarrubias,Juan Díaz Covarrubias,Consultorio de Atención Familiar,CAF,Primer Nivel,No Aplica,ISSSTE,Veracruz,Hueyapan de Ocampo,Veracruz,Calle,Miguel Alemán,104,,Colonia,Juan Bosco,95850,"Calle Miguel Alemán 104, Colonia Juan Bosco, Hueyapan de Ocampo, Veracruz, CP. 95850",18.157487503910357,-95.18343344564693,Validada,Anuario Estadístico 2025,
U_ISSSTE_934,VZIST000605,030-213-03,Subrogada,En Operación,Consultorio de Atención Familiar Juan Rodríguez Clara,CAF Juan Rodríguez Clara,Juan Rodríguez Clara,Consultorio de Atención Familiar,CAF,Primer Nivel,No Aplica,ISSSTE,Veracruz,Juan Rodríguez Clara,Veracruz,Calle,Constituyentes,S/N,,Colonia,Benito Juárez,95693,"Calle Constituyentes S/N, Colonia Benito Juárez, Juan Rodríguez Clara, Veracruz, CP. 95693",18.00079445123505,-95.39741824698353,Validada,Anuario Estadístico 2025,
U_ISSSTE_935,VZIST000132,030-213-04,Propia,En Operación,Unidad de Medicina Familiar Lerdo de Tejada,UMF Lerdo de Tejada,Lerdo de Tejada,Unidad de Medicina Familiar,UMF,Primer Nivel,No Aplica,ISSSTE,Veracruz,Lerdo de Tejada,Veracruz,Calle,Marco Antonio Muñoz,S/N,,Colonia,José María Martínez Ruíz,95281,"Calle Marco Antonio Muñoz S/N, Colonia José María Martínez Ruíz, Lerdo de Tejada, Veracruz, CP. 95281",18.632811070073224,-95.51499894195807,Validada,Anuario Estadístico 2025,
U_ISSSTE_936,VZIST000214,030-213-05,Propia,En Operación,Unidad de Medicina Familiar Playa Vicente,UMF Playa Vicente,Playa Vicente,Unidad de Medicina Familiar,UMF,Primer Nivel,No Aplica,ISSSTE,Veracruz,Playa Vicente,Veracruz,Calle,Melchor Ocampo,S/N,,Colonia,Chapultepec,95600,"Calle Melchor Ocampo S/N, Colonia Chapultepec, Playa Vicente, Veracruz, CP. 95600",17.82988803122413,-95.80711192025407,Validada,Anuario Estadístico 2025,
U_ISSSTE_937,VZIST000243,030-213-06,Propia,En Operación,Unidad de Medicina Familiar Santiago Tuxtla,UMF Santiago Tuxtla,Santiago Tuxtla,Unidad de Medicina Familiar,UMF,Primer Nivel,No Aplica,ISSSTE,Veracruz,Santiago Tuxtla,Veracruz,Calle,Necastle,237,,Colonia,El Jardín,95834,"Calle Necastle 237, Colonia El Jardín, Santiago Tuxtla, Veracruz, CP. 95834",18.46998800997151,-95.30583142935284,Validada,Anuario Estadístico 2025,
U_ISSSTE_938,VZIST000260,030-213-07,Propia,En Operación,Unidad de Medicina Familiar Villa Azueta,UMF Villa Azueta,Villa Azueta,Unidad de Medicina Familiar,UMF,Primer Nivel,No Aplica,ISSSTE,Veracruz,José Azueta,Veracruz,Calle,Ignacio Allende,59,,Colonia,Venecia,95580,"Calle Ignacio Allende 59, Colonia Venecia, José Azueta, Veracruz, CP. 95580",18.07815050737387,-95.70564320606081,Validada,Anuario Estadístico 2025,
U_ISSSTE_939,VZIST000523,030-213-08,Subrogada,En Operación,Consultorio de Atención Familiar Isla,CAF Isla,Isla,Consultorio de Atención Familiar,CAF,Primer Nivel,No Aplica,ISSSTE,Veracruz,Isla,Veracruz,Avenida,Raúl Sandoval Norte,18,,Colonia,Centro,95640,"Avenida Raúl Sandoval Norte 18, Colonia Centro, Isla, Veracruz, CP. 95640",18.02460097195562,-95.52933900108133,Solicitar Validación,Anuario Estadístico 2025,"Coordenadas envían a un consultorio médico, pero no existe forma de comprobar que se trate de un CAF"
U_ISSSTE_940,VZIST000156,030-214-00,Propia,En Operación,Clínica de Medicina Familiar Minatitlán,CMF Minatitlán,Minatitlán,Clínica de Medicina Familiar,CMF,Primer Nivel,No Aplica,ISSSTE,Veracruz,Minatitlán,Veracruz,Avenida,Justo Sierra,145,,Colonia,Nueva Minatitlán,96734,"Avenida Justo Sierra 145, Colonia Nueva Minatitlán, Minatitlán, Veracruz, CP. 96734",17.990905717770204,-94.56619145861953,Validada,Anuario Estadístico 2025,
U_ISSSTE_941,VZIST000436,030-214-01,Subrogada,En Operación,Consultorio de Atención Familiar Cosoleacaque,CAF Cosoleacaque,Cosoleacaque,Consultorio de Atención Familiar,CAF,Primer Nivel,No Aplica,ISSSTE,Veracruz,Cosoleacaque,Veracruz,Calle,Correos,189,,Colonia,Primero,96350,"Calle Correos 189, Colonia Primero, Cosoleacaque, Veracruz, CP. 96350",17.997768106504783,-94.63498410040063,Validada,Anuario Estadístico 2025,"Las coordenadas envían a una casa, pero en años anteriores sí existian indicativos de CAF"
U_ISSSTE_942,VZIST000494,030-214-02,Subrogada,En Operación,Consultorio de Atención Familiar Hidalgotitlán,CAF Hidalgotitlán,Hidalgotitlán,Consultorio de Atención Familiar,CAF,Primer Nivel,No Aplica,ISSSTE,Veracruz,Hidalgotitlán,Veracruz,Calle,Diez de Abril,10,,Localidad,Hidalgotitlán,96930,"Calle Diez de Abril 10, Localidad Hidalgotitlán, Hidalgotitlán, Veracruz, CP. 96930",17.768266797466598,-94.65089363573281,Solicitar Validación,Anuario Estadístico 2025,No fue posible identificar el CAF. Las coordenadas envían a una casa
U_ISSSTE_943,VZIST000581,030-214-03,Subrogada,En Operación,Consultorio de Atención Familiar Jáltipan de Morelos,CAF Jáltipan de Morelos,Jáltipan de Morelos,Consultorio de Atención Familiar,CAF,Primer Nivel,No Aplica,ISSSTE,Veracruz,Jáltipan,Veracruz,Calle,Leandro Valle,407,,Colonia,Centro,96200,"Calle Leandro Valle 407, Colonia Centro, Jáltipan, Veracruz, CP. 96200",17.96081721939408,-94.72030646349234,Solicitar Validación,Anuario Estadístico 2025,Las coordenadas envian a una casa. Sin referencias claras de CAF
U_ISSSTE_944,VZIST000856,030-214-04,Subrogada,En Operación,Consultorio de Atención Familiar Tatahuicapan,CAF Tatahuicapan,Tatahuicapan,Consultorio de Atención Familiar,CAF,Primer Nivel,No Aplica,ISSSTE,Veracruz,Tatahuicapan de Juárez,Veracruz,Calle,Acosta Lagunes,S/N,,Barrio,Tercero,95950,"Calle Acosta Lagunes S/N, Barrio Tercero, Tatahuicapan de Juárez, Veracruz, CP. 95950",18.24031335547136,-94.76273855109399,Validada,Anuario Estadístico 2025,
U_ISSSTE_945,VZIST000144,030-216-00,Destino de Hecho,En Operación,Clínica de Medicina Familiar Martínez de la Torre,CMF Martínez de la Torre,Martínez de la Torre,Clínica de Medicina Familiar,CMF,Primer Nivel,No Aplica,ISSSTE,Veracruz,Martínez de la Torre,Veracruz,Cerrada,Río Blanco,S/N,,Colonia,Lomas del Mirador,93607,"Cerrada Río Blanco S/N, Colonia Lomas del Mirador, Martínez de la Torre, Veracruz, CP. 93607",20.060905776884542,-97.0626141099574,Validada,Anuario Estadístico 2025,
U_ISSSTE_946,VZIST000161,030-216-03,Propia,En Operación,Unidad de Medicina Familiar Misantla,UMF Misantla,Misantla,Unidad de Medicina Familiar,UMF,Primer Nivel,No Aplica,ISSSTE,Veracruz,Misantla,Veracruz,Calle,Venustiano Carranza,S/N,,Colonia,Centro,93821,"Calle Venustiano Carranza S/N, Colonia Centro, Misantla, Veracruz, CP. 93821",19.9243196277273,-96.85747649638897,Validada,Anuario Estadístico 2025,
U_ISSSTE_947,VZIST000622,030-216-04,Subrogada,En Operación,Consultorio de Atención Familiar Nautla,CAF Nautla,Nautla,Consultorio de Atención Familiar,CAF,Primer Nivel,No Aplica,ISSSTE,Veracruz,Nautla,Veracruz,Calle,Leona Vicario,12,,Colonia,Las Gardenias,93800,"Calle Leona Vicario 12, Colonia Las Gardenias, Nautla, Veracruz, CP. 93800",20.209104967323807,-96.77189116823129,Solicitar Validación,Anuario Estadístico 2025,"Las coordenadas envían a una casa, existen indicios de CAF"
U_ISSSTE_948,VZIST000284,030-216-05,Propia,En Operación,Unidad de Medicina Familiar Tlapacoyan,UMF Tlapacoyan,Tlapacoyan,Unidad de Medicina Familiar,UMF,Primer Nivel,No Aplica,ISSSTE,Veracruz,Tlapacoyan,Veracruz,Calle,San José Acateno,13,,Colonia,Centro,93650,"Calle San José Acateno 13, Colonia Centro, Tlapacoyan, Veracruz, CP. 93650",19.962979028356532,-97.22128431336478,Validada,Anuario Estadístico 2025,
U_ISSSTE_949,VZIST000791,030-216-06,Subrogada,En Operación,Consultorio de Atención Familiar Vega de Alatorre,CAF Vega de Alatorre,Vega de Alatorre,Consultorio de Atención Familiar,CAF,Primer Nivel,No Aplica,ISSSTE,Veracruz,Vega de Alatorre,Veracruz,Avenida,Benito Juárez,406,,Colonia,Centro,93960,"Avenida Benito Juárez 406, Colonia Centro, Vega de Alatorre, Veracruz, CP. 93960",20.027987968205135,-96.6461982082258,Validada,Anuario Estadístico 2025,
U_ISSSTE_950,VZIST000016,030-220-00,Propia,En Operación,Clínica de Medicina Familiar Acayucan,CMF Acayucan,Acayucan,Clínica de Medicina Familiar,CMF,Primer Nivel,No Aplica,ISSSTE,Veracruz,Acayucan,Veracruz,Calle,Juan de la Luz Enríquez,,,Colonia,Linda Vista,96025,"Calle Juan de la Luz Enríquez , Colonia Linda Vista, Acayucan, Veracruz, CP. 96025",17.958563655087136,-94.9190959103595,Validada,Anuario Estadístico 2025,
U_ISSSTE_951,VZIST000325,030-220-03,Subrogada,En Operación,Consultorio de Atención Familiar La Laguna,CAF La Laguna,La Laguna,Consultorio de Atención Familiar,CAF,Primer Nivel,No Aplica,ISSSTE,Veracruz,Acayucan,Veracruz,Calle,Campamento SAGAR,S/N,,Colonia,Valle de Huxpanapa,96997,"Calle Campamento SAGAR S/N, Colonia Valle de Huxpanapa, Acayucan, Veracruz, CP. 96997",17.275251926624893,-94.50695670489635,Solicitar Validación,Anuario Estadístico 2025,Coordenadas aproximadas. Google Maps no disponible en la zona
U_ISSSTE_952,VZIST000692,030-220-04,Subrogada,En Operación,Consultorio de Atención Familiar San Juan Evangelista,CAF San Juan Evangelista,San Juan Evangelista,Consultorio de Atención Familiar,CAF,Primer Nivel,No Aplica,ISSSTE,Veracruz,San Juan Evangelista,Veracruz,Calle,Vicente Guerrero,S/N,,Localidad,San Juan Evangelista,96120,"Calle Vicente Guerrero S/N, Localidad San Juan Evangelista, San Juan Evangelista, Veracruz, CP. 96120",17.887397345186955,-95.13888910518247,Solicitar Validación,Anuario Estadístico 2025,Coordenadas ambiguas. Google Maps no disponible en la zona
U_ISSSTE_953,VZIST000820,030-223-00,Propia,En Operación,Clínica de Medicina Familiar Heroica de Veracruz (Coyol),CMF Heroica de Veracruz (Coyol),Heroica de Veracruz (Coyol),Clínica de Medicina Familiar,CMF,Primer Nivel,No Aplica,ISSSTE,Veracruz,Veracruz,Veracruz,Colonia,Laguna del Rosario,98,,Unidad Habitacional,El Coyól,91779,"Colonia Laguna del Rosario 98, Unidad Habitacional El Coyól, Veracruz, Veracruz, CP. 91779",19.169443225294135,-96.16214313744882,Validada,Anuario Estadístico 2025,
U_ISSSTE_954,VZIST000021,030-223-01,Propia,En Operación,Unidad de Medicina Familiar Alvarado,UMF Alvarado,Alvarado,Unidad de Medicina Familiar,UMF,Primer Nivel,No Aplica,ISSSTE,Veracruz,Alvarado,Veracruz,Calle,Ignacio Ramírez,96-A,,Colonia,Centro,95270,"Calle Ignacio Ramírez 96-A, Colonia Centro, Alvarado, Veracruz, CP. 95270",18.77383449684153,-95.76446843287177,Validada,Anuario Estadístico 2025,
U_ISSSTE_955,VZIST000441,030-223-02,Subrogada,En Operación,Consultorio de Atención Familiar La Capilla,CAF La Capilla,La Capilla,Consultorio de Atención Familiar,CAF,Primer Nivel,No Aplica,ISSSTE,Veracruz,Cotaxtla,Veracruz,Campo,Experimental Cotaxtla,S/N,,Zona Federal,"del Instituto Nacional de Investigaciones Forestales, Agrícolas y Pecuarias (INIFAP)",94284,"Campo Experimental Cotaxtla S/N, Zona Federal del Instituto Nacional de Investigaciones Forestales, Agrícolas y Pecuarias (INIFAP), Cotaxtla, Veracruz, CP. 94284",18.932427341234266,-96.19237351100378,Solicitar Validación,Anuario Estadístico 2025,Google Maps no disponible en la zona
U_ISSSTE_956,VZIST000762,030-223-03,Subrogada,En Operación,Consultorio de Atención Familiar Piedras Negras,CAF Piedras Negras,Piedras Negras,Consultorio de Atención Familiar,CAF,Primer Nivel,No Aplica,ISSSTE,Veracruz,Tlalixcoyan,Veracruz,Avenida,Tres de Septiembre,153,,Colonia,Centro,95226,"Avenida Tres de Septiembre 153, Colonia Centro, Tlalixcoyan, Veracruz, CP. 95226",18.770604882813306,-96.17191716787026,Solicitar Validación,Anuario Estadístico 2025,"Clues Inconsistente, se usan coordenadas aproximadas"
U_ISSSTE_957,VZIST000704,030-223-04,Subrogada,En Operación,Consultorio de Atención Familiar Soledad de Doblado,CAF Soledad de Doblado,Soledad de Doblado,Consultorio de Atención Familiar,CAF,Primer Nivel,No Aplica,ISSSTE,Veracruz,Soledad de Doblado,Veracruz,Calle,Zaragoza Poniente,S/N,,Colonia,Centro,94240,"Calle Zaragoza Poniente S/N, Colonia Centro, Soledad de Doblado, Veracruz, CP. 94240",19.048410055006773,-96.42495286851221,Solicitar Validación,Anuario Estadístico 2025,La ubicación no posee indicativos de CAF en la actualidad
U_ISSSTE_958,VZIST000750,030-223-05,Subrogada,En Operación,Consultorio de Atención Familiar Tlacotalpan,CAF Tlacotalpan,Tlacotalpan,Consultorio de Atención Familiar,CAF,Primer Nivel,No Aplica,ISSSTE,Veracruz,Tlacotalpan,Veracruz,Avenida,Manuel María Alegre,8,,Colonia,Centro,95460,"Avenida Manuel María Alegre 8, Colonia Centro, Tlacotalpan, Veracruz, CP. 95460",18.614210949983967,-95.65910051136647,Solicitar Validación,Anuario Estadístico 2025,"No existen señales para confirmar la presencia de un CAF, se muestran coordenadas aproximadas"
U_ISSSTE_959,VZIST000033,030-223-06,Propia,En Operación,Unidad de Medicina Familiar Cd. José Cardel,UMF Cd. José Cardel,Cd. José Cardel,Unidad de Medicina Familiar,UMF,Primer Nivel,No Aplica,ISSSTE,Veracruz,La Antigua,Veracruz,Calle,Bugambilias,67,,Colonia,SRH,91653,"Calle Bugambilias 67, Colonia SRH, La Antigua, Veracruz, CP. 91653",19.38135928999362,-96.37819984255549,Validada,Anuario Estadístico 2025,
U_ISSSTE_960,VZIST000786,030-223-07,Subrogada,En Operación,Consultorio de Atención Familiar Zempoala,CAF Zempoala,Zempoala,Consultorio de Atención Familiar,CAF,Primer Nivel,No Aplica,ISSSTE,Veracruz,Ursulo Galván,Veracruz,Avenida,Cuauhtémoc Sur,12 (Local Sur del Mercado Municipal),"Dentro del Mercado Municipal, al sur",Colonia,Centro,91660,"Avenida Cuauhtémoc Sur 12 (Local Sur del Mercado Municipal), Colonia Centro, Ursulo Galván, Veracruz, CP. 91660",19.444062106015537,-96.40782768598271,Solicitar Validación,Anuario Estadístico 2025,Solicitar coordenadas exactas
U_ISSSTE_961,VZIST000610,030-223-08,Subrogada,En Operación,Consultorio de Atención Familiar Paso del Toro,CAF Paso del Toro,Paso del Toro,Consultorio de Atención Familiar,CAF,Primer Nivel,No Aplica,ISSSTE,Veracruz,Medellín de Bravo,Veracruz,Avenida,Veracruz,814,,Localidad,Paso del Toro,94277,"Avenida Veracruz 814, Localidad Paso del Toro, Medellín de Bravo, Veracruz, CP. 94277",19.03781926381369,-96.13645074702342,Solicitar Validación,Anuario Estadístico 2025,Inconsistencias entre Clues y Anuario Estadistico
U_ISSSTE_962,VZIST000803,030-223-10,Convenio,En Operación,Consultorio de Atención Familiar UH. FOVISSSTE Estatuto Jurídico,CAF UH. FOVISSSTE Estatuto Jurídico,UH. FOVISSSTE Estatuto Jurídico,Consultorio de Atención Familiar,CAF,Primer Nivel,No Aplica,ISSSTE,Veracruz,Veracruz,Veracruz,Calle,Río Tuxtla,5,,Unidad Habitacional,FOVISSSTE Estatuto Jurídico,94294,"Calle Río Tuxtla 5, Unidad Habitacional FOVISSSTE Estatuto Jurídico, Veracruz, Veracruz, CP. 94294",19.155824911947015,-96.11856968249785,Validada,Anuario Estadístico 2025,
U_ISSSTE_963,VZIST000815,030-223-11,Convenio,En Operación,Consultorio de Atención Familiar UH. FOVISSSTE Las Hortalizas,CAF UH. FOVISSSTE Las Hortalizas,UH. FOVISSSTE Las Hortalizas,Consultorio de Atención Familiar,CAF,Primer Nivel,No Aplica,ISSSTE,Veracruz,Veracruz,Veracruz,Calle,Paseo del Limón,194,,Unidad Habitacional,FOVISSSTE Las Hortalizas,91809,"Calle Paseo del Limón 194, Unidad Habitacional FOVISSSTE Las Hortalizas, Veracruz, Veracruz, CP. 91809",19.210398803224336,-96.18779817649931,Validada,Anuario Estadístico 2025,
U_ISSSTE_964,VZIST000371,030-223-12,Convenio,En Operación,Consultorio de Atención Familiar UH. FOVISSSTE Floresta,CAF UH. FOVISSSTE Floresta,UH. FOVISSSTE Floresta,Consultorio de Atención Familiar,CAF,Primer Nivel,No Aplica,ISSSTE,Veracruz,Veracruz,Veracruz,Calle,Maple,319,,Unidad Habitacional,FOVISSSTE Floresta,91940,"Calle Maple 319, Unidad Habitacional FOVISSSTE Floresta, Veracruz, Veracruz, CP. 91940",19.14933715714617,-96.13554266424148,Validada,Anuario Estadístico 2025,
U_ISSSTE_965,YNIST000112,031-201-00,Propia,En Operación,Clínica de Medicina Familiar con Especialidades y Quirófano Mérida (Col. Lindavista),CMFEQ Mérida (Col. Lindavista),Mérida (Col. Lindavista),Clínica de Medicina Familiar con Especialidades y Quirófano,CMFEQ,Segundo Nivel,Primer Nivel,ISSSTE,Yucatán,Mérida,Yucatán,Calle,Cuarenta y Cuatro,58,,Colonia,Pedregales de Lindavista,97219,"Calle Cuarenta y Cuatro 58, Colonia Pedregales de Lindavista, Mérida, Yucatán, CP. 97219",21.012083515761237,-89.65686902322243,Validada,Anuario Estadístico 2025,
U_ISSSTE_966,YNIST000136,031-201-01,Propia,En Operación,Unidad de Medicina Familiar UHF. San Carlos,UMF UHF. San Carlos,UHF. San Carlos,Unidad de Medicina Familiar,UMF,Primer Nivel,No Aplica,ISSSTE,Yucatán,Mérida,Yucatán,Calle,Diez,301,,Residencial,San Carlos,97310,"Calle Diez 301, Residencial San Carlos, Mérida, Yucatán, CP. 97310",21.013915188559668,-89.58494394453923,Validada,Anuario Estadístico 2025,
U_ISSSTE_967,YNIST000071,031-201-02,Propia,En Operación,Unidad de Medicina Familiar Progreso,UMF Progreso,Progreso,Unidad de Medicina Familiar,UMF,Primer Nivel,No Aplica,ISSSTE,Yucatán,Progreso,Yucatán,Calle,Setenta y Dos,167,,Colonia,Progreso,97320,"Calle Setenta y Dos 167, Colonia Progreso, Progreso, Yucatán, CP. 97320",21.280911404791254,-89.65838972470111,Validada,Anuario Estadístico 2025,
U_ISSSTE_968,YNIST000013,031-201-03,Propia,En Operación,Unidad de Medicina Familiar Dzidzantún,UMF Dzidzantún,Dzidzantún,Unidad de Medicina Familiar,UMF,Primer Nivel,No Aplica,ISSSTE,Yucatán,Dzidzantún,Yucatán,Calle,Diecinueve,80,,Colonia,Dzidzantún,97500,"Calle Diecinueve 80, Colonia Dzidzantún, Dzidzantún, Yucatán, CP. 97500",21.248491748823877,-89.03806153030594,Validada,Anuario Estadístico 2025,
U_ISSSTE_969,YNIST000025,031-201-05,Propia,En Operación,Unidad de Medicina Familiar Izamal,UMF Izamal,Izamal,Unidad de Medicina Familiar,UMF,Primer Nivel,No Aplica,ISSSTE,Yucatán,Izamal,Yucatán,Calle,Treinta y Dos,305,,Colonia,Centro,97540,"Calle Treinta y Dos 305, Colonia Centro, Izamal, Yucatán, CP. 97540",20.936026270132096,-89.01964073304875,Validada,Anuario Estadístico 2025,
U_ISSSTE_970,YNIST000124,031-201-06,Propia,En Operación,Unidad de Medicina Familiar Maxcanú,UMF Maxcanú,Maxcanú,Unidad de Medicina Familiar,UMF,Primer Nivel,No Aplica,ISSSTE,Yucatán,Maxcanú,Yucatán,Calle,Veinte,81,,Colonia,Centro,97800,"Calle Veinte 81, Colonia Centro, Maxcanú, Yucatán, CP. 97800",20.587624994093442,-90.0008809884476,Validada,Anuario Estadístico 2025,
U_ISSSTE_971,YNIST000042,031-201-07,Propia,En Operación,Unidad de Medicina Familiar Motul de Felipe Carrillo Puerto,UMF Motul de Felipe Carrillo Puerto,Motul de Felipe Carrillo Puerto,Unidad de Medicina Familiar,UMF,Primer Nivel,No Aplica,ISSSTE,Yucatán,Motul,Yucatán,Calle,Veintiocho,279,,Colonia,Mario H. Cuevas,97430,"Calle Veintiocho 279, Colonia Mario H. Cuevas, Motul, Yucatán, CP. 97430",21.101073331172095,-89.28419906472213,Validada,Anuario Estadístico 2025,
U_ISSSTE_972,YNIST000182,031-201-08,Propia,En Operación,Unidad de Medicina Familiar Muna de Leopoldo Arana Cabrera,UMF Muna de Leopoldo Arana Cabrera,Muna de Leopoldo Arana Cabrera,Unidad de Medicina Familiar,UMF,Primer Nivel,No Aplica,ISSSTE,Yucatán,Muna,Yucatán,Calle,Veintiuno,221,,Pueblo,de Muna,97840,"Calle Veintiuno 221, Pueblo de Muna, Muna, Yucatán, CP. 97840",20.48863421214901,-89.72331785755784,Validada,Anuario Estadístico 2025,
U_ISSSTE_973,YNIST000054,031-201-09,Propia,En Operación,Unidad de Medicina Familiar Oxkutzcab,UMF Oxkutzcab,Oxkutzcab,Unidad de Medicina Familiar,UMF,Primer Nivel,No Aplica,ISSSTE,Yucatán,Oxkutzcab,Yucatán,Calle,Treinta y Seis,61,,Colonia,Mejorada,97880,"Calle Treinta y Seis 61, Colonia Mejorada, Oxkutzcab, Yucatán, CP. 97880",20.30001741263724,-89.40724972647449,Validada,Anuario Estadístico 2025,
U_ISSSTE_974,YNIST000066,031-201-10,Propia,En Operación,Unidad de Medicina Familiar Peto,UMF Peto,Peto,Unidad de Medicina Familiar,UMF,Primer Nivel,No Aplica,ISSSTE,Yucatán,Peto,Yucatán,Calle,Cuarenta y Cinco,192,,Pueblo,Peto,97930,"Calle Cuarenta y Cinco 192, Pueblo Peto, Peto, Yucatán, CP. 97930",20.118752028214786,-88.92353320172286,Validada,Anuario Estadístico 2025,
U_ISSSTE_975,YNIST000083,031-201-11,Propia,En Operación,Unidad de Medicina Familiar Tekax de Álvaro Obregón,UMF Tekax de Álvaro Obregón,Tekax de Álvaro Obregón,Unidad de Medicina Familiar,UMF,Primer Nivel,No Aplica,ISSSTE,Yucatán,Tekax,Yucatán,Calle,Cuarenta y Ocho,204,,Colonia,Centro,97970,"Calle Cuarenta y Ocho 204, Colonia Centro, Tekax, Yucatán, CP. 97970",20.202920317537913,-89.2863934948857,Validada,Anuario Estadístico 2025,
U_ISSSTE_976,YNIST000095,031-201-12,Propia,En Operación,Unidad de Medicina Familiar Ticul,UMF Ticul,Ticul,Unidad de Medicina Familiar,UMF,Primer Nivel,No Aplica,ISSSTE,Yucatán,Ticul,Yucatán,Calle,Veinticuatro,143,,Pueblo,Ticul,97862,"Calle Veinticuatro 143, Pueblo Ticul, Ticul, Yucatán, CP. 97862",20.41241269707607,-89.53510951541412,Validada,Anuario Estadístico 2025,
U_ISSSTE_977,YNIST000165,031-201-13,Propia,En Operación,Unidad de Medicina Familiar Tizimín,UMF Tizimín,Tizimín,Unidad de Medicina Familiar,UMF,Primer Nivel,No Aplica,ISSSTE,Yucatán,Tizimín,Yucatán,Calle,Treinta y Uno,323,,Colonia,Ocho Calles,97702,"Calle Treinta y Uno 323, Colonia Ocho Calles, Tizimín, Yucatán, CP. 97702",21.15468693002012,-88.14511845228186,Validada,Anuario Estadístico 2025,
U_ISSSTE_978,YNIST000153,031-201-14,Rentada,En Operación,Consultorio de Atención Familiar Tixkokob,CAF Tixkokob,Tixkokob,Consultorio de Atención Familiar,CAF,Primer Nivel,No Aplica,ISSSTE,Yucatán,Tixkokob,Yucatán,Calle,Diecisiete,100,,Pueblo,Tixkokob,97470,"Calle Diecisiete 100, Pueblo Tixkokob, Tixkokob, Yucatán, CP. 97470",21.00355222446746,-89.39683045345252,Validada,Anuario Estadístico 2025,
U_ISSSTE_979,YNIST000100,031-201-15,Propia,En Operación,Unidad de Medicina Familiar Valladolid,UMF Valladolid,Valladolid,Unidad de Medicina Familiar,UMF,Primer Nivel,No Aplica,ISSSTE,Yucatán,Valladolid,Yucatán,Calle,Sesenta,180,,Colonia,Bacalar,97784,"Calle Sesenta 180, Colonia Bacalar, Valladolid, Yucatán, CP. 97784",20.693682444023462,-88.21584631826535,Validada,Anuario Estadístico 2025,
U_ISSSTE_980,YNIST000170,031-204-00,App,En Operación,Clínica Hospital Mérida,CH Mérida,Mérida,Clínica Hospital,CH,Segundo Nivel,No Aplica,ISSSTE,Yucatán,Mérida,Yucatán,Calle,Veintiuno,S/N,,Subcomisaría,de Susulá,97314,"Calle Veintiuno S/N, Subcomisaría de Susulá, Mérida, Yucatán, CP. 97314",20.97423913331137,-89.69140691825619,Validada,Anuario Estadístico 2025,
U_ISSSTE_981,ZSIST000160,032-204-00,Propia,En Operación,Hospital General Zacatecas,HG Zacatecas,Zacatecas,Hospital General,HG,Segundo Nivel,No Aplica,ISSSTE,Zacatecas,Zacatecas,Zacatecas,Boulevard,Adolfo López Mateos,S/N,,Colonia,Centro,98000,"Boulevard Adolfo López Mateos S/N, Colonia Centro, Zacatecas, Zacatecas, CP. 98000",22.765035917854032,-102.57704446516213,Validada,Anuario Estadístico 2025,
U_ISSSTE_982,ZSIST000015,032-204-02,Propia,En Operación,Unidad de Medicina Familiar Víctor Calera Rosales,UMF Víctor Calera Rosales,Víctor Calera Rosales,Unidad de Medicina Familiar,UMF,Primer Nivel,No Aplica,ISSSTE,Zacatecas,Calera,Zacatecas,Calle,5 de Mayo Norte,5,,Colonia,Florencia,98502,"Calle 5 de Mayo Norte 5, Colonia Florencia, Calera, Zacatecas, CP. 98502",22.95534473546304,-102.70852684548359,Validada,Anuario Estadístico 2025,
U_ISSSTE_983,ZSIST000020,032-204-04,Propia,En Operación,Unidad de Medicina Familiar Concepción del Oro,UMF Concepción del Oro,Concepción del Oro,Unidad de Medicina Familiar,UMF,Primer Nivel,No Aplica,ISSSTE,Zacatecas,Concepción del Oro,Zacatecas,Calle,Lerdo de Tejada,S/N,,Barrio,El Grasero,98200,"Calle Lerdo de Tejada S/N, Barrio El Grasero, Concepción del Oro, Zacatecas, CP. 98200",24.612565119661,-101.41587936134236,Validada,Anuario Estadístico 2025,
U_ISSSTE_984,ZSIST000196,032-204-08,Subrogada,En Operación,Consultorio de Atención Familiar Estancia de Animas,CAF Estancia de Animas,Estancia de Animas,Consultorio de Atención Familiar,CAF,Primer Nivel,No Aplica,ISSSTE,Zacatecas,Villa González Ortega,Zacatecas,Calle,Benito Juárez,13,,Localidad,Estancia de Ánimas,98870,"Calle Benito Juárez 13, Localidad Estancia de Ánimas, Villa González Ortega, Zacatecas, CP. 98870",22.488900538358628,-101.99015929310926,Solicitar Validación,Anuario Estadístico 2025,"Google Maps no disponible en la zona, se hace uso de coordenadas aproximadas"
U_ISSSTE_985,ZSIST000056,032-204-09,Propia,En Operación,Unidad de Medicina Familiar Jalpa,UMF Jalpa,Jalpa,Unidad de Medicina Familiar,UMF,Primer Nivel,No Aplica,ISSSTE,Zacatecas,Jalpa,Zacatecas,Callejón,Colón,S/N,,Colonia,Centro,99600,"Callejón Colón S/N, Colonia Centro, Jalpa, Zacatecas, CP. 99600",21.63143726758486,-102.97439572057121,Validada,Anuario Estadístico 2025,
U_ISSSTE_986,ZSIST000061,032-204-10,Propia,En Operación,Unidad de Medicina Familiar Jerez,UMF Jerez,Jerez,Unidad de Medicina Familiar,UMF,Primer Nivel,No Aplica,ISSSTE,Zacatecas,Jerez,Zacatecas,Calle,Gardenias,S/N,,Colonia,Cervantes Corona,99314,"Calle Gardenias S/N, Colonia Cervantes Corona, Jerez, Zacatecas, CP. 99314",22.659515971682143,-102.98381828775729,Validada,Anuario Estadístico 2025,
U_ISSSTE_987,ZSIST000085,032-204-12,Propia,En Operación,Unidad de Medicina Familiar Juchipila,UMF Juchipila,Juchipila,Unidad de Medicina Familiar,UMF,Primer Nivel,No Aplica,ISSSTE,Zacatecas,Juchipila,Zacatecas,Calle,Ruiseñor,S/N,,Colonia,Reyna Elena,99960,"Calle Ruiseñor S/N, Colonia Reyna Elena, Juchipila, Zacatecas, CP. 99960",21.41818775983961,-103.11560219141873,Validada,Anuario Estadístico 2025,
U_ISSSTE_988,ZSIST000090,032-204-13,Propia,En Operación,Unidad de Medicina Familiar Loreto,UMF Loreto,Loreto,Unidad de Medicina Familiar,UMF,Primer Nivel,No Aplica,ISSSTE,Zacatecas,Loreto,Zacatecas,Calle,Ing. José María Corrella,405,,Colonia,Centro,98833,"Calle Ing. José María Corrella 405, Colonia Centro, Loreto, Zacatecas, CP. 98833",22.27156346068847,-101.98307795971081,Validada,Anuario Estadístico 2025,
U_ISSSTE_989,ZSIST000201,032-204-14,Subrogada,En Operación,Consultorio de Atención Familiar Luis Moya,CAF Luis Moya,Luis Moya,Consultorio de Atención Familiar,CAF,Primer Nivel,No Aplica,ISSSTE,Zacatecas,Luis Moya,Zacatecas,Calle,Nicolás Bravo,S/N,,Colonia,Centro,98770,"Calle Nicolás Bravo S/N, Colonia Centro, Luis Moya, Zacatecas, CP. 98770",22.430822370982863,-102.25099984235587,Solicitar Validación,Anuario Estadístico 2025,"Google Maps no disponible en la zona, se hace uso de coordenadas aproximadas"
U_ISSSTE_990,ZSIST000213,032-204-15,Subrogada,En Operación,Consultorio de Atención Familiar Monte Escobedo,CAF Monte Escobedo,Monte Escobedo,Consultorio de Atención Familiar,CAF,Primer Nivel,No Aplica,ISSSTE,Zacatecas,Monte Escobedo,Zacatecas,Calle,Martínez López,40-B,,Colonia,Centro,99400,"Calle Martínez López 40-B, Colonia Centro, Monte Escobedo, Zacatecas, CP. 99400",22.303803256334756,-103.56410742030835,Validada,Anuario Estadístico 2025,
U_ISSSTE_991,ZSIST000102,032-204-17,Propia,En Operación,Unidad de Medicina Familiar Ojocaliente,UMF Ojocaliente,Ojocaliente,Unidad de Medicina Familiar,UMF,Primer Nivel,No Aplica,ISSSTE,Zacatecas,Ojocaliente,Zacatecas,Boulevard,Prudencio García Pérez,77,,Colonia,Pamanes Escobedo,98718,"Boulevard Prudencio García Pérez 77, Colonia Pamanes Escobedo, Ojocaliente, Zacatecas, CP. 98718",22.576485547348668,-102.26323234860799,Validada,Anuario Estadístico 2025,
U_ISSSTE_992,ZSIST000114,032-204-18,Propia,En Operación,Unidad de Medicina Familiar Pinos,UMF Pinos,Pinos,Unidad de Medicina Familiar,UMF,Primer Nivel,No Aplica,ISSSTE,Zacatecas,Pinos,Zacatecas,Calle,Tlaxcala,12,,Colonia,Centro,98920,"Calle Tlaxcala 12, Colonia Centro, Pinos, Zacatecas, CP. 98920",22.29935629257948,-101.57218095736529,Validada,Anuario Estadístico 2025,
U_ISSSTE_993,ZSIST000225,032-204-22,Subrogada,En Operación,Consultorio de Atención Familiar Tabasco,CAF Tabasco,Tabasco,Consultorio de Atención Familiar,CAF,Primer Nivel,No Aplica,ISSSTE,Zacatecas,Tabasco,Zacatecas,Calle,Santos Degollado,2,,Colonia,Centro,99630,"Calle Santos Degollado 2, Colonia Centro, Tabasco, Zacatecas, CP. 99630",21.865391542812084,-102.91223486338967,Validada,Anuario Estadístico 2025,
U_ISSSTE_994,PENDIENTE,032-204-23,Subrogada,En Operación,Consultorio de Atención Familiar Teúl de González Ortega,CAF Teúl de González Ortega,Teúl de González Ortega,Consultorio de Atención Familiar,CAF,Primer Nivel,No Aplica,ISSSTE,Zacatecas,Teúl de González Ortega,Zacatecas,Calle,Corregidora,2,,Localidad,Teúl de González Ortega,99800,"Calle Corregidora 2, Localidad Teúl de González Ortega, Teúl de González Ortega, Zacatecas, CP. 99800",21.464477739235925,-103.46457629193155,Solicitar Validación,Anuario Estadístico 2025,Inconsistencias entre Clues y Anuario Estadistico
U_ISSSTE_995,ZSIST000143,032-204-24,Propia,En Operación,Unidad de Medicina Familiar Tlaltenango de Sánchez Román,UMF Tlaltenango de Sánchez Román,Tlaltenango de Sánchez Román,Unidad de Medicina Familiar,UMF,Primer Nivel,No Aplica,ISSSTE,Zacatecas,Tlaltenango de Sánchez Román,Zacatecas,Calle,Niños Héroes,8,,Colonia,Centro,99700,"Calle Niños Héroes 8, Colonia Centro, Tlaltenango de Sánchez Román, Zacatecas, CP. 99700",21.781542323488527,-103.3063899569198,Validada,Anuario Estadístico 2025,
U_ISSSTE_996,ZSIST000184,032-204-25,En Proceso de Regularización,En Operación,Unidad de Medicina Familiar Hacienda Troncoso,UMF Hacienda Troncoso,Hacienda Troncoso,Unidad de Medicina Familiar,UMF,Primer Nivel,No Aplica,ISSSTE,Zacatecas,Guadalupe,Zacatecas,Calle,Adolfo López Mateos,S/N,,Colonia,Embarcación,98640,"Calle Adolfo López Mateos S/N, Colonia Embarcación, Guadalupe, Zacatecas, CP. 98640",22.733306588886904,-102.36600140319086,Validada,Anuario Estadístico 2025,
U_ISSSTE_997,ZSIST000324,032-204-29,Convenio,En Operación,Consultorio de Atención Familiar Villanueva,CAF Villanueva,Villanueva,Consultorio de Atención Familiar,CAF,Primer Nivel,No Aplica,ISSSTE,Zacatecas,Villanueva,Zacatecas,Calle,Hidalgo,28,,Colonia,Centro,99540,"Calle Hidalgo 28, Colonia Centro, Villanueva, Zacatecas, CP. 99540",22.35743642155461,-102.88377399694387,Validada,Anuario Estadístico 2025,
U_ISSSTE_998,ZSIST000266,032-204-33,Subrogada,En Operación,Consultorio de Atención Familiar Cd. Cuauhtémoc,CAF Cd. Cuauhtémoc,Cd. Cuauhtémoc,Consultorio de Atención Familiar,CAF,Primer Nivel,No Aplica,ISSSTE,Zacatecas,Cuauhtémoc,Zacatecas,Calle,"""Desconocida""",S/N,,Colonia,La Gavia,98698,"Calle ""Desconocida"" S/N, Colonia La Gavia, Cuauhtémoc, Zacatecas, CP. 98698",22.455924793671155,-102.34950650360231,Solicitar Validación,Anuario Estadístico 2025,"Google Maps no disponible en la zona, se hace uso de coordenadas aproximadas. Inconsistencias en CLUES"
U_ISSSTE_999,ZSIST000353,032-204-34,Propia,En Operación,Unidad de Medicina Familiar Nochistlán,UMF Nochistlán,Nochistlán,Unidad de Medicina Familiar,UMF,Primer Nivel,No Aplica,ISSSTE,Zacatecas,Nochistlán de Mejía,Zacatecas,Calle,Allende,S/N,,Colonia,Centro,99900,"Calle Allende S/N, Colonia Centro, Nochistlán de Mejía, Zacatecas, CP. 99900",21.3584557111287,-102.84403516734272,Validada,Anuario Estadístico 2025,
U_ISSSTE_1000,ZSIST000271,032-204-40,Subrogada,En Operación,Consultorio de Atención Familiar Villa García,CAF Villa García,Villa García,Consultorio de Atención Familiar,CAF,Primer Nivel,No Aplica,ISSSTE,Zacatecas,Villa García,Zacatecas,Calle,Guadalupe,222,,Colonia,Centro,98900,"Calle Guadalupe 222, Colonia Centro, Villa García, Zacatecas, CP. 98900",22.159659431315042,-101.95500075407485,Validada,Anuario Estadístico 2025,
U_ISSSTE_1001,ZSIST000032,032-205-00,Propia,En Operación,Clínica Hospital Fresnillo,CH Fresnillo,Fresnillo,Clínica Hospital,CH,Segundo Nivel,Primer Nivel,ISSSTE,Zacatecas,Fresnillo,Zacatecas,Avenida,Adolfo López Mateos,,,Colonia,Magisterial,99020,"Avenida Adolfo López Mateos , Colonia Magisterial, Fresnillo, Zacatecas, CP. 99020",23.18282308380068,-102.87789787922506,Validada,Anuario Estadístico 2025,
U_ISSSTE_1002,ZSIST000394,032-205-01,Convenio,En Operación,Consultorio de Atención Familiar Cañitas de Felipe Pescador,CAF Cañitas de Felipe Pescador,Cañitas de Felipe Pescador,Consultorio de Atención Familiar,CAF,Primer Nivel,No Aplica,ISSSTE,Zacatecas,Cañitas de Felipe Pescador,Zacatecas,Calle,Francisco I. Madero,22,,Colonia,Centro,98480,"Calle Francisco I. Madero 22, Colonia Centro, Cañitas de Felipe Pescador, Zacatecas, CP. 98480",23.60685216915003,-102.7263438805824,Solicitar Validación,Anuario Estadístico 2025,Las coordenadas envían a una farmacia
U_ISSSTE_1003,ZSIST000300,032-205-06,Subrogada,En Operación,Consultorio de Atención Familiar Chalchihuites,CAF Chalchihuites,Chalchihuites,Consultorio de Atención Familiar,CAF,Primer Nivel,No Aplica,ISSSTE,Zacatecas,Chalchihuites,Zacatecas,Calle,Hidalgo Oriente,204,,Colonia,Centro,99260,"Calle Hidalgo Oriente 204, Colonia Centro, Chalchihuites, Zacatecas, CP. 99260",23.47741633889473,-103.88688617190259,Solicitar Validación,Anuario Estadístico 2025,Las coordenadas envian a un IMSS Bienestar
U_ISSSTE_1004,ZSIST000073,032-205-11,Propia,En Operación,Unidad de Medicina Familiar Juan Aldama,UMF Juan Aldama,Juan Aldama,Unidad de Medicina Familiar,UMF,Primer Nivel,No Aplica,ISSSTE,Zacatecas,Juan Aldama,Zacatecas,Calle,Morelos,24,,Colonia,Centro,98300,"Calle Morelos 24, Colonia Centro, Juan Aldama, Zacatecas, CP. 98300",24.289473746869866,-103.39224251481727,Validada,Anuario Estadístico 2025,
U_ISSSTE_1005,ZSIST000312,032-205-16,Subrogada,En Operación,Consultorio de Atención Familiar Nieves,CAF Nieves,Nieves,Consultorio de Atención Familiar,CAF,Primer Nivel,No Aplica,ISSSTE,Zacatecas,General Francisco R. Murguía,Zacatecas,Calle,Tacuba,14-B,,Colonia,Centro,98350,"Calle Tacuba 14-B, Colonia Centro, General Francisco R. Murguía, Zacatecas, CP. 98350",23.99620927407138,-103.02056754064742,Validada,Anuario Estadístico 2025,
U_ISSSTE_1006,ZSIST000126,032-205-19,Propia,En Operación,Unidad de Medicina Familiar Río Grande,UMF Río Grande,Río Grande,Unidad de Medicina Familiar,UMF,Primer Nivel,No Aplica,ISSSTE,Zacatecas,Río Grande,Zacatecas,Calle,Insurgentes,S/N,,Colonia,Centro,98420,"Calle Insurgentes S/N, Colonia Centro, Río Grande, Zacatecas, CP. 98420",23.822784800546554,-103.03175200560595,Validada,Anuario Estadístico 2025,
U_ISSSTE_1007,ZSIST000365,032-205-20,En Proceso de Regularización,En Operación,Consultorio de Atención Familiar Saín Alto,CAF Saín Alto,Saín Alto,Consultorio de Atención Familiar,CAF,Primer Nivel,No Aplica,ISSSTE,Zacatecas,Sain Alto,Zacatecas,Calle,Prado,S/N,,Colonia,Acequía Grande,99130,"Calle Prado S/N, Colonia Acequía Grande, Sain Alto, Zacatecas, CP. 99130",23.577436687093886,-103.24935616738374,Validada,Anuario Estadístico 2025,
U_ISSSTE_1008,ZSIST000131,032-205-21,Propia,En Operación,Unidad de Medicina Familiar Sombrerete,UMF Sombrerete,Sombrerete,Unidad de Medicina Familiar,UMF,Primer Nivel,No Aplica,ISSSTE,Zacatecas,Sombrerete,Zacatecas,Calle,Magnesio,114,,Colonia,Lomas del Consuelo,99104,"Calle Magnesio 114, Colonia Lomas del Consuelo, Sombrerete, Zacatecas, CP. 99104",23.635838792059552,-103.64830866065437,Validada,Anuario Estadístico 2025,
U_ISSSTE_1009,ZSIST000155,032-205-26,Propia,En Operación,Unidad de Medicina Familiar Valparaíso,UMF Valparaíso,Valparaíso,Unidad de Medicina Familiar,UMF,Primer Nivel,No Aplica,ISSSTE,Zacatecas,Valparaíso,Zacatecas,Calle,Hacienda de San Antonio de Padua,100,,Colonia,Lomas del Paraíso,99259,"Calle Hacienda de San Antonio de Padua 100, Colonia Lomas del Paraíso, Valparaíso, Zacatecas, CP. 99259",22.771194771199077,-103.57700007824685,Validada,Anuario Estadístico 2025,
U_ISSSTE_1010,ZSIST000044,032-206-00,Propia,En Operación,Clínica de Medicina Familiar Guadalupe,CMF Guadalupe,Guadalupe,Clínica de Medicina Familiar,CMF,Primer Nivel,No Aplica,ISSSTE,Zacatecas,Guadalupe,Zacatecas,Calle,Real Sacramento,7,,Colonia,Camino Real,98613,"Calle Real Sacramento 7, Colonia Camino Real, Guadalupe, Zacatecas, CP. 98613",22.75581610295012,-102.50519467187408,Validada,Anuario Estadístico 2025,
U_ISSSTE_1011,ZSIST000370,032-207-00,Propia,En Operación,Clínica de Medicina Familiar Zacatecas,CMF Zacatecas,Zacatecas,Clínica de Medicina Familiar,CMF,Primer Nivel,No Aplica,ISSSTE,Zacatecas,Zacatecas,Zacatecas,Calle,La Estación,S/N,,Colonia,Centro,98000,"Calle La Estación S/N, Colonia Centro, Zacatecas, Zacatecas, CP. 98000",22.764818031759024,-102.57830494526458,Validada,Anuario Estadístico 2025,
U_ISSSTE_1012,SLIST000085,033-203-00,Propia,En Operación,"Hospital Regional Dr. M.Cárdenas de la Vega, Culiacán","HR Dr. M.Cárdenas de la Vega, Culiacán","Dr. M.Cárdenas de la Vega, Culiacán",Hospital Regional,HR,Tercer Nivel,Segundo Nivel,ISSSTE,Sinaloa,Culiacán,Sinaloa,Calzada,Heroico Colegio Militar,957,,Colonia,5 de Mayo,80230,"Calzada Heroico Colegio Militar 957, Colonia 5 de Mayo, Culiacán, Sinaloa, CP. 80230",24.796179979150132,-107.37577620698487,Validada,Anuario Estadístico 2025,
U_ISSSTE_1013,NLIST000105,035-203-00,Propia,En Operación,Hospital Regional Monterrey,HR Monterrey,Monterrey,Hospital Regional,HR,Tercer Nivel,Segundo Nivel,ISSSTE,Nuevo León,Monterrey,Nuevo León,Calle,Adolfo López Mateos,122,,Colonia,Burócratas,64380,"Calle Adolfo López Mateos 122, Colonia Burócratas, Monterrey, Nuevo León, CP. 64380",25.708965509214956,-100.3594409686608,Validada,Anuario Estadístico 2025,
U_ISSSTE_1014,PLIST000101,036-203-00,Propia,En Operación,Hospital Regional Puebla,HR Puebla,Puebla,Hospital Regional,HR,Tercer Nivel,Segundo Nivel,ISSSTE,Puebla,Puebla,Puebla,Boulevard,Catorce Sur,4336,,Colonia,Jardines de San Manuel,72570,"Boulevard Catorce Sur 4336, Colonia Jardines de San Manuel, Puebla, Puebla, CP. 72570",19.02083124770613,-98.19880753159065,Validada,Anuario Estadístico 2025,
U_ISSSTE_1015,GTIST000091,037-203-00,Propia,En Operación,Hospital Regional León,HR León,León,Hospital Regional,HR,Tercer Nivel,Segundo Nivel,ISSSTE,Guanajuato,León,Guanajuato,Avenida,Pradera,1101,,Colonia,Azteca,37520,"Avenida Pradera 1101, Colonia Azteca, León, Guanajuato, CP. 37520",21.098165921299564,-101.64992858514468,Validada,Anuario Estadístico 2025,
U_ISSSTE_1016,YNIST000030,038-203-00,Propia,En Operación,"Hospital Regional ""Elvia Carrillo Puerto"", Mérida","HR ""Elvia Carrillo Puerto"", Mérida","""Elvia Carrillo Puerto"", Mérida",Hospital Regional,HR,Tercer Nivel,Segundo Nivel,ISSSTE,Yucatán,Mérida,Yucatán,Calle,Siete,217,,Colonia,Pensiones,97219,"Calle Siete 217, Colonia Pensiones, Mérida, Yucatán, CP. 97219",20.995402336877536,-89.64007084396512,Validada,Anuario Estadístico 2025,
U_ISSSTE_1017,OCIST000112,039-203-00,Propia,En Operación,"Hospital Regional Presidente Benito Juárez, Oax.","HR Presidente Benito Juárez, Oax.","Presidente Benito Juárez, Oax.",Hospital Regional,HR,Tercer Nivel,Segundo Nivel,ISSSTE,Oaxaca,Oaxaca de Juárez,Oaxaca,Calle,Gerardo Varela,617,,Colonia,Lomas del Creston,68024,"Calle Gerardo Varela 617, Colonia Lomas del Creston, Oaxaca de Juárez, Oaxaca, CP. 68024",17.084803372569237,-96.72269159231433,Validada,Anuario Estadístico 2025,
U_ISSSTE_1018,MCIST000425,042-203-00,Propia,En Operación,Hospital Regional Bicentenario de la Independencia,HR Bicentenario de la Independencia,Bicentenario de la Independencia,Hospital Regional,HR,Tercer Nivel,Segundo Nivel,ISSSTE,México,Tultitlán,México,Calle,Ciruelos,4,,Colonia,Lázaro Cárdenas,54916,"Calle Ciruelos 4, Colonia Lázaro Cárdenas, Tultitlán, México, CP. 54916",19.62999966504528,-99.16371364730506,Validada,Anuario Estadístico 2025,
U_ISSSTE_1019,MSIST000293,043-203-00,Propia,En Operación,Hospital Regional Centenario de la Revolución Mexicana,HR Centenario de la Revolución Mexicana,Centenario de la Revolución Mexicana,Hospital Regional,HR,Tercer Nivel,Segundo Nivel,ISSSTE,Morelos,Emiliano Zapata,Morelos,Avenida,Universidad,40,,Colonia,Palo Escrito,62765,"Avenida Universidad 40, Colonia Palo Escrito, Emiliano Zapata, Morelos, CP. 62765",18.847445371215752,-99.19761468693964,Validada,Anuario Estadístico 2025,
U_ISSSTE_1020,MNIST000120,044-203-00,Propia,En Operación,Hospital Regional Morelia,HR Morelia,Morelia,Hospital Regional,HR,Tercer Nivel,Segundo Nivel,ISSSTE,Michoacán,Morelia,Michoacán,Carretera,Morelia-Charo (Jaripeo),Km 6,,Pueblo,Atapaneo,58300,"Carretera Morelia-Charo (Jaripeo) Km 6, Pueblo Atapaneo, Morelia, Michoacán, CP. 58300",19.732383082761025,-101.10389140848339,Validada,Anuario Estadístico 2025,
U_ISSSTE_1021,VZIST000301,045-203-00,Propia,En Operación,Hospital Regional Veracruz,HR Veracruz,Veracruz,Hospital Regional,HR,Tercer Nivel,No Aplica,ISSSTE,Veracruz,Veracruz,Veracruz,Avenida,Presidente Miguel Alemán,S/N,,Fraccionamiento,Moderno,91700,"Avenida Presidente Miguel Alemán S/N, Fraccionamiento Moderno, Veracruz, Veracruz, CP. 91700",19.172321676971087,-96.1354341195792,Validada,Anuario Estadístico 2025,
U_ISSSTE_1022,GRIST000520,046-203-00,Propia,En Operación,Hospital Regional Acapulco,HR Acapulco,Acapulco,Hospital Regional,HR,Tercer Nivel,Segundo Nivel,ISSSTE,Guerrero,Acapulco De Juárez,Guerrero,Calle,Fernando de Magallanes,S/N,,Fraccionamiento,Costa Azul,39859,"Calle Fernando de Magallanes S/N, Fraccionamiento Costa Azul, Acapulco De Juárez, Guerrero, CP. 39859",16.85262573653889,-99.85189657553501,Validada,Anuario Estadístico 2025,
U_ISSSTE_1023,CLIST000350,047-203-00,Propia,En Operación,Hospital Regional Torreón,HR Torreón,Torreón,Hospital Regional,HR,Tercer Nivel,Segundo Nivel,ISSSTE,Coahuila,Torreón,Coahuila,Calle,Rotarismo Internacional,100,,Ejido,El Águila,27275,"Calle Rotarismo Internacional 100, Ejido El Águila, Torreón, Coahuila, CP. 27275",25.53027218745339,-103.32389890644119,Validada,Anuario Estadístico 2025,No es posible acercarse con Maps
U_ISSSTE_1024,JCIST000955,048-203-00,Propia,En Operación,Hospital Regional Tlajomulco de Zúñiga,HR Tlajomulco de Zúñiga,Tlajomulco de Zúñiga,Hospital Regional,HR,Tercer Nivel,Segundo Nivel,ISSSTE,Jalisco,Tlajomulco De Zúñiga,Jalisco,Calle,Cerro del Patomo,33,,Colonia,Centro,45640,"Calle Cerro del Patomo 33, Colonia Centro, Tlajomulco De Zúñiga, Jalisco, CP. 45640",20.462213470682308,-103.43448910126662,Validada,Anuario Estadístico 2025,
U_ISSSTE_1025,DFIST000090,090-201-00,Propia,En Operación,Hospital Regional Primero de Octubre,HR Primero de Octubre,Primero de Octubre,Hospital Regional,HR,Tercer Nivel,Segundo Nivel,ISSSTE,Ciudad de México,Gustavo A. Madero,Ciudad de México Zona Norte,Avenida,Instituto Politécnico Nacional,1669,,Colonia,Magdalena de las Salinas,07760,"Avenida Instituto Politécnico Nacional 1669, Colonia Magdalena de las Salinas, Gustavo A. Madero, Ciudad de México, CP. 07760",19.486874495809026,-99.13393234583663,Validada,Anuario Estadístico 2025,
U_ISSSTE_1026,DFIST000073,091-205-00,Propia,En Operación,Clínica de Medicina Familiar Gustavo A. Madero,CMF Gustavo A. Madero,Gustavo A. Madero,Clínica de Medicina Familiar,CMF,Primer Nivel,No Aplica,ISSSTE,Ciudad de México,Gustavo A. Madero,Ciudad de México Zona Norte,Calzada,de Guadalupe,712,,Colonia,Tepeyac Insurgentes,07020,"Calzada de Guadalupe 712, Colonia Tepeyac Insurgentes, Gustavo A. Madero, Ciudad de México, CP. 07020",19.481991049987716,-99.11852411570568,Validada,Anuario Estadístico 2025,
U_ISSSTE_1027,DFIST000621,091-205-01,Convenio,En Operación,Consultorio Médico en Centro de Trabajo IPN-CIEA,CMCT IPN-CIEA,IPN-CIEA,Consultorio Médico en Centro de Trabajo,CMCT,Primer Nivel,No Aplica,ISSSTE,Ciudad de México,Gustavo A. Madero,Ciudad de México Zona Norte,Avenida,Instituto Politécnico Nacional,2508,,Pueblo,San Pedro Zacatenco,07360,"Avenida Instituto Politécnico Nacional 2508, Pueblo San Pedro Zacatenco, Gustavo A. Madero, Ciudad de México, CP. 07360",19.50983235951077,-99.12950861443954,Validada,Anuario Estadístico 2025,
U_ISSSTE_1028,DFIST000085,091-206-00,Propia,En Operación,Clínica de Medicina Familiar Aragón,CMF Aragón,Aragón,Clínica de Medicina Familiar,CMF,Primer Nivel,No Aplica,ISSSTE,Ciudad de México,Gustavo A. Madero,Ciudad de México Zona Norte,Calle,Moctezuma,168,,Colonia,Aragón La Villa,07000,"Calle Moctezuma 168, Colonia Aragón La Villa, Gustavo A. Madero, Ciudad de México, CP. 07000",19.478188174083584,-99.11024745048235,Validada,Anuario Estadístico 2025,
U_ISSSTE_1029,DFIST000645,091-206-02,Convenio,En Operación,Consultorio Médico en Centro de Trabajo No. 61 SAGARPA-OCAVM (CONAGUA),CMCT No. 61 SAGARPA-OCAVM (CONAGUA),No. 61 SAGARPA-OCAVM (CONAGUA),Consultorio Médico en Centro de Trabajo,CMCT,Primer Nivel,No Aplica,ISSSTE,Ciudad de México,Gustavo A. Madero,Ciudad de México Zona Norte,Avenida,José Loreto Fabela,868,,Colonia,Ex Ejido San Juan de Aragón,07919,"Avenida José Loreto Fabela 868, Colonia Ex Ejido San Juan de Aragón, Gustavo A. Madero, Ciudad de México, CP. 07919",19.465349296848743,-99.08039009438279,Validada,Anuario Estadístico 2025,
U_ISSSTE_1030,DFIST000370,091-207-00,Propia,En Operación,Clínica de Medicina Familiar Guadalupe,CMF Guadalupe,Guadalupe,Clínica de Medicina Familiar,CMF,Primer Nivel,No Aplica,ISSSTE,Ciudad de México,Cuauhtémoc,Ciudad de México Zona Norte,Calzada,de Guadalupe,164,,Colonia,Peralvillo,06250,"Calzada de Guadalupe 164, Colonia Peralvillo, Cuauhtémoc, Ciudad de México, CP. 06250",19.460721658452464,-99.12706821962978,Validada,Anuario Estadístico 2025,
U_ISSSTE_1031,DFIST000102,091-208-00,Propia,En Operación,Clínica de Especialidades con Quírofano Centro de Cirugía Ambulatoria 1º de Octubre,CEQ Centro de Cirugía Ambulatoria 1º de Octubre,Centro de Cirugía Ambulatoria 1º de Octubre,Clínica de Especialidades con Quírofano,CEQ,Segundo Nivel,No Aplica,ISSSTE,Ciudad de México,Gustavo A. Madero,Ciudad de México Zona Norte,Avenida,Instituto Politécnico Nacional,1669,,Colonia,Magdalena de las Salinas,07760,"Avenida Instituto Politécnico Nacional 1669, Colonia Magdalena de las Salinas, Gustavo A. Madero, Ciudad de México, CP. 07760",19.48649811912852,-99.13325808214093,Validada,Anuario Estadístico 2025,
U_ISSSTE_1032,DFIST000481,091-209-00,Propia,En Operación,Clínica de Especialidades Centro de Apoyo Diagnóstico San Rafael,CE Centro de Apoyo Diagnóstico San Rafael,Centro de Apoyo Diagnóstico San Rafael,Clínica de Especialidades,CE,Segundo Nivel,No Aplica,ISSSTE,Ciudad de México,Cuauhtémoc,Ciudad de México Zona Norte,Calle,Ignacio Manuel Altamirano,115,,Colonia,San Rafael,06470,"Calle Ignacio Manuel Altamirano 115, Colonia San Rafael, Cuauhtémoc, Ciudad de México, CP. 06470",19.435847873930772,-99.16345569975853,Validada,Anuario Estadístico 2025,
U_ISSSTE_1033,DFIST000341,091-210-00,Propia,En Operación,Clínica de Especialidades Indianilla,CE Indianilla,Indianilla,Clínica de Especialidades,CE,Segundo Nivel,No Aplica,ISSSTE,Ciudad de México,Cuauhtémoc,Ciudad de México Zona Norte,Calle,Claudio Bernard,85,,Colonia,Doctores,06720,"Calle Claudio Bernard 85, Colonia Doctores, Cuauhtémoc, Ciudad de México, CP. 06720",19.421878003918174,-99.14908275568631,Validada,Anuario Estadístico 2025,
U_ISSSTE_1034,DFIST000382,091-211-00,Propia,En Operación,Clínica de Medicina Familiar Cinco de Febrero,CMF Cinco de Febrero,Cinco de Febrero,Clínica de Medicina Familiar,CMF,Primer Nivel,No Aplica,ISSSTE,Ciudad de México,Cuauhtémoc,Ciudad de México Zona Norte,Calle,Cinco de Febrero,111,,Colonia,Centro,06080,"Calle Cinco de Febrero 111, Colonia Centro, Cuauhtémoc, Ciudad de México, CP. 06080",19.424702621849345,-99.13561423194531,Validada,Anuario Estadístico 2025,
U_ISSSTE_1035,DFIST000394,091-212-00,Propia,En Operación,Clínica de Medicina Familiar Juárez,CMF Juárez,Juárez,Clínica de Medicina Familiar,CMF,Primer Nivel,No Aplica,ISSSTE,Ciudad de México,Cuauhtémoc,Ciudad de México Zona Norte,Calle,Jalapa,252,,Colonia,Roma Sur,06760,"Calle Jalapa 252, Colonia Roma Sur, Cuauhtémoc, Ciudad de México, CP. 06760",19.410597625463172,-99.15923897753858,Validada,Anuario Estadístico 2025,
U_ISSSTE_1036,DFIST000785,091-212-03,Convenio,En Operación,Consultorio Médico en Centro de Trabajo No. 9 Junta de Conciliación y Arbitraje,CMCT No. 9 Junta de Conciliación y Arbitraje,No. 9 Junta de Conciliación y Arbitraje,Consultorio Médico en Centro de Trabajo,CMCT,Primer Nivel,No Aplica,ISSSTE,Ciudad de México,Cuauhtémoc,Ciudad de México Zona Norte,Avenida,Dr. Río de la Loza,68,,Colonia,Doctores,06720,"Avenida Dr. Río de la Loza 68, Colonia Doctores, Cuauhtémoc, Ciudad de México, CP. 06720",19.42489231195717,-99.14532722572748,Validada,Anuario Estadístico 2025,
U_ISSSTE_1037,DFIST000790,091-212-04,Convenio,En Operación,Consultorio Médico en Centro de Trabajo No. 19 SEGOB,CMCT No. 19 SEGOB,No. 19 SEGOB,Consultorio Médico en Centro de Trabajo,CMCT,Primer Nivel,No Aplica,ISSSTE,Ciudad de México,Cuauhtémoc,Ciudad de México Zona Norte,Calle,Abraham González,48,,Colonia,Juárez,06600,"Calle Abraham González 48, Colonia Juárez, Cuauhtémoc, Ciudad de México, CP. 06600",19.430826475424873,-99.15307727631476,Validada,Anuario Estadístico 2025,
U_ISSSTE_1038,DFIST000802,091-212-05,Convenio,En Operación,Consultorio Médico en Centro de Trabajo No. 22 COFAA-IPN,CMCT No. 22 COFAA-IPN,No. 22 COFAA-IPN,Consultorio Médico en Centro de Trabajo,CMCT,Primer Nivel,No Aplica,ISSSTE,Ciudad de México,Cuauhtémoc,Ciudad de México Zona Norte,Calle,Tres Guerras,27,,Colonia,Centro,06040,"Calle Tres Guerras 27, Colonia Centro, Cuauhtémoc, Ciudad de México, CP. 06040",19.428035956729783,-99.15138267540519,Validada,Anuario Estadístico 2025,
U_ISSSTE_1039,DFIST000406,091-213-00,Propia,En Operación,Clínica de Medicina Familiar San Antonio Abad,CMF San Antonio Abad,San Antonio Abad,Clínica de Medicina Familiar,CMF,Primer Nivel,No Aplica,ISSSTE,Ciudad de México,Cuauhtémoc,Ciudad de México Zona Norte,Calle,Manuel J. Othon,169,,Colonia,Tránsito,06820,"Calle Manuel J. Othon 169, Colonia Tránsito, Cuauhtémoc, Ciudad de México, CP. 06820",19.414312096211376,-99.13419265914291,Validada,Anuario Estadístico 2025,
U_ISSSTE_1040,DFIST000411,091-214-00,Propia,En Operación,"Clínica de Medicina Familiar Dr. Javier Domínguez Estrada, Chapultepec","CMF Dr. Javier Domínguez Estrada, Chapultepec","Dr. Javier Domínguez Estrada, Chapultepec",Clínica de Medicina Familiar,CMF,Primer Nivel,No Aplica,ISSSTE,Ciudad de México,Cuauhtémoc,Ciudad de México Zona Norte,Circuito Interior,José Vasconcelos,10,,Colonia,Condesa,06140,"Circuito Interior José Vasconcelos 10, Colonia Condesa, Cuauhtémoc, Ciudad de México, CP. 06140",19.419675686962776,-99.17711181359653,Validada,Anuario Estadístico 2025,
U_ISSSTE_1041,DFIST000983,091-214-04,Convenio,En Operación,Consultorio Médico en Centro de Trabajo No. 50 SAGARPA-SIAP,CMCT No. 50 SAGARPA-SIAP,No. 50 SAGARPA-SIAP,Consultorio Médico en Centro de Trabajo,CMCT,Primer Nivel,No Aplica,ISSSTE,Ciudad de México,Miguel Hidalgo,Ciudad de México Zona Norte,Avenida,Benjamín Franklin,146,,Colonia,Escandón ll Sección,11800,"Avenida Benjamín Franklin 146, Colonia Escandón ll Sección, Miguel Hidalgo, Ciudad de México, CP. 11800",19.40515598222166, -99.17669499525691,Validada,Anuario Estadístico 2025,
U_ISSSTE_1042,DFIST000843,091-214-05,Convenio,En Operación,Consultorio Médico en Centro de Trabajo No. 55 PROFECO,CMCT No. 55 PROFECO,No. 55 PROFECO,Consultorio Médico en Centro de Trabajo,CMCT,Primer Nivel,No Aplica,ISSSTE,Ciudad de México,Cuauhtémoc,Ciudad de México Zona Norte,Avenida,José Vasconcelos,208,,Colonia,Colonia Condesa,06140,"Avenida José Vasconcelos 208, Colonia Colonia Condesa, Cuauhtémoc, Ciudad de México, CP. 06140",19.41353420742959,-99.18041877394543,Validada,Anuario Estadístico 2025,
U_ISSSTE_1043,DFIST001041,091-214-06,Convenio,En Operación,Consultorio Médico en Centro de Trabajo Presidencia (OPR),CMCT Presidencia (OPR),Presidencia (OPR),Consultorio Médico en Centro de Trabajo,CMCT,Primer Nivel,No Aplica,ISSSTE,Ciudad de México,Miguel Hidalgo,Ciudad de México Zona Norte,Avenida,Constituyentes,161,,Colonia,San Miguel Chapultepec II Sección,11850,"Avenida Constituyentes 161, Colonia San Miguel Chapultepec II Sección, Miguel Hidalgo, Ciudad de México, CP. 11850",19.413617390013385,-99.18795528943664,Validada,Anuario Estadístico 2025,
U_ISSSTE_1044,PENDIENTE,091-214-08,Convenio,En Operación,Consultorio Médico en Centro de Trabajo ISSSTE-DIRI,CMCT ISSSTE-DIRI,ISSSTE-DIRI,Consultorio Médico en Centro de Trabajo,CMCT,Primer Nivel,No Aplica,ISSSTE,Ciudad de México,Cuauhtémoc,Ciudad de México Zona Norte,Calle,Rio Rhin,3,,Colonia,Cuauhtémoc,06500,"Calle Rio Rhin 3, Colonia Cuauhtémoc, Cuauhtémoc, Ciudad de México, CP. 06500",19.433489723993752,-99.16624949238945,Solicitar Validación,Anuario Estadístico 2025,No aparece en CLUES
U_ISSSTE_1045,DFIST000423,091-216-00,Propia,En Operación,Clínica de Medicina Familiar Peralvillo,CMF Peralvillo,Peralvillo,Clínica de Medicina Familiar,CMF,Primer Nivel,No Aplica,ISSSTE,Ciudad de México,Cuauhtémoc,Ciudad de México Zona Norte,Calle,Constancia,18,,Colonia,Morelos,06200,"Calle Constancia 18, Colonia Morelos, Cuauhtémoc, Ciudad de México, CP. 06200",19.44970839144303,-99.12780587193778,Validada,Anuario Estadístico 2025,
U_ISSSTE_1046,DFIST000855,091-216-01,Convenio,En Operación,Consultorio Médico en Centro de Trabajo No. 20 SRE,CMCT No. 20 SRE,No. 20 SRE,Consultorio Médico en Centro de Trabajo,CMCT,Primer Nivel,No Aplica,ISSSTE,Ciudad de México,Cuauhtémoc,Ciudad de México Zona Norte,Avenida,Juárez,20,,Colonia,Centro,06010,"Avenida Juárez 20, Colonia Centro, Cuauhtémoc, Ciudad de México, CP. 06010",19.433467063931076,-99.14417070562868,Validada,Anuario Estadístico 2025,
U_ISSSTE_1047,PENDIENTE,091-216-02,Convenio,En Operación,Consultorio Médico en Centro de Trabajo SEGOB-Talleres Gráficos de México,CMCT SEGOB-Talleres Gráficos de México,SEGOB-Talleres Gráficos de México,Consultorio Médico en Centro de Trabajo,CMCT,Primer Nivel,No Aplica,ISSSTE,Ciudad de México,Cuauhtémoc,Ciudad de México Zona Norte,Eje,Dos Norte,80,,Colonia,Felipe Pescador,06280,"Eje Dos Norte 80, Colonia Felipe Pescador, Cuauhtémoc, Ciudad de México, CP. 06280",19.452458576883597,-99.12603494101182,Solicitar Validación,Anuario Estadístico 2025,No aparece en CLUES
U_ISSSTE_1048,DFIST000435,091-217-00,Propia,En Operación,Clínica de Medicina Familiar Guerrero,CMF Guerrero,Guerrero,Clínica de Medicina Familiar,CMF,Primer Nivel,No Aplica,ISSSTE,Ciudad de México,Cuauhtémoc,Ciudad de México Zona Norte,Calle,Guerrero,65,,Colonia,Guerrero,06300,"Calle Guerrero 65, Colonia Guerrero, Cuauhtémoc, Ciudad de México, CP. 06300",19.441064332713815,-99.14822857000418,Validada,Anuario Estadístico 2025,
U_ISSSTE_1049,DFIST000336,091-217-01,Propia,En Operación,Consultorio Médico en Centro de Trabajo No. 51 ISSSTE-Dirección General,CMCT No. 51 ISSSTE-Dirección General,No. 51 ISSSTE-Dirección General,Consultorio Médico en Centro de Trabajo,CMCT,Primer Nivel,No Aplica,ISSSTE,Ciudad de México,Cuauhtémoc,Ciudad de México Zona Norte,Calle,Jesús García Corona,140,,Colonia,Buenavista,06350,"Calle Jesús García Corona 140, Colonia Buenavista, Cuauhtémoc, Ciudad de México, CP. 06350",19.44467033872731,-99.15155880510254,Validada,Anuario Estadístico 2025,
U_ISSSTE_1050,DFIST000860,091-217-02,Convenio,En Operación,Consultorio Médico en Centro de Trabajo SHCP Complejo Hidalgo No. 1,CMCT SHCP Complejo Hidalgo No. 1,SHCP Complejo Hidalgo No. 1,Consultorio Médico en Centro de Trabajo,CMCT,Primer Nivel,No Aplica,ISSSTE,Ciudad de México,Cuauhtémoc,Ciudad de México Zona Norte,Avenida,Hidalgo,77,,Colonia,Guerrero,06300,"Avenida Hidalgo 77, Colonia Guerrero, Cuauhtémoc, Ciudad de México, CP. 06300",19.437205080379695,-99.1445172804873,Validada,Anuario Estadístico 2025,
U_ISSSTE_1051,DFIST000872,091-217-03,Rentada,En Operación,Consultorio Médico en Centro de Trabajo Fomento Deportivo ISSSTE (Oficina de Represantación Regional Zona Norte CDMX),CMCT Fomento Deportivo ISSSTE (Oficina de Represantación Regional Zona Norte CDMX),Fomento Deportivo ISSSTE (Oficina de Represantación Regional Zona Norte CDMX),Consultorio Médico en Centro de Trabajo,CMCT,Primer Nivel,No Aplica,ISSSTE,Ciudad de México,Miguel Hidalgo,Ciudad de México Zona Norte,Avenida,Benjamín Franklin,132,,Colonia,Escandón ll Sección,11800,"Avenida Benjamín Franklin 132, Colonia Escandón ll Sección, Miguel Hidalgo, Ciudad de México, CP. 11800",19.405432957873792,-99.17767736304906,Solicitar Validación,Anuario Estadístico 2025,"Hubo un cambio de domicilio, aun no reflejado en CLUES"
U_ISSSTE_1052,DFIST000884,091-217-04,Convenio,En Operación,Consultorio Médico en Centro de Trabajo Sindicato de SHCP,CMCT Sindicato de SHCP,Sindicato de SHCP,Consultorio Médico en Centro de Trabajo,CMCT,Primer Nivel,No Aplica,ISSSTE,Ciudad de México,Cuauhtémoc,Ciudad de México Zona Norte,Avenida,Ricardo Flores Magón,S/N,,Colonia,Tlatelolco,06900,"Avenida Ricardo Flores Magón S/N, Colonia Tlatelolco, Cuauhtémoc, Ciudad de México, CP. 06900",19.451361414155343,-99.1408903411166,Validada,Anuario Estadístico 2025,
U_ISSSTE_1053,DFIST000896,091-217-05,Convenio,En Operación,Consultorio Médico en Centro de Trabajo SHCP Complejo Hidalgo No. 2,CMCT SHCP Complejo Hidalgo No. 2,SHCP Complejo Hidalgo No. 2,Consultorio Médico en Centro de Trabajo,CMCT,Primer Nivel,No Aplica,ISSSTE,Ciudad de México,Cuauhtémoc,Ciudad de México Zona Norte,Avenida,Hidalgo,77,,Colonia,Guerrero,06300,"Avenida Hidalgo 77, Colonia Guerrero, Cuauhtémoc, Ciudad de México, CP. 06300",19.438057097356335,-99.14534050119158,Validada,Anuario Estadístico 2025,
U_ISSSTE_1054,DFIST000901,091-217-06,Convenio,En Operación,Consultorio Médico en Centro de Trabajo SHCP-SAT (Antes Caballito),CMCT SHCP-SAT (Antes Caballito),SHCP-SAT (Antes Caballito),Consultorio Médico en Centro de Trabajo,CMCT,Primer Nivel,No Aplica,ISSSTE,Ciudad de México,Cuauhtémoc,Ciudad de México Zona Norte,Avenida,Paseo de la Reforma,10,,Colonia,Tabacalera,06030,"Avenida Paseo de la Reforma 10, Colonia Tabacalera, Cuauhtémoc, Ciudad de México, CP. 06030",19.436413364444395,-99.14897656630023,Validada,Anuario Estadístico 2025,
U_ISSSTE_1055,DFIST000440,091-218-00,Propia,En Operación,Clínica de Medicina Familiar Santa María,CMF Santa María,Santa María,Clínica de Medicina Familiar,CMF,Primer Nivel,No Aplica,ISSSTE,Ciudad de México,Cuauhtémoc,Ciudad de México Zona Norte,Avenida,José Antonio Alzate,168,,Colonia,Santa María La Ribera,06400,"Avenida José Antonio Alzate 168, Colonia Santa María La Ribera, Cuauhtémoc, Ciudad de México, CP. 06400",19.44768607596929,-99.16185029762438,Validada,Anuario Estadístico 2025,
U_ISSSTE_1056,DFIST000913,091-218-02,Convenio,En Operación,Consultorio Médico en Centro de Trabajo No. 28 SENASICA-SAGARPA,CMCT No. 28 SENASICA-SAGARPA,No. 28 SENASICA-SAGARPA,Consultorio Médico en Centro de Trabajo,CMCT,Primer Nivel,No Aplica,ISSSTE,Ciudad de México,Cuauhtémoc,Ciudad de México Zona Norte,Avenida,Insurgentes Sur,489,,Colonia,Hipódromo,06100,"Avenida Insurgentes Sur 489, Colonia Hipódromo, Cuauhtémoc, Ciudad de México, CP. 06100",19.404141204653964,-99.16942592500914,Validada,Anuario Estadístico 2025,
U_ISSSTE_1057,DFIST000925,091-218-03,Convenio,En Operación,Consultorio Médico en Centro de Trabajo No. 30 Sindicato de SAGARPA,CMCT No. 30 Sindicato de SAGARPA,No. 30 Sindicato de SAGARPA,Consultorio Médico en Centro de Trabajo,CMCT,Primer Nivel,No Aplica,ISSSTE,Ciudad de México,Cuauhtémoc,Ciudad de México Zona Norte,Calle,José Rosas Moreno,104,,Colonia,San Rafael,06470,"Calle José Rosas Moreno 104, Colonia San Rafael, Cuauhtémoc, Ciudad de México, CP. 06470",19.436614445908,-99.16183061969153,Validada,Anuario Estadístico 2025,
U_ISSSTE_1058,DFIST000930,091-218-04,Convenio,En Operación,Consultorio Médico en Centro de Trabajo FSTSE,CMCT FSTSE,FSTSE,Consultorio Médico en Centro de Trabajo,CMCT,Primer Nivel,No Aplica,ISSSTE,Ciudad de México,Cuauhtémoc,Ciudad de México Zona Norte,Calle,Valentín Gómez Farías,40,,Colonia,San Rafael,06740,"Calle Valentín Gómez Farías 40, Colonia San Rafael, Cuauhtémoc, Ciudad de México, CP. 06740",19.43693809348956,-99.15777248105697,Solicitar Validación,Anuario Estadístico 2025,No aparece en CLUES
U_ISSSTE_1059,DFIST000942,091-218-05,Convenio,En Operación,Consultorio Médico en Centro de Trabajo Sindicato de SEMARNAT,CMCT Sindicato de SEMARNAT,Sindicato de SEMARNAT,Consultorio Médico en Centro de Trabajo,CMCT,Primer Nivel,No Aplica,ISSSTE,Ciudad de México,Cuauhtémoc,Ciudad de México Zona Norte,Calle,Tomás Alva Edison,115,,Colonia,Tabacalera,06030,"Calle Tomás Alva Edison 115, Colonia Tabacalera, Cuauhtémoc, Ciudad de México, CP. 06030",19.437953353537885,-99.15553753342412,Validada,Anuario Estadístico 2025,
U_ISSSTE_1060,DFIST000995,091-218-06,Convenio,En Operación,Consultorio Médico en Centro de Trabajo SRE (Tlatelolco),CMCT SRE (Tlatelolco),SRE (Tlatelolco),Consultorio Médico en Centro de Trabajo,CMCT,Primer Nivel,No Aplica,ISSSTE,Ciudad de México,Miguel Hidalgo,Ciudad de México Zona Norte,Avenida,Ricardo Flores Magón,2,,Colonia,Guerrero,06300,"Avenida Ricardo Flores Magón 2, Colonia Guerrero, Miguel Hidalgo, Ciudad de México, CP. 06300",19.449132883167266,-99.1372644879316,Validada,Anuario Estadístico 2025,
U_ISSSTE_1061,DFIST000452,091-219-00,Propia,En Operación,Clínica de Medicina Familiar Perú,CMF Perú,Perú,Clínica de Medicina Familiar,CMF,Primer Nivel,No Aplica,ISSSTE,Ciudad de México,Cuauhtémoc,Ciudad de México Zona Norte,Calle,República de Perú,25,,Colonia,Centro Histórico,06010,"Calle República de Perú 25, Colonia Centro Histórico, Cuauhtémoc, Ciudad de México, CP. 06010",19.439380940046117,-99.13824713042068,Validada,Anuario Estadístico 2025,
U_ISSSTE_1062,DFIST000954,091-219-01,Convenio,En Operación,Consultorio Médico en Centro de Trabajo No. 23 SEP,CMCT No. 23 SEP,No. 23 SEP,Consultorio Médico en Centro de Trabajo,CMCT,Primer Nivel,No Aplica,ISSSTE,Ciudad de México,Cuauhtémoc,Ciudad de México Zona Norte,Calle,República de Brasil,31,,Colonia,Centro,06020,"Calle República de Brasil 31, Colonia Centro, Cuauhtémoc, Ciudad de México, CP. 06020",19.437054931761427,-99.13356343509959,Validada,Anuario Estadístico 2025,
U_ISSSTE_1063,DFIST000971,091-219-09,Convenio,En Operación,Consultorio Médico en Centro de Trabajo Palacio Nacional,CMCT Palacio Nacional,Palacio Nacional,Consultorio Médico en Centro de Trabajo,CMCT,Primer Nivel,No Aplica,ISSSTE,Ciudad de México,Cuauhtémoc,Ciudad de México Zona Norte,Calle,Moneda,1,,Colonia,Centro,06060,"Calle Moneda 1, Colonia Centro, Cuauhtémoc, Ciudad de México, CP. 06060",19.433381472515492,-99.13099301460748,Validada,Anuario Estadístico 2025,
U_ISSSTE_1064,DFIST000353,091-220-00,Propia,En Operación,Clínica de Especialidades Dentales Dr. Honorato Villa Acosta,CE Dentales Dr. Honorato Villa Acosta,Dentales Dr. Honorato Villa Acosta,Clínica de Especialidades,CE,Segundo Nivel,No Aplica,ISSSTE,Ciudad de México,Cuauhtémoc,Ciudad de México Zona Norte,Calle,Guerrero,340,,Conjunto Habitacional,Nonoalco-Tlatelolco,06900,"Calle Guerrero 340, Conjunto Habitacional Nonoalco-Tlatelolco, Cuauhtémoc, Ciudad de México, CP. 06900 (Entrada por Puente de Piedra)",19.454588612721288,-99.146482862439,Validada,Anuario Estadístico 2025,
U_ISSSTE_1065,DFIST000365,091-221-00,Propia,En Operación,Clínica de Especialidades Neuropsiquiatría,CE Neuropsiquiatría,Neuropsiquiatría,Clínica de Especialidades,CE,Segundo Nivel,No Aplica,ISSSTE,Ciudad de México,Cuauhtémoc,Ciudad de México Zona Norte,Calle,Guerrero,340,,Conjunto Habitacional,Nonoalco-Tlatelolco,06900,"Calle Guerrero 340, Conjunto Habitacional Nonoalco-Tlatelolco, Cuauhtémoc, Ciudad de México, CP. 06900 (Entrada por Puente de Piedra)",19.45433151789986,-99.14636427999943,Validada,Anuario Estadístico 2025,
U_ISSSTE_1066,DFIST000546,092-204-00,Propia,En Operación,Clínica de Medicina Familiar Balbuena,CMF Balbuena,Balbuena,Clínica de Medicina Familiar,CMF,Primer Nivel,No Aplica,ISSSTE,Ciudad de México,Venustiano Carranza,Ciudad de México Zona Oriente,Avenida,del Taller,611,,Colonia,Jardín Balbuena,15900,"Avenida del Taller 611, Colonia Jardín Balbuena, Venustiano Carranza, Ciudad de México, CP. 15900",19.412838317288383,-99.10563730880321,Validada,Anuario Estadístico 2025,
U_ISSSTE_1067,DFIST000551,092-205-00,Propia,En Operación,Clínica de Medicina Familiar Morelos,CMF Morelos,Morelos,Clínica de Medicina Familiar,CMF,Primer Nivel,No Aplica,ISSSTE,Ciudad de México,Venustiano Carranza,Ciudad de México Zona Oriente,Avenida,Circunvalación,60,,Colonia,Morelos,15270,"Avenida Circunvalación 60, Colonia Morelos, Venustiano Carranza, Ciudad de México, CP. 15270",19.442146487329268,-99.11601953894458,Validada,Anuario Estadístico 2025,
U_ISSSTE_1068,DFIST000114,092-206-00,Propia,En Operación,Clínica de Medicina Familiar Oriente,CMF Oriente,Oriente,Clínica de Medicina Familiar,CMF,Primer Nivel,No Aplica,ISSSTE,Ciudad de México,Iztapalapa,Ciudad de México Zona Oriente,Avenida,Telecomunicaciones,S/N,,Colonia,Chinam Pac de Juárez,09208,"Avenida Telecomunicaciones S/N, Colonia Chinam Pac de Juárez, Iztapalapa, Ciudad de México, CP. 09208",19.388413530581875,-99.04630085372048,Validada,Anuario Estadístico 2025,
U_ISSSTE_1069,DFIST000563,092-207-00,Propia,En Operación,Clínica de Medicina Familiar Moctezuma,CMF Moctezuma,Moctezuma,Clínica de Medicina Familiar,CMF,Primer Nivel,No Aplica,ISSSTE,Ciudad de México,Venustiano Carranza,Ciudad de México Zona Oriente,Calle,Oriente,144,,Colonia,Moctezuma 2da Sección,15530,"Calle Oriente 144, Colonia Moctezuma 2da Sección, Venustiano Carranza, Ciudad de México, CP. 15530",19.43401938748118,-99.1024195871626,Validada,Anuario Estadístico 2025,
U_ISSSTE_1070,DFIST000126,092-209-00,Propia,En Operación,Clínica de Medicina Familiar Iztapalapa I,CMF Iztapalapa I,Iztapalapa I,Clínica de Medicina Familiar,CMF,Primer Nivel,No Aplica,ISSSTE,Ciudad de México,Iztapalapa,Ciudad de México Zona Oriente,Calzada,Ermita Iztapalapa,800,,Colonia,Santa Bárbara,09000,"Calzada Ermita Iztapalapa 800, Colonia Santa Bárbara, Iztapalapa, Ciudad de México, CP. 09000",19.356367040421432,-99.10705193702343,Validada,Anuario Estadístico 2025,
U_ISSSTE_1071,DFIST000155,092-210-00,Propia,En Operación,Hospital General Gral. José Maria Morelos y Pavón,HG Gral. José Maria Morelos y Pavón,Gral. José Maria Morelos y Pavón,Hospital General,HG,Segundo Nivel,No Aplica,ISSSTE,Ciudad de México,Iztapalapa,Ciudad de México Zona Oriente,Avenida,Congreso de Chilpancingo Norte-Sur,S/N,,Unidad Habitacional,Ermita Zaragoza,09180,"Avenida Congreso de Chilpancingo Norte-Sur S/N, Unidad Habitacional Ermita Zaragoza, Iztapalapa, Ciudad de México, CP. 09180",19.364384132498955,-98.99517612894739,Validada,Anuario Estadístico 2025,
U_ISSSTE_1072,DFIST000131,092-211-00,Propia,En Operación,Clínica de Medicina Familiar Iztapalapa II,CMF Iztapalapa II,Iztapalapa II,Clínica de Medicina Familiar,CMF,Primer Nivel,No Aplica,ISSSTE,Ciudad de México,Iztapalapa,Ciudad de México Zona Oriente,Avenida,San Lorenzo,278,,Colonia,Cerro de la Estrella,09860,"Avenida San Lorenzo 278, Colonia Cerro de la Estrella, Iztapalapa, Ciudad de México, CP. 09860",19.32676227160764,-99.07477766670438,Validada,Anuario Estadístico 2025,
U_ISSSTE_1073,DFIST000143,092-212-00,Propia,En Operación,Clínica de Medicina Familiar Ermita Zaragoza,CMF Ermita Zaragoza,Ermita Zaragoza,Clínica de Medicina Familiar,CMF,Primer Nivel,No Aplica,ISSSTE,Ciudad de México,Iztapalapa,Ciudad de México Zona Oriente,Calle,Congreso de Chilpancingo Norte-Sur,S/N,,Unidad Habitacional,Ermita Zaragoza,09180,"Calle Congreso de Chilpancingo Norte-Sur S/N, Unidad Habitacional Ermita Zaragoza, Iztapalapa, Ciudad de México, CP. 09180",19.36430928854437,-98.9954499152905,Validada,Anuario Estadístico 2025,
U_ISSSTE_1074,DFIST000650,092-214-00,Propia,En Operación,Clínica de Especialidades con Quírofano Leonardo y Nicolás Bravo,CEQ Leonardo y Nicolás Bravo,Leonardo y Nicolás Bravo,Clínica de Especialidades con Quírofano,CEQ,Segundo Nivel,No Aplica,ISSSTE,Ciudad de México,Iztapalapa,Ciudad de México Zona Oriente,Calle,Enrique Contel,S/N,,Colonia,Chinam Pac de Juárez,09208,"Calle Enrique Contel S/N, Colonia Chinam Pac de Juárez, Iztapalapa, Ciudad de México, CP. 09208",19.38721030152745,-99.04532029509707,Validada,Anuario Estadístico 2025,
U_ISSSTE_1075,DFIST000686,093-204-00,Convenio,En Operación,Clínica de Especialidades Medicina Física y Rehabilitación,CE Medicina Física y Rehabilitación,Medicina Física y Rehabilitación,Clínica de Especialidades,CE,Segundo Nivel,No Aplica,ISSSTE,Ciudad de México,Tlalpan,Ciudad de México Zona Sur,Avenida,San Fernando,15,,Colonia,Toriello Guerra,14070,"Avenida San Fernando 15, Colonia Toriello Guerra, Tlalpan, Ciudad de México, CP. 14070",19.293731460422773,-99.17091239134112,Validada,Anuario Estadístico 2025,
U_ISSSTE_1076,DFIST000271,093-205-00,Propia,En Operación,Clínica de Medicina Familiar Narvarte,CMF Narvarte,Narvarte,Clínica de Medicina Familiar,CMF,Primer Nivel,No Aplica,ISSSTE,Ciudad de México,Benito Juárez,Ciudad de México Zona Sur,Calle,Eugenia,230,,Colonia,Narvarte Poniente,03020,"Calle Eugenia 230, Colonia Narvarte Poniente, Benito Juárez, Ciudad de México, CP. 03020",19.384099449954423,-99.14982768933521,Validada,Anuario Estadístico 2025,
U_ISSSTE_1077,DFIST000283,093-206-00,Propia,En Operación,Clínica de Medicina Familiar Del Valle,CMF Del Valle,Del Valle,Clínica de Medicina Familiar,CMF,Primer Nivel,No Aplica,ISSSTE,Ciudad de México,Benito Juárez,Ciudad de México Zona Sur,Calle,Patricio Sanz,510,,Colonia,del Valle Norte,03103,"Calle Patricio Sanz 510, Colonia del Valle Norte, Benito Juárez, Ciudad de México, CP. 03103",19.39814279405556,-99.16892715125394,Validada,Anuario Estadístico 2025,
U_ISSSTE_1078,DFIST000715,093-206-01,Convenio,En Operación,Consultorio de Atención Familiar Centro Urbano Pdte. Miguel Alemán,CAF Centro Urbano Pdte. Miguel Alemán,Centro Urbano Pdte. Miguel Alemán,Consultorio de Atención Familiar,CAF,Primer Nivel,No Aplica,ISSSTE,Ciudad de México,Benito Juárez,Ciudad de México Zona Sur,Avenida,Coyoacán,1435 (dentro del Multifamiliar),,Colonia,del Valle Centro,03100,"Avenida Coyoacán 1435 (dentro del Multifamiliar), Colonia del Valle Centro, Benito Juárez, Ciudad de México, CP. 03100",19.37124063415591,-99.17258047632691,Validada,Anuario Estadístico 2025,
U_ISSSTE_1079,DFIST000720,093-206-02,Convenio,En Operación,Consultorio Médico en Centro de Trabajo SHCP-PFF,CMCT SHCP-PFF,SHCP-PFF,Consultorio Médico en Centro de Trabajo,CMCT,Primer Nivel,No Aplica,ISSSTE,Ciudad de México,Benito Juárez,Ciudad de México Zona Sur,Avenida,Insurgentes Centro,795,,Colonia,Nápoles,03810,"Avenida Insurgentes Centro 795, Colonia Nápoles, Benito Juárez, Ciudad de México, CP. 03810",19.390417432278028,-99.17390680338728,Validada,Anuario Estadístico 2025,
U_ISSSTE_1080,PENDIENTE,093-206-03,Convenio,En Operación,Consultorio Médico en Centro de Trabajo SENER,CMCT SENER,SENER,Consultorio Médico en Centro de Trabajo,CMCT,Primer Nivel,No Aplica,ISSSTE,Ciudad de México,Benito Juárez,Ciudad de México Zona Sur,Avenida,Insurgentes Sur,890,,Colonia,del Valle Centro,03100,"Avenida Insurgentes Sur 890, Colonia del Valle Centro, Benito Juárez, Ciudad de México, CP. 03100",19.386523201302783,-99.17453585375053,Validada,Anuario Estadístico 2025,
U_ISSSTE_1081,PENDIENTE,093-206-09,Convenio,En Operación,Consultorio Médico en Centro de Trabajo SADER,CMCT SADER,SADER,Consultorio Médico en Centro de Trabajo,CMCT,Primer Nivel,No Aplica,ISSSTE,Ciudad de México,Benito Juárez,Ciudad de México Zona Sur,Avenida,Cuauhtémoc,1230,,Pueblo,Santa Cruz Atoyac,03310,"Avenida Cuauhtémoc 1230, Pueblo Santa Cruz Atoyac, Benito Juárez, Ciudad de México, CP. 03310",19.373204669824666,-99.16041467693948,Validada,Anuario Estadístico 2025,
U_ISSSTE_1082,DFIST000032,093-207-00,Propia,En Operación,Clínica de Especialidades con Quírofano Churubusco,CEQ Churubusco,Churubusco,Clínica de Especialidades con Quírofano,CEQ,Segundo Nivel,No Aplica,ISSSTE,Ciudad de México,Coyoacán,Ciudad de México Zona Sur,Calzada,de Tlalpan,1983,,Colonia,Parque San Andrés,04040,"Calzada de Tlalpan 1983, Colonia Parque San Andrés, Coyoacán, Ciudad de México, CP. 04040",19.345684135485296,-99.14515495522004,Validada,Anuario Estadístico 2025,
U_ISSSTE_1083,DFIST000044,093-208-00,En Proceso de Regularización,En Operación,Clínica de Medicina Familiar Dr. Ignacio Chávez,CMF Dr. Ignacio Chávez,Dr. Ignacio Chávez,Clínica de Medicina Familiar,CMF,Primer Nivel,No Aplica,ISSSTE,Ciudad de México,Coyoacán,Ciudad de México Zona Sur,Calle,Oriental,10,,Unidad Habitacional,Alianza Popular Revolucionaria,04800,"Calle Oriental 10, Unidad Habitacional Alianza Popular Revolucionaria, Coyoacán, Ciudad de México, CP. 04800",19.315457990256167,-99.11435913951148,Validada,Anuario Estadístico 2025,
U_ISSSTE_1084,DFIST000580,093-208-01,Convenio,En Operación,Consultorio Médico en Centro de Trabajo No. 65 SHCP,CMCT No. 65 SHCP,No. 65 SHCP,Consultorio Médico en Centro de Trabajo,CMCT,Primer Nivel,No Aplica,ISSSTE,Ciudad de México,Coyoacán,Ciudad de México Zona Sur,Calzada,de la Virgen,2799,,Colonia,Culhuacán CTM VII,04490,"Calzada de la Virgen 2799, Colonia Culhuacán CTM VII, Coyoacán, Ciudad de México, CP. 04490",19.32344023315416,-99.10766788482442,Validada,Anuario Estadístico 2025,
U_ISSSTE_1085,PENDIENTE,093-208-02,Convenio,En Operación,Consultorio Médico en Centro de Trabajo SICT,CMCT SICT,SICT,Consultorio Médico en Centro de Trabajo,CMCT,Primer Nivel,No Aplica,ISSSTE,Ciudad de México,Coyoacán,Ciudad de México Zona Sur,Avenida,Universidad,1738,,Colonia,Santa Catarina,04010,"Avenida Universidad 1738, Colonia Santa Catarina, Coyoacán, Ciudad de México, CP. 04010",19.3474012831953,-99.18029732192139,Validada,Anuario Estadístico 2025,
U_ISSSTE_1086,DFIST000230,093-209-00,Propia,En Operación,Clínica de Medicina Familiar Tlalpan,CMF Tlalpan,Tlalpan,Clínica de Medicina Familiar,CMF,Primer Nivel,No Aplica,ISSSTE,Ciudad de México,Tlalpan,Ciudad de México Zona Sur,Calle,Benito Juárez,15,,Colonia,Tlalpan Centro I,14000,"Calle Benito Juárez 15, Colonia Tlalpan Centro I, Tlalpan, Ciudad de México, CP. 14000",19.288221812982762,-99.16891664015682,Validada,Anuario Estadístico 2025,
U_ISSSTE_1087,DFIST000225,093-209-01,Propia,En Operación,Consultorio Médico en Centro de Trabajo No. 17 ISSSTE (San Fernando 547),CMCT No. 17 ISSSTE (San Fernando 547),No. 17 ISSSTE (San Fernando 547),Consultorio Médico en Centro de Trabajo,CMCT,Primer Nivel,No Aplica,ISSSTE,Ciudad de México,Tlalpan,Ciudad de México Zona Sur,Avenida,San Fernando,547,,Barrio,San Fernando,14070,"Avenida San Fernando 547, Barrio San Fernando, Tlalpan, Ciudad de México, CP. 14070",19.295473226332977,-99.17935501181309,Validada,Anuario Estadístico 2025,
U_ISSSTE_1088,PENDIENTE,093-209-05,Convenio,En Operación,Consultorio Médico en Centro de Trabajo Centro Cultural Ollin Yoliztli,CMCT Centro Cultural Ollin Yoliztli,Centro Cultural Ollin Yoliztli,Consultorio Médico en Centro de Trabajo,CMCT,Primer Nivel,No Aplica,ISSSTE,Ciudad de México,Tlalpan,Ciudad de México Zona Sur,Anillo,Periférico Sur,5141,,Colonia,Isidro Fabela,14030,"Anillo Periférico Sur 5141, Colonia Isidro Fabela, Tlalpan, Ciudad de México, CP. 14030",19.30295631426181,-99.17859599577537,Validada,Anuario Estadístico 2025,
U_ISSSTE_1089,DFIST000056,093-210-00,Acuerdo de Destino,En Operación,Clínica de Medicina Familiar División del Norte,CMF División del Norte,División del Norte,Clínica de Medicina Familiar,CMF,Primer Nivel,No Aplica,ISSSTE,Ciudad de México,Coyoacán,Ciudad de México Zona Sur,Avenida,División del Norte,3755,,Pueblo,San Pablo Tepetlapa,04620,"Avenida División del Norte 3755, Pueblo San Pablo Tepetlapa, Coyoacán, Ciudad de México, CP. 04620",19.319896635982523,-99.1390251288136,Validada,Anuario Estadístico 2025,
U_ISSSTE_1090,DFIST000295,093-211-00,Propia,En Operación,Clínica de Medicina Familiar Ermita,CMF Ermita,Ermita,Clínica de Medicina Familiar,CMF,Primer Nivel,No Aplica,ISSSTE,Ciudad de México,Benito Juárez,Ciudad de México Zona Sur,Calzada,Ermita Iztapalapa,67,,Colonia,Ermita,03590,"Calzada Ermita Iztapalapa 67, Colonia Ermita, Benito Juárez, Ciudad de México, CP. 03590",19.359484671055117,-99.14035697756685,Validada,Anuario Estadístico 2025,
U_ISSSTE_1091,DFIST000061,093-212-00,Propia,En Operación,Clínica de Medicina Familiar Coyoacán,CMF Coyoacán,Coyoacán,Clínica de Medicina Familiar,CMF,Primer Nivel,No Aplica,ISSSTE,Ciudad de México,Coyoacán,Ciudad de México Zona Sur,Calle,Fernández Leal,11,,Barrio,de la Concepción,04020,"Calle Fernández Leal 11, Barrio de la Concepción, Coyoacán, Ciudad de México, CP. 04020",19.349635029139325,-99.15828689143122,Validada,Anuario Estadístico 2025,
U_ISSSTE_1092,DFIST000756,093-212-01,Convenio,En Operación,Consultorio Médico en Centro de Trabajo No. 27 DIF,CMCT No. 27 DIF,No. 27 DIF,Consultorio Médico en Centro de Trabajo,CMCT,Primer Nivel,No Aplica,ISSSTE,Ciudad de México,Benito Juárez,Ciudad de México Zona Sur,Calle,Xochicalco,1000,,Pueblo,Santa Cruz Atoyac,03310,"Calle Xochicalco 1000, Pueblo Santa Cruz Atoyac, Benito Juárez, Ciudad de México, CP. 03310",19.364354458777004,-99.15943652575228,Validada,Anuario Estadístico 2025,
U_ISSSTE_1093,PENDIENTE,093-212-02,Convenio,En Operación,Consultorio Médico en Centro de Trabajo Transparencia para el Pueblo (antes INAI),CMCT Transparencia para el Pueblo (antes INAI),Transparencia para el Pueblo (antes INAI),Consultorio Médico en Centro de Trabajo,CMCT,Primer Nivel,No Aplica,ISSSTE,Ciudad de México,Coyoacán,Ciudad de México Zona Sur,Avenida,Insurgentes Sur,3211,,Colonia,Insurgentes Cuicuilco,04530,"Avenida Insurgentes Sur 3211, Colonia Insurgentes Cuicuilco, Coyoacán, Ciudad de México, CP. 04530",19.30750492479206,-99.18687364314462,Solicitar Validación,Anuario Estadístico 2025,No aparece en CLUES
U_ISSSTE_1094,DFIST000592,093-212-03,Convenio,En Operación,Consultorio de Atención Familiar UHF. Integración Latinoamericana,CAF UHF. Integración Latinoamericana,UHF. Integración Latinoamericana,Consultorio de Atención Familiar,CAF,Primer Nivel,No Aplica,ISSSTE,Ciudad de México,Coyoacán,Ciudad de México Zona Sur,Avenida,Universidad,2014 (Edificio México Planta Baja),,Colonia,Copilco,04350,"Avenida Universidad 2014 (Edificio México Planta Baja), Colonia Copilco, Coyoacán, Ciudad de México, CP. 04350",19.338937946279902,-99.1816388649264,Validada,Anuario Estadístico 2025,
U_ISSSTE_1095,PENDIENTE,093-212-04,Convenio,En Operación,Consultorio Médico en Centro de Trabajo UNAM,CMCT UNAM,UNAM,Consultorio Médico en Centro de Trabajo,CMCT,Primer Nivel,No Aplica,ISSSTE,Ciudad de México,Coyoacán,Ciudad de México Zona Sur,Circuito,Escolar,101,,Ciudad,Universitaria,04510,"Circuito Escolar 101, Ciudad Universitaria, Coyoacán, Ciudad de México, CP. 04510",19.32964285639551,-99.18752013672314,Solicitar Validación,Anuario Estadístico 2025,No aparece en CLUES
U_ISSSTE_1096,DFIST000254,093-213-00,Propia,En Operación,Clínica de Medicina Familiar Xochimilco,CMF Xochimilco,Xochimilco,Clínica de Medicina Familiar,CMF,Primer Nivel,No Aplica,ISSSTE,Ciudad de México,Xochimilco,Ciudad de México Zona Sur,Calle,Gladiolas,158,,Barrio,San Pedro,16090,"Calle Gladiolas 158, Barrio San Pedro, Xochimilco, Ciudad de México, CP. 16090",19.25691824535847,-99.10834417207705,Validada,Anuario Estadístico 2025,
U_ISSSTE_1097,DFIST000172,093-214-00,Propia,En Operación,Clínica de Medicina Familiar Milpa Alta,CMF Milpa Alta,Milpa Alta,Clínica de Medicina Familiar,CMF,Primer Nivel,No Aplica,ISSSTE,Ciudad de México,Milpa Alta,Ciudad de México Zona Sur,Avenida,Tabasco Oriente,184,,Barrio,Santa Cruz,12000,"Avenida Tabasco Oriente 184, Barrio Santa Cruz, Milpa Alta, Ciudad de México, CP. 12000",19.19374366642257,-99.01665050065934,Validada,Anuario Estadístico 2025,
U_ISSSTE_1098,DFIST000324,093-215-00,Propia,En Operación,Hospital General Dr. Darío Fernández Fierro,HG Dr. Darío Fernández Fierro,Dr. Darío Fernández Fierro,Hospital General,HG,Segundo Nivel,No Aplica,ISSSTE,Ciudad de México,Benito Juárez,Ciudad de México Zona Sur,Avenida,Revolución,1182,,Colonia,San José Insurgentes,03900,"Avenida Revolución 1182, Colonia San José Insurgentes, Benito Juárez, Ciudad de México, CP. 03900",19.36354684633669,-99.18850635151962,Validada,Anuario Estadístico 2025,
U_ISSSTE_1099,DFIST000242,093-217-00,Propia,En Operación,Clínica de Medicina Familiar Fuentes Brotantes,CMF Fuentes Brotantes,Fuentes Brotantes,Clínica de Medicina Familiar,CMF,Primer Nivel,No Aplica,ISSSTE,Ciudad de México,Tlalpan,Ciudad de México Zona Sur,Avenida,Miguel Hidalgo,S/N,,Unidad Habitacional,Fuentes Brotantes,14410,"Avenida Miguel Hidalgo S/N, Unidad Habitacional Fuentes Brotantes, Tlalpan, Ciudad de México, CP. 14410",19.28068952157696,-99.18568436400018,Validada,Anuario Estadístico 2025,
U_ISSSTE_1100,DFIST000213,093-218-00,Propia,En Operación,Clínica de Especialidades Clidda,CE Clidda,Clidda,Clínica de Especialidades,CE,Segundo Nivel,Primer Nivel,ISSSTE,Ciudad de México,Álvaro Obregón,Ciudad de México Zona Sur,Avenida,Universidad,1321,,Colonia,Axotla,01030,"Avenida Universidad 1321, Colonia Axotla, Álvaro Obregón, Ciudad de México, CP. 01030",19.358276192929985,-99.17252373256339,Validada,Anuario Estadístico 2025,
U_ISSSTE_1101,DFIST000184,093-219-00,Propia,En Operación,Clínica de Medicina Familiar Villa Álvaro Obregón,CMF Villa Álvaro Obregón,Villa Álvaro Obregón,Clínica de Medicina Familiar,CMF,Primer Nivel,No Aplica,ISSSTE,Ciudad de México,Álvaro Obregón,Ciudad de México Zona Sur,Avenida,Revolución,1556,,Pueblo,San Ángel,01000,"Avenida Revolución 1556, Pueblo San Ángel, Álvaro Obregón, Ciudad de México, CP. 01000",19.351104557660463,-99.19021770127556,Validada,Anuario Estadístico 2025,
U_ISSSTE_1102,DFIST000662,093-219-01,Convenio,En Operación,Consultorio Médico en Centro de Trabajo SABG,CMCT SABG,SABG,Consultorio Médico en Centro de Trabajo,CMCT,Primer Nivel,No Aplica,ISSSTE,Ciudad de México,Álvaro Obregón,Ciudad de México Zona Sur,Avenida,Insurgentes Centro,1735,,Colonia,Guadalupe Inn,01020,"Avenida Insurgentes Centro 1735, Colonia Guadalupe Inn, Álvaro Obregón, Ciudad de México, CP. 01020",19.360525999926818,-99.18343115404478,Validada,Anuario Estadístico 2025,
U_ISSSTE_1103,PENDIENTE,093-219-03,Convenio,En Operación,Consultorio Médico en Centro de Trabajo CNBV,CMCT CNBV,CNBV,Consultorio Médico en Centro de Trabajo,CMCT,Primer Nivel,No Aplica,ISSSTE,Ciudad de México,Álvaro Obregón,Ciudad de México Zona Sur,Avenida,Insurgentes Sur,1971,,Colonia,Guadalupe Inn,01020,"Avenida Insurgentes Sur 1971, Colonia Guadalupe Inn, Álvaro Obregón, Ciudad de México, CP. 01020",19.351994991692205,-99.18675015889127,Solicitar Validación,Anuario Estadístico 2025,No aparece en CLUES
U_ISSSTE_1104,PENDIENTE,093-219-04,Convenio,En Operación,Consultorio Médico en Centro de Trabajo Subdirección de Personal ISSSTE,CMCT Subdirección de Personal ISSSTE,Subdirección de Personal ISSSTE,Consultorio Médico en Centro de Trabajo,CMCT,Primer Nivel,No Aplica,ISSSTE,Ciudad de México,Álvaro Obregón,Ciudad de México Zona Sur,Avenida,Insurgentes Sur,1958,,Colonia,Florida,01030,"Avenida Insurgentes Sur 1958, Colonia Florida, Álvaro Obregón, Ciudad de México, CP. 01030",19.352191124590586,-99.18571006242239,Solicitar Validación,Anuario Estadístico 2025,No aparece en CLUES
U_ISSSTE_1105,PENDIENTE,093-219-05,Convenio,En Operación,Consultorio Médico en Centro de Trabajo IMSS-BIENESTAR,CMCT IMSS-BIENESTAR,IMSS-BIENESTAR,Consultorio Médico en Centro de Trabajo,CMCT,Primer Nivel,No Aplica,ISSSTE,Ciudad de México,Álvaro Obregón,Ciudad de México Zona Sur,Avenida,Insurgentes Centro,1940,,Colonia,Florida,01030,"Avenida Insurgentes Centro 1940, Colonia Florida, Álvaro Obregón, Ciudad de México, CP. 01030",19.352744919207467,-99.18554085623792,Solicitar Validación,Anuario Estadístico 2025,No aparece en CLUES
U_ISSSTE_1106,DFIST001053,093-220-00,App,En Operación,Hospital General Dra. Matilde Petra Montoya Lafragua,HG Dra. Matilde Petra Montoya Lafragua,Dra. Matilde Petra Montoya Lafragua,Hospital General,HG,Segundo Nivel,No Aplica,ISSSTE,Ciudad de México,Tláhuac,Ciudad de México Zona Sur,Calle,Heberto Castillo,216,,Colonia,Miguel Hidalgo,13273,"Calle Heberto Castillo 216, Colonia Miguel Hidalgo, Tláhuac, Ciudad de México, CP. 13273",19.28040457011115,-99.04955745760925,Validada,Anuario Estadístico 2025,
U_ISSSTE_1107,DFIST000015,094-204-00,Propia,En Operación,Clínica de Medicina Familiar Cuitláhuac,CMF Cuitláhuac,Cuitláhuac,Clínica de Medicina Familiar,CMF,Primer Nivel,No Aplica,ISSSTE,Ciudad de México,Azcapotzalco,Ciudad de México Zona Poniente,Avenida,Cuitláhuac,548,,Colonia,Cuitláhuac,02820,"Avenida Cuitláhuac 548, Colonia Cuitláhuac, Azcapotzalco, Ciudad de México, CP. 02820",19.47172315038205,-99.16585180497715,Validada,Anuario Estadístico 2025,
U_ISSSTE_1108,DFIST000196,094-205-00,En Proceso de Regularización,En Operación,Hospital General Dr. Fernando Quiroz Gutiérrez,HG Dr. Fernando Quiroz Gutiérrez,Dr. Fernando Quiroz Gutiérrez,Hospital General,HG,Segundo Nivel,No Aplica,ISSSTE,Ciudad de México,Álvaro Obregón,Ciudad de México Zona Poniente,Calle,Felipe Ángeles,120,,Colonia,Tolteca,01140,"Calle Felipe Ángeles 120, Colonia Tolteca, Álvaro Obregón, Ciudad de México, CP. 01140",19.394488661652723,-99.19410962381711,Validada,Anuario Estadístico 2025,
U_ISSSTE_1109,DFIST000505,094-206-00,Propia,En Operación,Clínica de Medicina Familiar Marina Nacional,CMF Marina Nacional,Marina Nacional,Clínica de Medicina Familiar,CMF,Primer Nivel,No Aplica,ISSSTE,Ciudad de México,Miguel Hidalgo,Ciudad de México Zona Poniente,Avenida,Marina Nacional,261,,Colonia,Tacuba,11410,"Avenida Marina Nacional 261, Colonia Tacuba, Miguel Hidalgo, Ciudad de México, CP. 11410",19.452317577358777,-99.1860775235027,Validada,Anuario Estadístico 2025,
U_ISSSTE_1110,DFIST000020,094-207-00,Propia,En Operación,Clínica de Medicina Familiar Azcapotzalco,CMF Azcapotzalco,Azcapotzalco,Clínica de Medicina Familiar,CMF,Primer Nivel,No Aplica,ISSSTE,Ciudad de México,Azcapotzalco,Ciudad de México Zona Poniente,Calle,Tlalnepantla,28,,Colonia,Azcapotzalco Centro,02000,"Calle Tlalnepantla 28, Colonia Azcapotzalco Centro, Azcapotzalco, Ciudad de México, CP. 02000",19.482771543888614,-99.18812449864953,Validada,Anuario Estadístico 2025,
U_ISSSTE_1111,DFIST000510,094-208-00,Propia,En Operación,Clínica de Medicina Familiar Legaria,CMF Legaria,Legaria,Clínica de Medicina Familiar,CMF,Primer Nivel,No Aplica,ISSSTE,Ciudad de México,Miguel Hidalgo,Ciudad de México Zona Poniente,Calzada,Legaria,361,,Colonia,México Nuevo,11260,"Calzada Legaria 361, Colonia México Nuevo, Miguel Hidalgo, Ciudad de México, CP. 11260",19.451257776975382,-99.20215362582839,Validada,Anuario Estadístico 2025,
U_ISSSTE_1112,DFIST000534,094-209-00,Propia,En Operación,Hospital General Tacuba,HG Tacuba,Tacuba,Hospital General,HG,Segundo Nivel,No Aplica,ISSSTE,Ciudad de México,Miguel Hidalgo,Ciudad de México Zona Poniente,Calle,Lago Ontario,36,,Colonia,Tacuba,11410,"Calle Lago Ontario 36, Colonia Tacuba, Miguel Hidalgo, Ciudad de México, CP. 11410",19.454290408612135,-99.1909995562437,Validada,Anuario Estadístico 2025,
U_ISSSTE_1113,DFIST000493,094-211-00,Propia,En Operación,Clínica de Especialidades con Quírofano Dr. Alberto Pisanty Ovadia,CEQ Dr. Alberto Pisanty Ovadia,Dr. Alberto Pisanty Ovadia,Clínica de Especialidades con Quírofano,CEQ,Segundo Nivel,No Aplica,ISSSTE,Ciudad de México,Miguel Hidalgo,Ciudad de México Zona Poniente,Calle,Doctora,28,,Colonia,Tacubaya,11870,"Calle Doctora 28, Colonia Tacubaya, Miguel Hidalgo, Ciudad de México, CP. 11870",19.40213970842377,-99.18567374435187,Validada,Anuario Estadístico 2025,
U_ISSSTE_1114,DFIST000522,094-212-00,Propia,En Operación,Clínica de Medicina Familiar Observatorio,CMF Observatorio,Observatorio,Clínica de Medicina Familiar,CMF,Primer Nivel,No Aplica,ISSSTE,Ciudad de México,Miguel Hidalgo,Ciudad de México Zona Poniente,Avenida,Observatorio,222,,Colonia,Daniel Garza,11830,"Avenida Observatorio 222, Colonia Daniel Garza, Miguel Hidalgo, Ciudad de México, CP. 11830",19.403313090400026,-99.19819401062809,Validada,Anuario Estadístico 2025,
U_ISSSTE_1115,DFIST000616,094-212-05,Convenio,En Operación,Consultorio de Atención Familiar Cuajimalpa,CAF Cuajimalpa,Cuajimalpa,Consultorio de Atención Familiar,CAF,Primer Nivel,No Aplica,ISSSTE,Ciudad de México,Cuajimalpa de Morelos,Ciudad de México Zona Poniente,Cerrada,de Juárez,S/N,,Colonia,Cuajimalpa,05000,"Cerrada de Juárez S/N, Colonia Cuajimalpa, Cuajimalpa de Morelos, Ciudad de México, CP. 05000",19.356994719793317,-99.29728984089826,Validada,Anuario Estadístico 2025,
U_ISSSTE_1116,DFIST000300,094-214-00,Propia,En Operación,Clínica de Medicina Familiar Revolución,CMF Revolución,Revolución,Clínica de Medicina Familiar,CMF,Primer Nivel,No Aplica,ISSSTE,Ciudad de México,Benito Juárez,Ciudad de México Zona Poniente,Avenida,Revolución,537,,Colonia,San Pedro de los Pinos,03800,"Avenida Revolución 537, Colonia San Pedro de los Pinos, Benito Juárez, Ciudad de México, CP. 03800",19.389481381770423,-99.18634625257079,Validada,Anuario Estadístico 2025,
U_ISSSTE_1117,DFIST000831,094-214-01,Convenio,En Operación,Consultorio Médico en Centro de Trabajo No. 62 SHCP,CMCT No. 62 SHCP,No. 62 SHCP,Consultorio Médico en Centro de Trabajo,CMCT,Primer Nivel,No Aplica,ISSSTE,Ciudad de México,Álvaro Obregón,Ciudad de México Zona Poniente,Avenida,Constituyentes,1001,,Colonia,Belén de las Flores,01110,"Avenida Constituyentes 1001, Colonia Belén de las Flores, Álvaro Obregón, Ciudad de México, CP. 01110",19.39779001389371,-99.21598157536872,Validada,Anuario Estadístico 2025,
U_ISSSTE_1118,PENDIENTE,094-214-02,Convenio,En Operación,Consultorio Médico en Centro de Trabajo Secretaría de las Mujeres,CMCT Secretaría de las Mujeres,Secretaría de las Mujeres,Consultorio Médico en Centro de Trabajo,CMCT,Primer Nivel,No Aplica,ISSSTE,Ciudad de México,Benito Juárez,Ciudad de México Zona Poniente,Avenida,Barranca del Muerto,209,,Colonia,San José Insurgentes,03900,"Avenida Barranca del Muerto 209, Colonia San José Insurgentes, Benito Juárez, Ciudad de México, CP. 03900",19.36206760814844,-99.1836168680094,Solicitar Validación,Anuario Estadístico 2025,No aparece en CLUES
U_ISSSTE_1119,DFIST000312,096-201-00,Propia,En Operación,Centro Médico Nacional 20 de Noviembre,CMN 20 de Noviembre,20 de Noviembre,Centro Médico Nacional,CMN,Tercer Nivel,No Aplica,ISSSTE,Ciudad de México,Benito Juárez,Ciudad de México Zona Sur,Avenida,Félix Cuevas,540,,Colonia,del Valle Sur,03104,"Avenida Félix Cuevas 540, Colonia del Valle Sur, Benito Juárez, Ciudad de México, CP. 03104",19.3727631106592,-99.1712336143234,Validada,Anuario Estadístico 2025,
U_ISSSTE_1120,DFIST000160,097-201-00,Propia,En Operación,Hospital Regional Gral. Ignacio Zaragoza,HR Gral. Ignacio Zaragoza,Gral. Ignacio Zaragoza,Hospital Regional,HR,Tercer Nivel,Segundo Nivel,ISSSTE,Ciudad de México,Iztapalapa,Ciudad de México Zona Oriente,Calzada,Ignacio Zaragoza,1711,,Colonia,Chinam Pac de Juárez,09208,"Calzada Ignacio Zaragoza 1711, Colonia Chinam Pac de Juárez, Iztapalapa, Ciudad de México, CP. 09208",19.389123328047813,-99.04492970351009,Validada,Anuario Estadístico 2025,
U_ISSSTE_1121,DFIST000201,098-201-00,Propia,En Operación,Hospital Regional Lic. Adolfo López Mateos,HR Lic. Adolfo López Mateos,Lic. Adolfo López Mateos,Hospital Regional,HR,Tercer Nivel,Segundo Nivel,ISSSTE,Ciudad de México,Álvaro Obregón,Ciudad de México Zona Sur,Avenida,Universidad,1321,,Colonia,Florida,01030,"Avenida Universidad 1321, Colonia Florida, Álvaro Obregón, Ciudad de México, CP. 01030",19.358686104732357,-99.17245010351067,Validada,Anuario Estadístico 2025,
